{
    "30 Days": "30 Days",
    "60 Days": "60 Days",
    "90 Days": "90 Days",
    ":amount Total": ":amount Total",
    ":resource Details": ":resource Details",
    ":resource Details: :title": ":resource Details: :title",
    "A fresh verification link has been sent to your email address.": "تم إرسال رابط تحقق جديد إلى عنوان بريدك الإلكتروني.",
    "A new verification link has been sent to the email address you provided during registration.": "تم إرسال رابط تحقق جديد إلى عنوان البريد الإلكتروني الذي قمت بالتسجيل به.",
    "Accept Invitation": "قبول الدعوة",
    "Action": "Action",
    "Action Happened At": "Happened At",
    "Action Initiated By": "Initiated By",
    "Action Name": "Name",
    "Action Status": "Status",
    "Action Target": "Target",
    "Actions": "Actions",
    "Add": "إضافة",
    "Add a new team member to your team, allowing them to collaborate with you.": "أضف عضوًا جديدًا إلى فريقك، مما يتيح لهم التعاون معك.",
    "Add additional security to your account using two factor authentication.": "أضف أمانًا إضافيًا إلى حسابك باستخدام المصادقة الثنائية.",
    "Add row": "Add row",
    "Add Team Member": "إضافة عضو للفريق",
    "Added.": "تمت الإضافة.",
    "Administrator": "المدير",
    "Administrator users can perform any action.": "المدراء بإمكانهم تنفيذ أي إجراء.",
    "Afghanistan": "Afghanistan",
    "Aland Islands": "Åland Islands",
    "Albania": "Albania",
    "Algeria": "Algeria",
    "All of the people that are part of this team.": "جميع الأشخاص الذين هم جزء من هذا الفريق.",
    "All resources loaded.": "All resources loaded.",
    "All rights reserved.": "جميع الحقوق محفوظة.",
    "Already registered?": "لديك حساب مسبقا؟",
    "American Samoa": "American Samoa",
    "An error occured while uploading the file.": "An error occured while uploading the file.",
    "Andorra": "Andorra",
    "Angola": "Angola",
    "Anguilla": "Anguilla",
    "Another user has updated this resource since this page was loaded. Please refresh the page and try again.": "Another user has updated this resource since this page was loaded. Please refresh the page and try again.",
    "Antarctica": "Antarctica",
    "Antigua And Barbuda": "Antigua and Barbuda",
    "API Token": "رمز API",
    "API Token Permissions": "أذونات رمز API",
    "API Tokens": "رموز API",
    "API tokens allow third-party services to authenticate with our application on your behalf.": "تسمح رموز API لخدمات الطرف الثالث بالمصادقة مع تطبيقنا نيابة عنك.",
    "April": "April",
    "Are you sure you want to delete the selected resources?": "Are you sure you want to delete the selected resources?",
    "Are you sure you want to delete this file?": "Are you sure you want to delete this file?",
    "Are you sure you want to delete this resource?": "Are you sure you want to delete this resource?",
    "Are you sure you want to delete this team? Once a team is deleted, all of its resources and data will be permanently deleted.": "هل أنت متأكد أنك تريد حذف هذا الفريق؟ بمجرد حذف الفريق ، سيتم حذف جميع موارده وبياناته نهائيًا.",
    "Are you sure you want to delete your account? Once your account is deleted, all of its resources and data will be permanently deleted. Please enter your password to confirm you would like to permanently delete your account.": "هل ترغب بحذف حسابك بالتأكيد؟ بمجرد حذف حسابك، سيتم حذف جميع البيانات المتعلقة به نهائياً. الرجاء إدخال كلمة المرور الخاصة بك لتأكيد رغبتك في حذف حسابك بشكل دائم.",
    "Are you sure you want to detach the selected resources?": "Are you sure you want to detach the selected resources?",
    "Are you sure you want to detach this resource?": "Are you sure you want to detach this resource?",
    "Are you sure you want to force delete the selected resources?": "Are you sure you want to force delete the selected resources?",
    "Are you sure you want to force delete this resource?": "Are you sure you want to force delete this resource?",
    "Are you sure you want to restore the selected resources?": "Are you sure you want to restore the selected resources?",
    "Are you sure you want to restore this resource?": "Are you sure you want to restore this resource?",
    "Are you sure you want to run this action?": "Are you sure you want to run this action?",
    "Are you sure you would like to delete this API token?": "هل أنت متأكد أنك تريد حذف رمز API المميز؟",
    "Are you sure you would like to leave this team?": "هل أنت متأكد أنك تريد مغادرة هذا الفريق؟",
    "Are you sure you would like to remove this person from the team?": "هل أنت متأكد أنك تريد إزالة هذا الشخص من الفريق؟",
    "Argentina": "Argentina",
    "Armenia": "Armenia",
    "Aruba": "Aruba",
    "Attach": "Attach",
    "Attach & Attach Another": "Attach & Attach Another",
    "Attach :resource": "Attach :resource",
    "August": "August",
    "Australia": "Australia",
    "Austria": "Austria",
    "Azerbaijan": "Azerbaijan",
    "Bahamas": "Bahamas",
    "Bahrain": "Bahrain",
    "Bangladesh": "Bangladesh",
    "Barbados": "Barbados",
    "Before proceeding, please check your email for a verification link.": "قبل المتابعة، يرجى التحقق من بريدك الإلكتروني عن رابط التحقق.",
    "Belarus": "Belarus",
    "Belgium": "Belgium",
    "Belize": "Belize",
    "Benin": "Benin",
    "Bermuda": "Bermuda",
    "Bhutan": "Bhutan",
    "Bolivia": "Bolivia",
    "Bonaire, Sint Eustatius and Saba": "Bonaire, Sint Eustatius and Saba",
    "Bosnia And Herzegovina": "Bosnia and Herzegovina",
    "Botswana": "Botswana",
    "Bouvet Island": "Bouvet Island",
    "Brazil": "Brazil",
    "British Indian Ocean Territory": "British Indian Ocean Territory",
    "Browser Sessions": "جلسات المتصفح",
    "Brunei Darussalam": "Brunei",
    "Bulgaria": "Bulgaria",
    "Burkina Faso": "Burkina Faso",
    "Burundi": "Burundi",
    "Cambodia": "Cambodia",
    "Cameroon": "Cameroon",
    "Canada": "Canada",
    "Cancel": "إلغاء",
    "Cape Verde": "Cape Verde",
    "Card": "البطاقة الإئتمانية",
    "Cayman Islands": "Cayman Islands",
    "Central African Republic": "Central African Republic",
    "Chad": "Chad",
    "Changes": "Changes",
    "Chile": "Chile",
    "China": "China",
    "Choose": "Choose",
    "Choose :field": "Choose :field",
    "Choose :resource": "Choose :resource",
    "Choose an option": "Choose an option",
    "Choose date": "Choose date",
    "Choose File": "Choose File",
    "Choose Type": "Choose Type",
    "Christmas Island": "Christmas Island",
    "click here to request another": "انقر هنا لطلب آخر",
    "Click to choose": "Click to choose",
    "Close": "إغلاق",
    "Cocos (Keeling) Islands": "Cocos (Keeling) Islands",
    "Code": "الرمز",
    "Colombia": "Colombia",
    "Comoros": "Comoros",
    "Confirm": "تأكيد",
    "Confirm Password": "تأكيد كلمة المرور",
    "Confirm Payment": "تأكيد عملية الدفع",
    "Confirm your :amount payment": "قم بتأكيد :amount دفعة\/دفعيات",
    "Congo": "Congo",
    "Congo, Democratic Republic": "Congo, Democratic Republic",
    "Constant": "Constant",
    "Cook Islands": "Cook Islands",
    "Costa Rica": "Costa Rica",
    "Cote D'Ivoire": "Côte d'Ivoire",
    "could not be found.": "could not be found.",
    "Create": "إنشاء",
    "Create & Add Another": "Create & Add Another",
    "Create :resource": "Create :resource",
    "Create a new team to collaborate with others on projects.": "أنشئ فريقًا جديدًا للتعاون مع الآخرين في المشاريع.",
    "Create Account": "إنشاء حساب",
    "Create API Token": "إنشاء رمز API",
    "Create New Team": "إنشاء فريق جديد",
    "Create Team": "إنشاء فريق",
    "Created.": "تم الإنشاء.",
    "Croatia": "Croatia",
    "Cuba": "Cuba",
    "Curaçao": "Curaçao",
    "Current Password": "كلمة المرور الحالية",
    "Customize": "Customize",
    "Cyprus": "Cyprus",
    "Czech Republic": "Czechia",
    "Dashboard": "لوحة التحكم",
    "December": "December",
    "Decrease": "Decrease",
    "Delete": "حذف",
    "Delete Account": "حذف الحساب",
    "Delete API Token": "حذف رمز API",
    "Delete File": "Delete File",
    "Delete Resource": "Delete Resource",
    "Delete Selected": "Delete Selected",
    "Delete Team": "حذف الفريق",
    "Denmark": "Denmark",
    "Detach": "Detach",
    "Detach Resource": "Detach Resource",
    "Detach Selected": "Detach Selected",
    "Details": "Details",
    "Disable": "تعطيل",
    "Djibouti": "Djibouti",
    "Do you really want to leave? You have unsaved changes.": "Do you really want to leave? You have unsaved changes.",
    "Dominica": "Dominica",
    "Dominican Republic": "Dominican Republic",
    "Done.": "تم.",
    "Download": "Download",
    "E-Mail Address": "البريد الالكتروني",
    "Ecuador": "Ecuador",
    "Edit": "Edit",
    "Edit :resource": "Edit :resource",
    "Edit Attached": "Edit Attached",
    "Editor": "المحرر",
    "Editor users have the ability to read, create, and update.": "المحررون لديهم القدرة على القراءة والإنشاء والتحديث.",
    "Egypt": "Egypt",
    "El Salvador": "El Salvador",
    "Email": "البريد الإلكتروني",
    "Email Address": "Email Address",
    "Email Password Reset Link": "رابط إعادة تعيين كلمة مرور عبر البريد الإلكتروني",
    "Enable": "تفعيل",
    "Ensure your account is using a long, random password to stay secure.": "تأكد من أن حسابك يستخدم كلمة مرور طويلة وعشوائية للبقاء آمنًا.",
    "Equatorial Guinea": "Equatorial Guinea",
    "Eritrea": "Eritrea",
    "Estonia": "Estonia",
    "Ethiopia": "Ethiopia",
    "Extra confirmation is needed to process your payment. Please confirm your payment by filling out your payment details below.": "هناك حاجة إلى تأكيد إضافي لإكمال عملية الدفع الخاصة بك. يرجى تأكيد الدفع الخاص بك عن طريق ملء تفاصيل الدفع الخاصة بك أدناه.",
    "Extra confirmation is needed to process your payment. Please continue to the payment page by clicking on the button below.": "هناك حاجة إلى تأكيد إضافي لمعالجة عملية الدفع الخاصة بك. الرجاء المتابعة إلى صفحة الدفع بالضغط على الزر أدناه.",
    "Falkland Islands (Malvinas)": "Falkland Islands (Malvinas)",
    "Faroe Islands": "Faroe Islands",
    "February": "February",
    "Fiji": "Fiji",
    "Finland": "Finland",
    "For your security, please confirm your password to continue.": "لحمايتك، يرجى تأكيد كلمة المرور الخاصة بك للمتابعة.",
    "Forbidden": "محظور",
    "Force Delete": "Force Delete",
    "Force Delete Resource": "Force Delete Resource",
    "Force Delete Selected": "Force Delete Selected",
    "Forgot Your Password?": "نسيت كلمة المرور؟",
    "Forgot your password?": "نسيت كلمة المرور؟",
    "Forgot your password? No problem. Just let us know your email address and we will email you a password reset link that will allow you to choose a new one.": "نسيت كلمة المرور؟ لا توجد مشكلة. ما عليك سوى إخبارنا بعنوان بريدك الإلكتروني وسنرسل لك عبره رابط إعادة تعيين كلمة المرور الذي سيسمح لك باختيار عنوان جديد.",
    "France": "France",
    "French Guiana": "French Guiana",
    "French Polynesia": "French Polynesia",
    "French Southern Territories": "French Southern Territories",
    "Full name": "الإسم بالكامل",
    "Gabon": "Gabon",
    "Gambia": "Gambia",
    "Georgia": "Georgia",
    "Germany": "Germany",
    "Ghana": "Ghana",
    "Gibraltar": "Gibraltar",
    "Go back": "عودة",
    "Go Home": "الرئيسية",
    "Go to page :page": "الإنتقال إلى الصفحة :page",
    "Great! You have accepted the invitation to join the :team team.": "رائع! لقد قبلت الدعوة للإنضمام إلى فريق :team.",
    "Greece": "Greece",
    "Greenland": "Greenland",
    "Grenada": "Grenada",
    "Guadeloupe": "Guadeloupe",
    "Guam": "Guam",
    "Guatemala": "Guatemala",
    "Guernsey": "Guernsey",
    "Guinea": "Guinea",
    "Guinea-Bissau": "Guinea-Bissau",
    "Guyana": "Guyana",
    "Haiti": "Haiti",
    "Heard Island & Mcdonald Islands": "Heard Island and McDonald Islands",
    "Hello!": "أهلاً بك!",
    "Hide Content": "Hide Content",
    "Hold Up!": "Hold Up!",
    "Holy See (Vatican City State)": "Vatican City",
    "Honduras": "Honduras",
    "Hong Kong": "Hong Kong",
    "Hungary": "Hungary",
    "I agree to the :terms_of_service and :privacy_policy": "أوافق على :terms_of_service و :privacy_policy",
    "Iceland": "Iceland",
    "ID": "ID",
    "If necessary, you may log out of all of your other browser sessions across all of your devices. Some of your recent sessions are listed below; however, this list may not be exhaustive. If you feel your account has been compromised, you should also update your password.": "إذا لزم الأمر، يمكنك تسجيل الخروج من جميع جلسات المتصفح الأخرى عبر جميع أجهزتك. بعض جلساتك الأخيرة مذكورة أدناه؛ ومع ذلك، قد لا تكون هذه القائمة شاملة. إذا شعرت أنه تم اختراق حسابك، فيجب عليك أيضًا تحديث كلمة المرور الخاصة بك.",
    "If necessary, you may logout of all of your other browser sessions across all of your devices. Some of your recent sessions are listed below; however, this list may not be exhaustive. If you feel your account has been compromised, you should also update your password.": "إذا لزم الأمر، يمكنك تسجيل الخروج من جميع جلسات المتصفحات الأخرى عبر جميع أجهزتك. بعض جلساتك الأخيرة مذكورة أدناه؛ ومع ذلك، قد لا تكون هذه القائمة شاملة. إذا شعرت أنه تم اختراق حسابك، فيجب عليك أيضًا تحديث كلمة المرور الخاصة بك.",
    "If you already have an account, you may accept this invitation by clicking the button below:": "إذا كان لديك حساب بالفعل، فيمكنك قبول هذه الدعوة بالضغط على الزر أدناه:",
    "If you did not create an account, no further action is required.": "إذا لم تقم بإنشاء حساب ، فلا يلزم اتخاذ أي إجراء آخر.",
    "If you did not expect to receive an invitation to this team, you may discard this email.": "إذا لم تتوقع تلقي دعوة إلى هذا الفريق، فيمكنك تجاهل هذا البريد الإليكتروني.",
    "If you did not receive the email": "إذا لم تستلم البريد الإلكتروني",
    "If you did not request a password reset, no further action is required.": "إذا لم تقم بطلب استعادة كلمة المرور، لا تحتاج القيام بأي إجراء.",
    "If you do not have an account, you may create one by clicking the button below. After creating an account, you may click the invitation acceptance button in this email to accept the team invitation:": "إذا لم يكن لديك حساب، يمكنك إنشاء حساب بالضغط على الزر أدناه. بعد إنشاء حساب، يمكنك الضغط على زر قبول الدعوة في هذا البريد الإليكتروني لقبول دعوة الفريق:",
    "If you’re having trouble clicking the \":actionText\" button, copy and paste the URL below\ninto your web browser:": "إذا كنت تواجه مشكلة في النقر على الزر \":actionText \"، يمكنك نسخ عنوان URL أدناه\n وألصقه في متصفح الويب:",
    "Increase": "Increase",
    "India": "India",
    "Indonesia": "Indonesia",
    "Invalid signature.": "التوقيع غير سليم.",
    "Iran, Islamic Republic Of": "Iran",
    "Iraq": "Iraq",
    "Ireland": "Ireland",
    "Isle Of Man": "Isle of Man",
    "Israel": "Israel",
    "Italy": "Italy",
    "Jamaica": "Jamaica",
    "January": "January",
    "Japan": "Japan",
    "Jersey": "Jersey",
    "Jordan": "Jordan",
    "July": "July",
    "June": "June",
    "Kazakhstan": "Kazakhstan",
    "Kenya": "Kenya",
    "Key": "Key",
    "Kiribati": "Kiribati",
    "Korea": "South Korea",
    "Korea, Democratic People's Republic of": "North Korea",
    "Kosovo": "Kosovo",
    "Kuwait": "Kuwait",
    "Kyrgyzstan": "Kyrgyzstan",
    "Lao People's Democratic Republic": "Laos",
    "Last active": "آخر نشاط",
    "Last used": "آخر استخدام",
    "Latvia": "Latvia",
    "Leave": "مغادرة",
    "Leave Team": "مغادرة الفريق",
    "Lebanon": "Lebanon",
    "Lens": "Lens",
    "Lesotho": "Lesotho",
    "Liberia": "Liberia",
    "Libyan Arab Jamahiriya": "Libya",
    "Liechtenstein": "Liechtenstein",
    "Lithuania": "Lithuania",
    "Load :perPage More": "Load :perPage More",
    "Log in": "تسجيل الدخول",
    "Log out": "تسجيل الخروج",
    "Log Out": "تسجيل الخروج",
    "Log Out Other Browser Sessions": "تسجيل الخروج من جلساتك على المتصفحات الأخرى",
    "Login": "تسجيل الدخول",
    "Logout": "تسجيل الخروج",
    "Logout Other Browser Sessions": "تسجيل الخروج من حسابي على المتصفحات الأخرى",
    "Luxembourg": "Luxembourg",
    "Macao": "Macao",
    "Macedonia": "North Macedonia",
    "Madagascar": "Madagascar",
    "Malawi": "Malawi",
    "Malaysia": "Malaysia",
    "Maldives": "Maldives",
    "Mali": "Mali",
    "Malta": "Malta",
    "Manage Account": "إدارة الحساب",
    "Manage and log out your active sessions on other browsers and devices.": "إدارة جلساتك النشطة والخروج منها على المتصفحات والأجهزة الأخرى.",
    "Manage and logout your active sessions on other browsers and devices.": "إدارة جلساتك النشطة وتسجيل الخروج منها على المتصفحات والأجهزة الأخرى.",
    "Manage API Tokens": "إدارة رموز API",
    "Manage Role": "إدارة الصلاحيات",
    "Manage Team": "إدارة الفريق",
    "March": "March",
    "Marshall Islands": "Marshall Islands",
    "Martinique": "Martinique",
    "Mauritania": "Mauritania",
    "Mauritius": "Mauritius",
    "May": "May",
    "Mayotte": "Mayotte",
    "Mexico": "Mexico",
    "Micronesia, Federated States Of": "Micronesia",
    "Moldova": "Moldova",
    "Monaco": "Monaco",
    "Mongolia": "Mongolia",
    "Montenegro": "Montenegro",
    "Month To Date": "Month To Date",
    "Montserrat": "Montserrat",
    "Morocco": "Morocco",
    "Mozambique": "Mozambique",
    "Myanmar": "Myanmar",
    "Name": "الاسم",
    "Namibia": "Namibia",
    "Nauru": "Nauru",
    "Nepal": "Nepal",
    "Netherlands": "Netherlands",
    "Nevermind": "إلغاء",
    "New": "New",
    "New :resource": "New :resource",
    "New Caledonia": "New Caledonia",
    "New Password": "كلمة مرور جديدة",
    "New Zealand": "New Zealand",
    "Next": "Next",
    "Nicaragua": "Nicaragua",
    "Niger": "Niger",
    "Nigeria": "Nigeria",
    "Niue": "Niue",
    "No": "No",
    "No :resource matched the given criteria.": "No :resource matched the given criteria.",
    "No additional information...": "No additional information...",
    "No Current Data": "No Current Data",
    "No Data": "No Data",
    "no file selected": "no file selected",
    "No Increase": "No Increase",
    "No Prior Data": "No Prior Data",
    "No Results Found.": "No Results Found.",
    "Norfolk Island": "Norfolk Island",
    "Northern Mariana Islands": "Northern Mariana Islands",
    "Norway": "Norway",
    "Not Found": "غير متوفر",
    "Nova User": "Nova User",
    "November": "November",
    "October": "October",
    "of": "من",
    "Oh no": "انتبه",
    "Oman": "Oman",
    "Once a team is deleted, all of its resources and data will be permanently deleted. Before deleting this team, please download any data or information regarding this team that you wish to retain.": "بمجرد حذف الفريق، سيتم حذف جميع موارده وبياناته نهائيًا. قبل حذف هذا الفريق ، يرجى تنزيل أي بيانات أو معلومات بخصوص هذا الفريق ترغب في الاحتفاظ بها.",
    "Once your account is deleted, all of its resources and data will be permanently deleted. Before deleting your account, please download any data or information that you wish to retain.": "بمجرد حذف حسابك، سيتم حذف جميع موارده وبياناته نهائياً. قبل حذف حسابك، يرجى تنزيل أي بيانات أو معلومات ترغب في الاحتفاظ بها.",
    "Only Trashed": "Only Trashed",
    "Original": "Original",
    "Page Expired": "الصفحة منتهية الصلاحية",
    "Pagination Navigation": "التنقل بين الصفحات",
    "Pakistan": "Pakistan",
    "Palau": "Palau",
    "Palestinian Territory, Occupied": "Palestinian Territories",
    "Panama": "Panama",
    "Papua New Guinea": "Papua New Guinea",
    "Paraguay": "Paraguay",
    "Password": "كلمة المرور",
    "Pay :amount": "ادفع :amount",
    "Payment Cancelled": "تم إلغاء عملية الدفع",
    "Payment Confirmation": "تأكيد عملية الدفع",
    "Payment Successful": "تم الدفع بنجاح",
    "Pending Team Invitations": "دعوات معلقة للإنضمام لفريق",
    "Per Page": "Per Page",
    "Permanently delete this team.": "احذف هذا الفريق بشكل دائم.",
    "Permanently delete your account.": "احذف حسابك بشكل دائم.",
    "Permissions": "الأذونات",
    "Peru": "Peru",
    "Philippines": "Philippines",
    "Photo": "صورة",
    "Pitcairn": "Pitcairn Islands",
    "Please click the button below to verify your email address.": "يرجى النقر على الزر أدناه للتحقق من عنوان بريدك الإلكتروني.",
    "Please confirm access to your account by entering one of your emergency recovery codes.": "يرجى تأكيد الوصول إلى حسابك عن طريق إدخال أحد رموز الاسترداد المخصصة لحالات الطوارئ.",
    "Please confirm access to your account by entering the authentication code provided by your authenticator application.": "يرجى تأكيد الوصول إلى حسابك عن طريق إدخال رمز المصادقة المقدم من تطبيق المصادقة الخاص بك.",
    "Please confirm your password before continuing.": "يرجى تأكيد كلمة مرورك قبل المتابعة.",
    "Please copy your new API token. For your security, it won't be shown again.": "يرجى نسخ رمز API الجديد الخاص بك. من أجل أمانك، لن يتم عرضه مرة أخرى.",
    "Please enter your password to confirm you would like to log out of your other browser sessions across all of your devices.": "الرجاء إدخال كلمة المرور الخاصة بك لتأكيد رغبتك في تسجيل الخروج من جلسات المتصفح الأخرى عبر جميع أجهزتك.",
    "Please enter your password to confirm you would like to logout of your other browser sessions across all of your devices.": "الرجاء إدخال كلمة المرور الخاصة بك لتأكيد رغبتك في تسجيل الخروج من جلسات المتصفح الأخرى عبر جميع أجهزتك.",
    "Please provide the email address of the person you would like to add to this team.": "يرجى كتابة عنوان البريد الإليكتروني للشخص الذي ترغب بإضافته إلى هذا الفريق.",
    "Please provide the email address of the person you would like to add to this team. The email address must be associated with an existing account.": "يرجى كتابة عنوان البريد الإلكتروني للشخص الذي ترغب في إضافته إلى هذا الفريق. يجب أن يكون عنوان البريد الإلكتروني مرتبطًا بحساب موجود.",
    "Please provide your name.": "يرجى تزويدنا بإسمك.",
    "Poland": "Poland",
    "Portugal": "Portugal",
    "Press \/ to search": "Press \/ to search",
    "Preview": "Preview",
    "Previous": "Previous",
    "Privacy Policy": "سياسة الخصوصية",
    "Profile": "الملف الشخصي",
    "Profile Information": "معلومات الملف الشخصي",
    "Puerto Rico": "Puerto Rico",
    "Qatar": "Qatar",
    "Quarter To Date": "Quarter To Date",
    "Recovery Code": "رمز الاسترداد",
    "Regards": "مع التحية",
    "Regenerate Recovery Codes": "إعادة إنشاء رموز الاسترداد",
    "Register": "تسجيل",
    "Reload": "Reload",
    "Remember me": "تذكرني",
    "Remember Me": "تذكرني",
    "Remove": "حذف",
    "Remove Photo": "حذف الصورة",
    "Remove Team Member": "حذف عضو الفريق",
    "Resend Verification Email": "إعادة ارسال بريد التحقق",
    "Reset Filters": "Reset Filters",
    "Reset Password": "استعادة كلمة المرور",
    "Reset Password Notification": "تنبيه استعادة كلمة المرور",
    "resource": "resource",
    "Resources": "Resources",
    "resources": "resources",
    "Restore": "Restore",
    "Restore Resource": "Restore Resource",
    "Restore Selected": "Restore Selected",
    "results": "نتيجة",
    "Reunion": "Réunion",
    "Role": "صلاحية",
    "Romania": "Romania",
    "Run Action": "Run Action",
    "Russian Federation": "Russian Federation",
    "Rwanda": "Rwanda",
    "Saint Barthelemy": "St. Barthélemy",
    "Saint Helena": "St. Helena",
    "Saint Kitts And Nevis": "St. Kitts and Nevis",
    "Saint Lucia": "St. Lucia",
    "Saint Martin": "St. Martin",
    "Saint Pierre And Miquelon": "St. Pierre and Miquelon",
    "Saint Vincent And Grenadines": "St. Vincent and Grenadines",
    "Samoa": "Samoa",
    "San Marino": "San Marino",
    "Sao Tome And Principe": "São Tomé and Príncipe",
    "Saudi Arabia": "Saudi Arabia",
    "Save": "حفظ",
    "Saved.": "تم الحفظ.",
    "Search": "Search",
    "Select A New Photo": "اختيار صورة جديدة",
    "Select Action": "Select Action",
    "Select All": "Select All",
    "Select All Matching": "Select All Matching",
    "Send Password Reset Link": "أرسل رابط استعادة كلمة المرور",
    "Senegal": "Senegal",
    "September": "September",
    "Serbia": "Serbia",
    "Server Error": "خطأ في الإستضافة",
    "Service Unavailable": "الخدمة غير متوفرة",
    "Seychelles": "Seychelles",
    "Show All Fields": "Show All Fields",
    "Show Content": "Show Content",
    "Show Recovery Codes": "إظهار رموز الاسترداد",
    "Showing": "عرض",
    "Sierra Leone": "Sierra Leone",
    "Singapore": "Singapore",
    "Sint Maarten (Dutch part)": "Sint Maarten",
    "Slovakia": "Slovakia",
    "Slovenia": "Slovenia",
    "Solomon Islands": "Solomon Islands",
    "Somalia": "Somalia",
    "Something went wrong.": "Something went wrong.",
    "Sorry! You are not authorized to perform this action.": "Sorry! You are not authorized to perform this action.",
    "Sorry, your session has expired.": "Sorry, your session has expired.",
    "South Africa": "South Africa",
    "South Georgia And Sandwich Isl.": "South Georgia and South Sandwich Islands",
    "South Sudan": "South Sudan",
    "Spain": "Spain",
    "Sri Lanka": "Sri Lanka",
    "Start Polling": "Start Polling",
    "Stop Polling": "Stop Polling",
    "Store these recovery codes in a secure password manager. They can be used to recover access to your account if your two factor authentication device is lost.": "قم بالاحتفاظ برموز الاسترداد هذه في مكان آمن. يمكن استخدامها لاستعادة الوصول إلى حسابك في حالة فقدان جهاز المصادقة الثنائية الخاص بك.",
    "Sudan": "Sudan",
    "Suriname": "Suriname",
    "Svalbard And Jan Mayen": "Svalbard and Jan Mayen",
    "Swaziland": "Eswatini",
    "Sweden": "Sweden",
    "Switch Teams": "تبديل الفرق",
    "Switzerland": "Switzerland",
    "Syrian Arab Republic": "Syria",
    "Taiwan": "Taiwan",
    "Tajikistan": "Tajikistan",
    "Tanzania": "Tanzania",
    "Team Details": "تفاصيل الفريق",
    "Team Invitation": "دعوة الفريق",
    "Team Members": "أعضاء الفريق",
    "Team Name": "اسم الفريق",
    "Team Owner": "مالك الفريق",
    "Team Settings": "إعدادات الفريق",
    "Terms of Service": "شروط الاستخدام",
    "Thailand": "Thailand",
    "Thanks for signing up! Before getting started, could you verify your email address by clicking on the link we just emailed to you? If you didn't receive the email, we will gladly send you another.": "شكرا لتسجيلك! قبل البدء ، هل يمكنك التحقق من عنوان بريدك الإلكتروني من خلال النقر على الرابط الذي أرسلناه إليك عبر البريد الإلكتروني للتو؟ إذا لم تتلق البريد الإلكتروني ، فسنرسل لك رسالة أخرى بكل سرور.",
    "The :attribute must be a valid role.": ":attribute يجب أن تكون صلاحية فاعلة.",
    "The :attribute must be at least :length characters and contain at least one number.": ":attribute يجب أن يتألف على الأقل من :length خانة وأن تحتوي على رقم واحد على الأقل.",
    "The :attribute must be at least :length characters and contain at least one special character and one number.": ":attribute يجب أن يتألف على الأقل من :length خانة وأن يحتوي على الأقل على حرف خاص ورقم.",
    "The :attribute must be at least :length characters and contain at least one special character.": ":attribute يجب أن يتألف على الأقل من :length خانة وأن يحتوي على حرف خاص واحد على الأقل.",
    "The :attribute must be at least :length characters and contain at least one uppercase character and one number.": ":attribute يجب أن يتألف على الأقل من :length خانة وأن يحتوي على حرف كبير واحد ورقم واحد على الأقل.",
    "The :attribute must be at least :length characters and contain at least one uppercase character and one special character.": ":attribute يجب أن يتألف على الأقل من :length خانة وأن يحتوي على حرف كبير واحد وحرف خاص واحد على الأقل.",
    "The :attribute must be at least :length characters and contain at least one uppercase character, one number, and one special character.": ":attribute يجب أن يتألف على الأقل من :length خانة وأن يحتوي على حرف كبير واحد، رقم واحد، وحرف خاص واحد على الأقل.",
    "The :attribute must be at least :length characters and contain at least one uppercase character.": ":attribute يجب أن يتألف على الأقل من :length خانة وأن يحتوي على حرف كبير واحد على الأقل.",
    "The :attribute must be at least :length characters.": ":attribute يجب أن يتألف على الأقل من :length خانة.",
    "The :resource was created!": "The :resource was created!",
    "The :resource was deleted!": "The :resource was deleted!",
    "The :resource was restored!": "The :resource was restored!",
    "The :resource was updated!": "The :resource was updated!",
    "The action ran successfully!": "The action ran successfully!",
    "The file was deleted!": "The file was deleted!",
    "The government won't let us show you what's behind these doors": "The government won't let us show you what's behind these doors",
    "The HasOne relationship has already been filled.": "The HasOne relationship has already been filled.",
    "The payment was successful.": "تمت عملية الدفع بنجاح.",
    "The provided password does not match your current password.": "كلمة المرور التي قمت بإدخالها لا تطابق كلمة المرور الحالية.",
    "The provided password was incorrect.": "كلمة المرور التي قمت بإدخالها غير صحيحة.",
    "The provided two factor authentication code was invalid.": "كود المصادقة الثنائية الذي قمت بإدخاله غير صحيح.",
    "The resource was updated!": "The resource was updated!",
    "The team's name and owner information.": "اسم الفريق ومعلومات المالك.",
    "There are no available options for this resource.": "There are no available options for this resource.",
    "There was a problem executing the action.": "There was a problem executing the action.",
    "There was a problem submitting the form.": "There was a problem submitting the form.",
    "These people have been invited to your team and have been sent an invitation email. They may join the team by accepting the email invitation.": "تمت دعوة هؤلاء الأشخاص إلى فريقك وتم إرسال دعوة عبر البريد الإليكتروني إليهم. يمكنهم الإنضمام إلى الفريق عن طريق قبول دعوة البريد الإليكتروني.",
    "This action is unauthorized.": "عملية غير مصرّح بها.",
    "This device": "هذا الجهاز",
    "This file field is read-only.": "This file field is read-only.",
    "This image": "This image",
    "This is a secure area of the application. Please confirm your password before continuing.": "هذه منطقة آمنة للتطبيق. يرجى تأكيد كلمة المرور الخاصة بك قبل المتابعة.",
    "This password does not match our records.": "كلمة المرور لا تتطابق مع سجلاتنا.",
    "This password reset link will expire in :count minutes.": "ستنتهي صلاحية رابط استعادة كلمة المرور خلال :count دقيقة.",
    "This payment was already successfully confirmed.": "تم تأكيد عملية الدفع هذه بنجاح مسبقا.",
    "This payment was cancelled.": "تم إلغاء عملية الدفع هذه.",
    "This resource no longer exists": "This resource no longer exists",
    "This user already belongs to the team.": "هذا المستخدم ينتمي بالفعل إلى الفريق.",
    "This user has already been invited to the team.": "تمت دعوة هذا المستخدم بالفعل إلى الفريق.",
    "Timor-Leste": "Timor-Leste",
    "to": "إلى",
    "Today": "Today",
    "Toggle navigation": "إظهار\/إخفاء القائمة",
    "Togo": "Togo",
    "Tokelau": "Tokelau",
    "Token Name": "اسم الرمز",
    "Tonga": "Tonga",
    "Too Many Attempts.": "عدد كبير من المحاولات.",
    "Too Many Requests": "طلبات كثيرة جدًا",
    "total": "total",
    "Trashed": "Trashed",
    "Trinidad And Tobago": "Trinidad and Tobago",
    "Tunisia": "Tunisia",
    "Turkey": "Turkey",
    "Turkmenistan": "Turkmenistan",
    "Turks And Caicos Islands": "Turks and Caicos Islands",
    "Tuvalu": "Tuvalu",
    "Two Factor Authentication": "المصادقة الثنائية",
    "Two factor authentication is now enabled. Scan the following QR code using your phone's authenticator application.": "تم تمكين المصادقة الثنائية الآن. امسح رمز الاستجابة السريعة التالي ضوئيًا باستخدام تطبيق المصادقة على هاتفك.",
    "Uganda": "Uganda",
    "Ukraine": "Ukraine",
    "Unauthorized": "غير مصرّح",
    "United Arab Emirates": "United Arab Emirates",
    "United Kingdom": "United Kingdom",
    "United States": "United States",
    "United States Outlying Islands": "U.S. Outlying Islands",
    "Update": "Update",
    "Update & Continue Editing": "Update & Continue Editing",
    "Update :resource": "Update :resource",
    "Update :resource: :title": "Update :resource: :title",
    "Update attached :resource: :title": "Update attached :resource: :title",
    "Update Password": "تحديث كلمة المرور",
    "Update your account's profile information and email address.": "قم بتحديث معلومات ملفك الشخصي وبريدك الإلكتروني.",
    "Uruguay": "Uruguay",
    "Use a recovery code": "استخدم رمز الاسترداد",
    "Use an authentication code": "استخدم رمز المصادقة",
    "Uzbekistan": "Uzbekistan",
    "Value": "Value",
    "Vanuatu": "Vanuatu",
    "Venezuela": "Venezuela",
    "Verify Email Address": "التحقق من عنوان البريد الإلكتروني",
    "Verify Your Email Address": "تحقق من عنوان البريد الإلكتروني الخاص بك",
    "Viet Nam": "Vietnam",
    "View": "View",
    "Virgin Islands, British": "British Virgin Islands",
    "Virgin Islands, U.S.": "U.S. Virgin Islands",
    "Wallis And Futuna": "Wallis and Futuna",
    "We were unable to find a registered user with this email address.": "لم نتمكن من العثور على مستخدم مسجل بهذا البريد الإلكتروني.",
    "We won't ask for your password again for a few hours.": "لن نطلب كلمة المرور مرة أخرى لبضع ساعات.",
    "We're lost in space. The page you were trying to view does not exist.": "We're lost in space. The page you were trying to view does not exist.",
    "Welcome Back!": "Welcome Back!",
    "Western Sahara": "Western Sahara",
    "When two factor authentication is enabled, you will be prompted for a secure, random token during authentication. You may retrieve this token from your phone's Google Authenticator application.": "عند تمكين المصادقة الثنائية، ستتم مطالبتك برمز آمن وعشوائي أثناء المصادقة. يمكنك الحصول على هذا الرمز من تطبيق Google Authenticator بهاتفك.",
    "Whoops": "Whoops",
    "Whoops!": "عذراً!",
    "Whoops! Something went wrong.": "عذرًا! هناك خطأ ما.",
    "With Trashed": "With Trashed",
    "Write": "Write",
    "Year To Date": "Year To Date",
    "Yemen": "Yemen",
    "Yes": "Yes",
    "You are logged in!": "لقد قمت بتسجيل الدخول!",
    "You are receiving this email because we received a password reset request for your account.": "لقد استلمت هذا الإيميل لأننا استقبلنا طلباً لاستعادة كلمة مرور حسابك.",
    "You have been invited to join the :team team!": "لقد تمت دعوتك للإنضمام إلى فريق :team!",
    "You have enabled two factor authentication.": "لقد قمت بتمكين المصادقة الثنائية.",
    "You have not enabled two factor authentication.": "لم تقم بتمكين المصادقة الثنائية.",
    "You may delete any of your existing tokens if they are no longer needed.": "يمكنك حذف أي من الرموز المميزة الموجودة لديك إذا لم تعد هناك حاجة إليها.",
    "You may not delete your personal team.": "لا يمكنك حذف فريقك الشخصي.",
    "You may not leave a team that you created.": "لا يمكنك مغادرة الفريق الذي أنشأته.",
    "Your email address is not verified.": "بريدك الإلكتروني غير موثّق.",
    "Zambia": "Zambia",
    "Zimbabwe": "Zimbabwe"
}
