{
    "30 Days": "30 Days",
    "60 Days": "60 Days",
    "90 Days": "90 Days",
    ":amount Total": ":amount Total",
    ":resource Details": ":resource Details",
    ":resource Details: :title": ":resource Details: :title",
    "A fresh verification link has been sent to your email address.": "Ein neuer Bestätigungslink wurde verschickt.",
    "A new verification link has been sent to the email address you provided during registration.": "Ein neuer Bestätigungslink wurde an die E-Mail-Adresse gesendet, die Sie bei der Registrierung angegeben haben.",
    "Accept Invitation": "Einladung annehmen",
    "Action": "Action",
    "Action Happened At": "Happened At",
    "Action Initiated By": "Initiated By",
    "Action Name": "Name",
    "Action Status": "Status",
    "Action Target": "Target",
    "Actions": "Actions",
    "Add": "Hinzufügen",
    "Add a new team member to your team, allowing them to collaborate with you.": "Fügen Sie ein neues Teammitglied zu Ihrem Team hinzu und erlauben Sie ihm mit Ihnen zusammenzuarbeiten.",
    "Add additional security to your account using two factor authentication.": "Fügen Sie Ihrem Konto zusätzliche Sicherheit hinzu, indem Sie die Zwei-Faktor-Authentifizierung verwenden.",
    "Add row": "Add row",
    "Add Team Member": "Teammitglied hinzufügen",
    "Added.": "Hinzugefügt.",
    "Administrator": "Administrator",
    "Administrator users can perform any action.": "Administratoren können jede Aktion durchführen.",
    "Afghanistan": "Afghanistan",
    "Aland Islands": "Åland Islands",
    "Albania": "Albania",
    "Algeria": "Algeria",
    "All of the people that are part of this team.": "Alle Personen, die Teil dieses Teams sind.",
    "All resources loaded.": "All resources loaded.",
    "All rights reserved.": "Alle Rechte vorbehalten.",
    "Already registered?": "Bereits registriert?",
    "American Samoa": "American Samoa",
    "An error occured while uploading the file.": "An error occured while uploading the file.",
    "Andorra": "Andorra",
    "Angola": "Angola",
    "Anguilla": "Anguilla",
    "Another user has updated this resource since this page was loaded. Please refresh the page and try again.": "Another user has updated this resource since this page was loaded. Please refresh the page and try again.",
    "Antarctica": "Antarctica",
    "Antigua And Barbuda": "Antigua and Barbuda",
    "API Token": "API-Token",
    "API Token Permissions": "API-Token-Berechtigungen",
    "API Tokens": "API-Token",
    "API tokens allow third-party services to authenticate with our application on your behalf.": "Mit API-Token können sich Dienste von Drittanbietern in Ihrem Namen bei unserer Anwendung authentifizieren.",
    "April": "April",
    "Are you sure you want to delete the selected resources?": "Are you sure you want to delete the selected resources?",
    "Are you sure you want to delete this file?": "Are you sure you want to delete this file?",
    "Are you sure you want to delete this resource?": "Are you sure you want to delete this resource?",
    "Are you sure you want to delete this team? Once a team is deleted, all of its resources and data will be permanently deleted.": "Möchten Sie dieses Team wirklich löschen? Sobald ein Team gelöscht wird, werden alle Ressourcen und Daten dauerhaft gelöscht.",
    "Are you sure you want to delete your account? Once your account is deleted, all of its resources and data will be permanently deleted. Please enter your password to confirm you would like to permanently delete your account.": "Möchten Sie Ihr Konto wirklich löschen? Sobald Ihr Konto gelöscht wurde, werden alle Ressourcen und Daten dauerhaft gelöscht. Bitte geben Sie Ihr Passwort ein, um zu bestätigen, dass Sie Ihr Konto dauerhaft löschen möchten.",
    "Are you sure you want to detach the selected resources?": "Are you sure you want to detach the selected resources?",
    "Are you sure you want to detach this resource?": "Are you sure you want to detach this resource?",
    "Are you sure you want to force delete the selected resources?": "Are you sure you want to force delete the selected resources?",
    "Are you sure you want to force delete this resource?": "Are you sure you want to force delete this resource?",
    "Are you sure you want to restore the selected resources?": "Are you sure you want to restore the selected resources?",
    "Are you sure you want to restore this resource?": "Are you sure you want to restore this resource?",
    "Are you sure you want to run this action?": "Are you sure you want to run this action?",
    "Are you sure you would like to delete this API token?": "Möchten Sie dieses API-Token wirklich löschen?",
    "Are you sure you would like to leave this team?": "Sind Sie sicher, dass Sie dieses Team verlassen möchten?",
    "Are you sure you would like to remove this person from the team?": "Sind Sie sicher, dass Sie diese Person aus dem Team entfernen möchten?",
    "Argentina": "Argentina",
    "Armenia": "Armenia",
    "Aruba": "Aruba",
    "Attach": "Attach",
    "Attach & Attach Another": "Attach & Attach Another",
    "Attach :resource": "Attach :resource",
    "August": "August",
    "Australia": "Australia",
    "Austria": "Austria",
    "Azerbaijan": "Azerbaijan",
    "Bahamas": "Bahamas",
    "Bahrain": "Bahrain",
    "Bangladesh": "Bangladesh",
    "Barbados": "Barbados",
    "Before proceeding, please check your email for a verification link.": "Bevor Sie fortfahren, überprüfen Sie bitte Ihr E-Mail-Postfach auf einen Bestätigungslink.",
    "Belarus": "Belarus",
    "Belgium": "Belgium",
    "Belize": "Belize",
    "Benin": "Benin",
    "Bermuda": "Bermuda",
    "Bhutan": "Bhutan",
    "Bolivia": "Bolivia",
    "Bonaire, Sint Eustatius and Saba": "Bonaire, Sint Eustatius and Saba",
    "Bosnia And Herzegovina": "Bosnia and Herzegovina",
    "Botswana": "Botswana",
    "Bouvet Island": "Bouvet Island",
    "Brazil": "Brazil",
    "British Indian Ocean Territory": "British Indian Ocean Territory",
    "Browser Sessions": "Browsersitzungen",
    "Brunei Darussalam": "Brunei",
    "Bulgaria": "Bulgaria",
    "Burkina Faso": "Burkina Faso",
    "Burundi": "Burundi",
    "Cambodia": "Cambodia",
    "Cameroon": "Cameroon",
    "Canada": "Canada",
    "Cancel": "Abbrechen",
    "Cape Verde": "Cape Verde",
    "Card": "Card",
    "Cayman Islands": "Cayman Islands",
    "Central African Republic": "Central African Republic",
    "Chad": "Chad",
    "Changes": "Changes",
    "Chile": "Chile",
    "China": "China",
    "Choose": "Choose",
    "Choose :field": "Choose :field",
    "Choose :resource": "Choose :resource",
    "Choose an option": "Choose an option",
    "Choose date": "Choose date",
    "Choose File": "Choose File",
    "Choose Type": "Choose Type",
    "Christmas Island": "Christmas Island",
    "click here to request another": "klicken Sie hier, um einen neuen anzufordern",
    "Click to choose": "Click to choose",
    "Close": "Schließen",
    "Cocos (Keeling) Islands": "Cocos (Keeling) Islands",
    "Code": "Code",
    "Colombia": "Colombia",
    "Comoros": "Comoros",
    "Confirm": "Bestätigen",
    "Confirm Password": "Passwort bestätigen",
    "Confirm Payment": "Confirm Payment",
    "Confirm your :amount payment": "Confirm your :amount payment",
    "Congo": "Congo",
    "Congo, Democratic Republic": "Congo, Democratic Republic",
    "Constant": "Constant",
    "Cook Islands": "Cook Islands",
    "Costa Rica": "Costa Rica",
    "Cote D'Ivoire": "Côte d'Ivoire",
    "could not be found.": "could not be found.",
    "Create": "Erstellen",
    "Create & Add Another": "Create & Add Another",
    "Create :resource": "Create :resource",
    "Create a new team to collaborate with others on projects.": "Erstellen Sie ein neues Team, um mit anderen an Projekten zusammenzuarbeiten.",
    "Create Account": "Neues Konto registrieren",
    "Create API Token": "API-Token erstellen",
    "Create New Team": "Neues Team erstellen",
    "Create Team": "Team erstellen",
    "Created.": "Erstellt.",
    "Croatia": "Croatia",
    "Cuba": "Cuba",
    "Curaçao": "Curaçao",
    "Current Password": "Derzeitiges Passwort",
    "Customize": "Customize",
    "Cyprus": "Cyprus",
    "Czech Republic": "Czechia",
    "Dashboard": "Dashboard",
    "December": "December",
    "Decrease": "Decrease",
    "Delete": "Löschen",
    "Delete Account": "Account löschen",
    "Delete API Token": "API-Token löschen",
    "Delete File": "Delete File",
    "Delete Resource": "Delete Resource",
    "Delete Selected": "Delete Selected",
    "Delete Team": "Team löschen",
    "Denmark": "Denmark",
    "Detach": "Detach",
    "Detach Resource": "Detach Resource",
    "Detach Selected": "Detach Selected",
    "Details": "Details",
    "Disable": "Deaktivieren",
    "Djibouti": "Djibouti",
    "Do you really want to leave? You have unsaved changes.": "Do you really want to leave? You have unsaved changes.",
    "Dominica": "Dominica",
    "Dominican Republic": "Dominican Republic",
    "Done.": "Erledigt.",
    "Download": "Download",
    "E-Mail Address": "E-Mail-Adresse",
    "Ecuador": "Ecuador",
    "Edit": "Edit",
    "Edit :resource": "Edit :resource",
    "Edit Attached": "Edit Attached",
    "Editor": "Editor",
    "Editor users have the ability to read, create, and update.": "Editor-Benutzer haben die Möglichkeit, zu lesen, zu erstellen und zu aktualisieren.",
    "Egypt": "Egypt",
    "El Salvador": "El Salvador",
    "Email": "E-Mail",
    "Email Address": "Email Address",
    "Email Password Reset Link": "Link zum Zurücksetzen des Passwortes zusenden",
    "Enable": "Aktivieren",
    "Ensure your account is using a long, random password to stay secure.": "Stellen Sie sicher, dass Ihr Konto ein langes, zufälliges Passwort verwendet, um die Sicherheit zu gewährleisten.",
    "Equatorial Guinea": "Equatorial Guinea",
    "Eritrea": "Eritrea",
    "Estonia": "Estonia",
    "Ethiopia": "Ethiopia",
    "Extra confirmation is needed to process your payment. Please confirm your payment by filling out your payment details below.": "Extra confirmation is needed to process your payment. Please confirm your payment by filling out your payment details below.",
    "Extra confirmation is needed to process your payment. Please continue to the payment page by clicking on the button below.": "Extra confirmation is needed to process your payment. Please continue to the payment page by clicking on the button below.",
    "Falkland Islands (Malvinas)": "Falkland Islands (Malvinas)",
    "Faroe Islands": "Faroe Islands",
    "February": "February",
    "Fiji": "Fiji",
    "Finland": "Finland",
    "For your security, please confirm your password to continue.": "Um fortzufahren, bestätigen Sie zu Ihrer Sicherheit bitte Ihr Passwort.",
    "Forbidden": "Verboten",
    "Force Delete": "Force Delete",
    "Force Delete Resource": "Force Delete Resource",
    "Force Delete Selected": "Force Delete Selected",
    "Forgot Your Password?": "Passwort vergessen?",
    "Forgot your password?": "Passwort vergessen?",
    "Forgot your password? No problem. Just let us know your email address and we will email you a password reset link that will allow you to choose a new one.": "Haben Sie Ihr Passwort vergessen? Kein Problem. Teilen Sie uns einfach Ihre E-Mail-Adresse mit und wir senden Ihnen per E-Mail einen Link zum Zurücksetzen des Passworts, über den Sie ein Neues auswählen können.",
    "France": "France",
    "French Guiana": "French Guiana",
    "French Polynesia": "French Polynesia",
    "French Southern Territories": "French Southern Territories",
    "Full name": "Full name",
    "Gabon": "Gabon",
    "Gambia": "Gambia",
    "Georgia": "Georgia",
    "Germany": "Germany",
    "Ghana": "Ghana",
    "Gibraltar": "Gibraltar",
    "Go back": "Go back",
    "Go Home": "Nach Hause",
    "Go to page :page": "Gehe zur Seite :page",
    "Great! You have accepted the invitation to join the :team team.": "Great! You have accepted the invitation to join the :team team.",
    "Greece": "Greece",
    "Greenland": "Greenland",
    "Grenada": "Grenada",
    "Guadeloupe": "Guadeloupe",
    "Guam": "Guam",
    "Guatemala": "Guatemala",
    "Guernsey": "Guernsey",
    "Guinea": "Guinea",
    "Guinea-Bissau": "Guinea-Bissau",
    "Guyana": "Guyana",
    "Haiti": "Haiti",
    "Heard Island & Mcdonald Islands": "Heard Island and McDonald Islands",
    "Hello!": "Hallo!",
    "Hide Content": "Hide Content",
    "Hold Up!": "Hold Up!",
    "Holy See (Vatican City State)": "Vatican City",
    "Honduras": "Honduras",
    "Hong Kong": "Hong Kong",
    "Hungary": "Hungary",
    "I agree to the :terms_of_service and :privacy_policy": "Ich akzeptiere die :terms_of_service und die :privacy_policy",
    "Iceland": "Iceland",
    "ID": "ID",
    "If necessary, you may log out of all of your other browser sessions across all of your devices. Some of your recent sessions are listed below; however, this list may not be exhaustive. If you feel your account has been compromised, you should also update your password.": "If necessary, you may log out of all of your other browser sessions across all of your devices. Some of your recent sessions are listed below; however, this list may not be exhaustive. If you feel your account has been compromised, you should also update your password.",
    "If necessary, you may logout of all of your other browser sessions across all of your devices. Some of your recent sessions are listed below; however, this list may not be exhaustive. If you feel your account has been compromised, you should also update your password.": "Bei Bedarf können Sie sich von allen anderen Browsersitzungen auf allen Ihren Geräten abmelden. Wenn Sie der Meinung sind, dass Ihr Konto kompromittiert wurde, sollten Sie auch Ihr Kennwort aktualisieren.",
    "If you already have an account, you may accept this invitation by clicking the button below:": "Wenn Sie bereits ein Konto haben, können Sie diese Einladung annehmen, indem Sie auf die Schaltfläche unten klicken:",
    "If you did not create an account, no further action is required.": "Wenn Sie kein Konto erstellt haben, sind keine weiteren Handlungen nötig.",
    "If you did not expect to receive an invitation to this team, you may discard this email.": "Wenn Sie keine Einladung zu diesem Team erwartet haben, kann das E-Mail gelöscht werden.",
    "If you did not receive the email": "Wenn Sie keine E-Mail erhalten haben",
    "If you did not request a password reset, no further action is required.": "Wenn Sie kein Zurücksetzen des Passworts beantragt haben, sind keine weiteren Handlungen nötig.",
    "If you do not have an account, you may create one by clicking the button below. After creating an account, you may click the invitation acceptance button in this email to accept the team invitation:": "Wenn Sie kein Konto haben, können Sie ein Konto erstellen, indem Sie auf die Schaltfläche unten klicken. Nach dem Erstellen eines Kontos können Sie in dieser E-Mail auf die Schaltfläche zur Annahme der Einladung klicken, um die Teameinladung anzunehmen:",
    "If you’re having trouble clicking the \":actionText\" button, copy and paste the URL below\ninto your web browser:": "Wenn Sie Schwierigkeiten haben, die \":actionText\"-Schaltfläche zu drücken, fügen Sie bitte die folgende Adresse in Ihren Browser ein:",
    "Increase": "Increase",
    "India": "India",
    "Indonesia": "Indonesia",
    "Invalid signature.": "Ungültige Signatur.",
    "Iran, Islamic Republic Of": "Iran",
    "Iraq": "Iraq",
    "Ireland": "Ireland",
    "Isle Of Man": "Isle of Man",
    "Israel": "Israel",
    "Italy": "Italy",
    "Jamaica": "Jamaica",
    "January": "January",
    "Japan": "Japan",
    "Jersey": "Jersey",
    "Jordan": "Jordan",
    "July": "July",
    "June": "June",
    "Kazakhstan": "Kazakhstan",
    "Kenya": "Kenya",
    "Key": "Key",
    "Kiribati": "Kiribati",
    "Korea": "South Korea",
    "Korea, Democratic People's Republic of": "North Korea",
    "Kosovo": "Kosovo",
    "Kuwait": "Kuwait",
    "Kyrgyzstan": "Kyrgyzstan",
    "Lao People's Democratic Republic": "Laos",
    "Last active": "Zuletzt aktiv",
    "Last used": "Zuletzt verwendet",
    "Latvia": "Latvia",
    "Leave": "Verlassen",
    "Leave Team": "Team verlassen",
    "Lebanon": "Lebanon",
    "Lens": "Lens",
    "Lesotho": "Lesotho",
    "Liberia": "Liberia",
    "Libyan Arab Jamahiriya": "Libya",
    "Liechtenstein": "Liechtenstein",
    "Lithuania": "Lithuania",
    "Load :perPage More": "Load :perPage More",
    "Log in": "Log in",
    "Log out": "Log out",
    "Log Out": "Log Out",
    "Log Out Other Browser Sessions": "Log Out Other Browser Sessions",
    "Login": "Anmelden",
    "Logout": "Abmelden",
    "Logout Other Browser Sessions": "Andere Browsersitzungen abmelden",
    "Luxembourg": "Luxembourg",
    "Macao": "Macao",
    "Macedonia": "North Macedonia",
    "Madagascar": "Madagascar",
    "Malawi": "Malawi",
    "Malaysia": "Malaysia",
    "Maldives": "Maldives",
    "Mali": "Mali",
    "Malta": "Malta",
    "Manage Account": "Account verwalten",
    "Manage and log out your active sessions on other browsers and devices.": "Manage and log out your active sessions on other browsers and devices.",
    "Manage and logout your active sessions on other browsers and devices.": "Verwalten und Abmelden Ihrer aktiven Sitzungen in anderen Browsern und Geräten.",
    "Manage API Tokens": "API-Token verwalten",
    "Manage Role": "Rolle verwalten",
    "Manage Team": "Team verwalten",
    "March": "March",
    "Marshall Islands": "Marshall Islands",
    "Martinique": "Martinique",
    "Mauritania": "Mauritania",
    "Mauritius": "Mauritius",
    "May": "May",
    "Mayotte": "Mayotte",
    "Mexico": "Mexico",
    "Micronesia, Federated States Of": "Micronesia",
    "Moldova": "Moldova",
    "Monaco": "Monaco",
    "Mongolia": "Mongolia",
    "Montenegro": "Montenegro",
    "Month To Date": "Month To Date",
    "Montserrat": "Montserrat",
    "Morocco": "Morocco",
    "Mozambique": "Mozambique",
    "Myanmar": "Myanmar",
    "Name": "Name",
    "Namibia": "Namibia",
    "Nauru": "Nauru",
    "Nepal": "Nepal",
    "Netherlands": "Netherlands",
    "Nevermind": "Keine Ursache",
    "New": "New",
    "New :resource": "New :resource",
    "New Caledonia": "New Caledonia",
    "New Password": "Neues Passwort",
    "New Zealand": "New Zealand",
    "Next": "Next",
    "Nicaragua": "Nicaragua",
    "Niger": "Niger",
    "Nigeria": "Nigeria",
    "Niue": "Niue",
    "No": "No",
    "No :resource matched the given criteria.": "No :resource matched the given criteria.",
    "No additional information...": "No additional information...",
    "No Current Data": "No Current Data",
    "No Data": "No Data",
    "no file selected": "no file selected",
    "No Increase": "No Increase",
    "No Prior Data": "No Prior Data",
    "No Results Found.": "No Results Found.",
    "Norfolk Island": "Norfolk Island",
    "Northern Mariana Islands": "Northern Mariana Islands",
    "Norway": "Norway",
    "Not Found": "Nicht gefunden",
    "Nova User": "Nova User",
    "November": "November",
    "October": "October",
    "of": "von",
    "Oh no": "Oh nein",
    "Oman": "Oman",
    "Once a team is deleted, all of its resources and data will be permanently deleted. Before deleting this team, please download any data or information regarding this team that you wish to retain.": "Sobald ein Team gelöscht wird, werden alle Ressourcen und Daten dauerhaft gelöscht. Laden Sie vor dem Löschen dieses Teams alle Daten oder Informationen zu diesem Team herunter, die Sie behalten möchten.",
    "Once your account is deleted, all of its resources and data will be permanently deleted. Before deleting your account, please download any data or information that you wish to retain.": "Sobald Ihr Konto gelöscht wurde, werden alle Ressourcen und Daten dauerhaft gelöscht. Laden Sie vor dem Löschen Ihres Kontos alle Daten oder Informationen herunter, die Sie behalten möchten.",
    "Only Trashed": "Only Trashed",
    "Original": "Original",
    "Page Expired": "Seite abgelaufen",
    "Pagination Navigation": "Seitennummerierungsnavigation",
    "Pakistan": "Pakistan",
    "Palau": "Palau",
    "Palestinian Territory, Occupied": "Palestinian Territories",
    "Panama": "Panama",
    "Papua New Guinea": "Papua New Guinea",
    "Paraguay": "Paraguay",
    "Password": "Passwort",
    "Pay :amount": "Pay :amount",
    "Payment Cancelled": "Payment Cancelled",
    "Payment Confirmation": "Payment Confirmation",
    "Payment Successful": "Payment Successful",
    "Pending Team Invitations": "Ausstehende Team Einladungen",
    "Per Page": "Per Page",
    "Permanently delete this team.": "Löschen Sie dieses Team dauerhaft.",
    "Permanently delete your account.": "Löschen Sie Ihren Account dauerhaft.",
    "Permissions": "Berechtigungen",
    "Peru": "Peru",
    "Philippines": "Philippines",
    "Photo": "Foto",
    "Pitcairn": "Pitcairn Islands",
    "Please click the button below to verify your email address.": "Bitte klicken Sie auf die Schaltfläche, um Ihre E-Mail-Adresse zu bestätigen.",
    "Please confirm access to your account by entering one of your emergency recovery codes.": "Bitte bestätigen Sie den Zugriff auf Ihr Konto, indem Sie einen Ihrer Notfall-Wiederherstellungscodes eingeben.",
    "Please confirm access to your account by entering the authentication code provided by your authenticator application.": "Bitte bestätigen Sie den Zugriff auf Ihr Konto, indem Sie den von Ihrer Authentifizierungsanwendung bereitgestellten Authentifizierungscode eingeben.",
    "Please confirm your password before continuing.": "Bitte bestätigen Sie Ihr Passwort bevor Sie fortfahren.",
    "Please copy your new API token. For your security, it won't be shown again.": "Bitte kopieren Sie Ihren neuen API-Token. Zu Ihrer Sicherheit wird er nicht mehr angezeigt",
    "Please enter your password to confirm you would like to log out of your other browser sessions across all of your devices.": "Please enter your password to confirm you would like to log out of your other browser sessions across all of your devices.",
    "Please enter your password to confirm you would like to logout of your other browser sessions across all of your devices.": "Bitte geben Sie Ihr Passwort ein, um zu bestätigen, dass Sie sich von Ihren anderen Browsersitzungen auf allen Ihren Geräten abmelden möchten.",
    "Please provide the email address of the person you would like to add to this team.": "Bitte geben Sie die E-Mail-Adresse der Person an, die Sie diesem Team hinzufügen möchten.",
    "Please provide the email address of the person you would like to add to this team. The email address must be associated with an existing account.": "Bitte geben Sie die E-Mail-Adresse der Person an, die Sie diesem Team hinzufügen möchten. Die E-Mail-Adresse muss einem vorhandenen Konto zugeordnet sein.",
    "Please provide your name.": "Please provide your name.",
    "Poland": "Poland",
    "Portugal": "Portugal",
    "Press \/ to search": "Press \/ to search",
    "Preview": "Preview",
    "Previous": "Previous",
    "Privacy Policy": "Datenschutzerklärung",
    "Profile": "Profil",
    "Profile Information": "Profilinformationen",
    "Puerto Rico": "Puerto Rico",
    "Qatar": "Qatar",
    "Quarter To Date": "Quarter To Date",
    "Recovery Code": "Wiederherstellungscode",
    "Regards": "Mit freundlichen Grüßen",
    "Regenerate Recovery Codes": "Wiederherstellungscodes neu generieren",
    "Register": "Registrieren",
    "Reload": "Reload",
    "Remember me": "Angemeldet bleiben",
    "Remember Me": "Angemeldet bleiben",
    "Remove": "Entfernen",
    "Remove Photo": "Foto entfernen",
    "Remove Team Member": "Teammitglied entfernen",
    "Resend Verification Email": "Bestätigungslink erneut senden",
    "Reset Filters": "Reset Filters",
    "Reset Password": "Passwort zurücksetzen",
    "Reset Password Notification": "Benachrichtigung zum Zurücksetzen des Passworts",
    "resource": "resource",
    "Resources": "Resources",
    "resources": "resources",
    "Restore": "Restore",
    "Restore Resource": "Restore Resource",
    "Restore Selected": "Restore Selected",
    "results": "Ergebnisse",
    "Reunion": "Réunion",
    "Role": "Rolle",
    "Romania": "Romania",
    "Run Action": "Run Action",
    "Russian Federation": "Russian Federation",
    "Rwanda": "Rwanda",
    "Saint Barthelemy": "St. Barthélemy",
    "Saint Helena": "St. Helena",
    "Saint Kitts And Nevis": "St. Kitts and Nevis",
    "Saint Lucia": "St. Lucia",
    "Saint Martin": "St. Martin",
    "Saint Pierre And Miquelon": "St. Pierre and Miquelon",
    "Saint Vincent And Grenadines": "St. Vincent and Grenadines",
    "Samoa": "Samoa",
    "San Marino": "San Marino",
    "Sao Tome And Principe": "São Tomé and Príncipe",
    "Saudi Arabia": "Saudi Arabia",
    "Save": "Speichern",
    "Saved.": "Gespeichert",
    "Search": "Search",
    "Select A New Photo": "Wählen Sie ein neues Foto aus",
    "Select Action": "Select Action",
    "Select All": "Select All",
    "Select All Matching": "Select All Matching",
    "Send Password Reset Link": "Link zum Zurücksetzen des Passworts senden",
    "Senegal": "Senegal",
    "September": "September",
    "Serbia": "Serbia",
    "Server Error": "Interner Fehler",
    "Service Unavailable": "Service nicht verfügbar",
    "Seychelles": "Seychelles",
    "Show All Fields": "Show All Fields",
    "Show Content": "Show Content",
    "Show Recovery Codes": "Zeige die Wiederherstellungscodes",
    "Showing": "Zeigen",
    "Sierra Leone": "Sierra Leone",
    "Singapore": "Singapore",
    "Sint Maarten (Dutch part)": "Sint Maarten",
    "Slovakia": "Slovakia",
    "Slovenia": "Slovenia",
    "Solomon Islands": "Solomon Islands",
    "Somalia": "Somalia",
    "Something went wrong.": "Something went wrong.",
    "Sorry! You are not authorized to perform this action.": "Sorry! You are not authorized to perform this action.",
    "Sorry, your session has expired.": "Sorry, your session has expired.",
    "South Africa": "South Africa",
    "South Georgia And Sandwich Isl.": "South Georgia and South Sandwich Islands",
    "South Sudan": "South Sudan",
    "Spain": "Spain",
    "Sri Lanka": "Sri Lanka",
    "Start Polling": "Start Polling",
    "Stop Polling": "Stop Polling",
    "Store these recovery codes in a secure password manager. They can be used to recover access to your account if your two factor authentication device is lost.": "Speichern Sie diese Wiederherstellungscodes in einem sicheren Passwortmanager. Sie können verwendet werden, um den Zugriff auf Ihr Konto wiederherzustellen, wenn Ihr Zwei-Faktor-Authentifizierungsgerät verloren geht.",
    "Sudan": "Sudan",
    "Suriname": "Suriname",
    "Svalbard And Jan Mayen": "Svalbard and Jan Mayen",
    "Swaziland": "Eswatini",
    "Sweden": "Sweden",
    "Switch Teams": "Teams wechseln",
    "Switzerland": "Switzerland",
    "Syrian Arab Republic": "Syria",
    "Taiwan": "Taiwan",
    "Tajikistan": "Tajikistan",
    "Tanzania": "Tanzania",
    "Team Details": "Teamdetails",
    "Team Invitation": "Team Einladung",
    "Team Members": "Teammitglieder",
    "Team Name": "Teamname",
    "Team Owner": "Teambesitzer",
    "Team Settings": "Teameinstellungen",
    "Terms of Service": "Nutzungsbedingungen",
    "Thailand": "Thailand",
    "Thanks for signing up! Before getting started, could you verify your email address by clicking on the link we just emailed to you? If you didn't receive the email, we will gladly send you another.": "Danke für's Registrieren! Bevor Sie loslegen, könnten Sie Ihre E-Mail-Adresse verifizieren, indem Sie auf den Link klicken, den wir Ihnen per E-Mail zugeschickt haben? Wenn Sie die E-Mail nicht erhalten haben, senden wir Ihnen gerne eine weitere zu.",
    "The :attribute must be a valid role.": ":attribute muss eine gültige Rolle sein.",
    "The :attribute must be at least :length characters and contain at least one number.": "Das :attribute muss aus mindestens :length Zeichen bestehen und mindestens eine Zahl enthalten.",
    "The :attribute must be at least :length characters and contain at least one special character and one number.": "The :attribute must be at least :length characters and contain at least one special character and one number.",
    "The :attribute must be at least :length characters and contain at least one special character.": "Das :attribute muss aus mindestens :length Zeichen bestehen und mindestens ein Sonderzeichen enthalten.",
    "The :attribute must be at least :length characters and contain at least one uppercase character and one number.": "Das :attribute muss aus mindestens :length Zeichen bestehen und mindestens einen Großbuchstaben und eine Zahl enthalten.",
    "The :attribute must be at least :length characters and contain at least one uppercase character and one special character.": "Das :attribute muss aus mindestens :length Zeichen bestehen und mindestens einen Großbuchstaben und ein Sonderzeichen enthalten.",
    "The :attribute must be at least :length characters and contain at least one uppercase character, one number, and one special character.": "Das :attribute muss aus mindestens :length Zeichen bestehen und mindestens einen Großbuchstaben, eine Zahl und ein Sonderzeichen enthalten.",
    "The :attribute must be at least :length characters and contain at least one uppercase character.": "Das :attribute muss aus mindestens :length Zeichen bestehen und mindestens einen Großbuchstaben enthalten.",
    "The :attribute must be at least :length characters.": "Das :attribute muss aus mindestens :length Zeichen bestehen.",
    "The :resource was created!": "The :resource was created!",
    "The :resource was deleted!": "The :resource was deleted!",
    "The :resource was restored!": "The :resource was restored!",
    "The :resource was updated!": "The :resource was updated!",
    "The action ran successfully!": "The action ran successfully!",
    "The file was deleted!": "The file was deleted!",
    "The government won't let us show you what's behind these doors": "The government won't let us show you what's behind these doors",
    "The HasOne relationship has already been filled.": "The HasOne relationship has already been filled.",
    "The payment was successful.": "The payment was successful.",
    "The provided password does not match your current password.": "Das angegebene Passwort stimmt nicht mit Ihrem aktuellen Passwort überein.",
    "The provided password was incorrect.": "Das angegebene Passwort war falsch.",
    "The provided two factor authentication code was invalid.": "Der angegebene Zwei-Faktor-Authentifizierungscode war ungültig.",
    "The resource was updated!": "The resource was updated!",
    "The team's name and owner information.": "Der Name des Teams und Informationen zum Besitzer.",
    "There are no available options for this resource.": "There are no available options for this resource.",
    "There was a problem executing the action.": "There was a problem executing the action.",
    "There was a problem submitting the form.": "There was a problem submitting the form.",
    "These people have been invited to your team and have been sent an invitation email. They may join the team by accepting the email invitation.": "These people have been invited to your team and have been sent an invitation email. They may join the team by accepting the email invitation.",
    "This action is unauthorized.": "Diese Aktion wurde nicht autorisiert.",
    "This device": "Dieses Gerät",
    "This file field is read-only.": "This file field is read-only.",
    "This image": "This image",
    "This is a secure area of the application. Please confirm your password before continuing.": "Dies ist ein sicherer Bereich der Anwendung. Bitte geben Sie Ihr Passwort ein, bevor Sie fortfahren.",
    "This password does not match our records.": "Dieses Passwort ist uns nicht bekannt.",
    "This password reset link will expire in :count minutes.": "Dieser Link zum Zurücksetzen des Passworts läuft in :count Minuten ab.",
    "This payment was already successfully confirmed.": "This payment was already successfully confirmed.",
    "This payment was cancelled.": "This payment was cancelled.",
    "This resource no longer exists": "This resource no longer exists",
    "This user already belongs to the team.": "Dieser Benutzer gehört bereits zum Team.",
    "This user has already been invited to the team.": "Dieser Benutzer wurde bereits in dieses Team eingeladen.",
    "Timor-Leste": "Timor-Leste",
    "to": "bis",
    "Today": "Today",
    "Toggle navigation": "Navigation umschalten",
    "Togo": "Togo",
    "Tokelau": "Tokelau",
    "Token Name": "Tokenname",
    "Tonga": "Tonga",
    "Too Many Attempts.": "Zu viele Versuche.",
    "Too Many Requests": "Zu viele Anfragen",
    "total": "total",
    "Trashed": "Trashed",
    "Trinidad And Tobago": "Trinidad and Tobago",
    "Tunisia": "Tunisia",
    "Turkey": "Turkey",
    "Turkmenistan": "Turkmenistan",
    "Turks And Caicos Islands": "Turks and Caicos Islands",
    "Tuvalu": "Tuvalu",
    "Two Factor Authentication": "Zwei-Faktor-Authentifizierung",
    "Two factor authentication is now enabled. Scan the following QR code using your phone's authenticator application.": "Die Zwei-Faktor-Authentifizierung ist jetzt aktiviert. Scannen Sie den folgenden QR-Code mit der Authentifizierungsanwendung Ihres Telefons.",
    "Uganda": "Uganda",
    "Ukraine": "Ukraine",
    "Unauthorized": "Nicht autorisiert",
    "United Arab Emirates": "United Arab Emirates",
    "United Kingdom": "United Kingdom",
    "United States": "United States",
    "United States Outlying Islands": "U.S. Outlying Islands",
    "Update": "Update",
    "Update & Continue Editing": "Update & Continue Editing",
    "Update :resource": "Update :resource",
    "Update :resource: :title": "Update :resource: :title",
    "Update attached :resource: :title": "Update attached :resource: :title",
    "Update Password": "Passwort aktualisieren",
    "Update your account's profile information and email address.": "Aktualisieren Sie die Profilinformationen und die E-Mail-Adresse Ihres Kontos.",
    "Uruguay": "Uruguay",
    "Use a recovery code": "Verwenden Sie einen Wiederherstellungscode",
    "Use an authentication code": "Verwenden Sie einen Authentifizierungscode",
    "Uzbekistan": "Uzbekistan",
    "Value": "Value",
    "Vanuatu": "Vanuatu",
    "Venezuela": "Venezuela",
    "Verify Email Address": "E-Mail-Adresse bestätigen",
    "Verify Your Email Address": "Bestätigen Sie Ihre E-Mail-Adresse",
    "Viet Nam": "Vietnam",
    "View": "View",
    "Virgin Islands, British": "British Virgin Islands",
    "Virgin Islands, U.S.": "U.S. Virgin Islands",
    "Wallis And Futuna": "Wallis and Futuna",
    "We were unable to find a registered user with this email address.": "Wir konnten keinen registrierten Benutzer mit dieser E-Mail-Adresse finden.",
    "We won't ask for your password again for a few hours.": "Wir werden Sie für die nächsten paar Stunden nicht mehr nach dem Passwort fragen.",
    "We're lost in space. The page you were trying to view does not exist.": "We're lost in space. The page you were trying to view does not exist.",
    "Welcome Back!": "Welcome Back!",
    "Western Sahara": "Western Sahara",
    "When two factor authentication is enabled, you will be prompted for a secure, random token during authentication. You may retrieve this token from your phone's Google Authenticator application.": "Wenn die Zwei-Faktor-Authentifizierung aktiviert ist, werden Sie während der Authentifizierung zur Eingabe eines sicheren, zufälligen Tokens aufgefordert. Sie können dieses Token aus der Google Authenticator-Anwendung Ihres Telefons abrufen.",
    "Whoops": "Whoops",
    "Whoops!": "Ups!",
    "Whoops! Something went wrong.": "Ups, etwas ist schief gelaufen.",
    "With Trashed": "With Trashed",
    "Write": "Write",
    "Year To Date": "Year To Date",
    "Yemen": "Yemen",
    "Yes": "Yes",
    "You are logged in!": "Sie sind eingeloggt!",
    "You are receiving this email because we received a password reset request for your account.": "Sie erhalten diese E-Mail, weil wir einen Antrag auf eine Zurücksetzung Ihres Passworts bekommen haben.",
    "You have been invited to join the :team team!": "Sie wurden eingeladen dem Team :team beizutreten!",
    "You have enabled two factor authentication.": "Sie haben die Zwei-Faktor-Authentifizierung aktiviert.",
    "You have not enabled two factor authentication.": "Sie haben die Zwei-Faktor-Authentifizierung nicht aktiviert.",
    "You may delete any of your existing tokens if they are no longer needed.": "Sie können alle vorhandenen Token löschen, wenn sie nicht mehr benötigt werden.",
    "You may not delete your personal team.": "Sie können Ihr persönliches Team nicht löschen.",
    "You may not leave a team that you created.": "Sie können ein von Ihnen erstelltes Team nicht verlassen.",
    "Your email address is not verified.": "Ihre E-Mail Adresse wurde noch nicht bestätigt.",
    "Zambia": "Zambia",
    "Zimbabwe": "Zimbabwe"
}
