{
    "30 Days": "30 Days",
    "60 Days": "60 Days",
    "90 Days": "90 Days",
    ":amount Total": ":amount Total",
    ":resource Details": ":resource Details",
    ":resource Details: :title": ":resource Details: :title",
    "A fresh verification link has been sent to your email address.": "Ένας νέος σύνδεσμος επαλήθευσης έχει σταλεί στη διεύθυνση ηλεκτρονικού ταχυδρομείου σας.",
    "A new verification link has been sent to the email address you provided during registration.": "Ένας νέος σύνδεσμος επαλήθευσης έχει σταλεί στη διεύθυνση ηλεκτρονικού ταχυδρομείου που δώσατε κατά την εγγραφή σας.",
    "Accept Invitation": "Accept Invitation",
    "Action": "Action",
    "Action Happened At": "Happened At",
    "Action Initiated By": "Initiated By",
    "Action Name": "Name",
    "Action Status": "Status",
    "Action Target": "Target",
    "Actions": "Actions",
    "Add": "Add",
    "Add a new team member to your team, allowing them to collaborate with you.": "Add a new team member to your team, allowing them to collaborate with you.",
    "Add additional security to your account using two factor authentication.": "Add additional security to your account using two factor authentication.",
    "Add row": "Add row",
    "Add Team Member": "Add Team Member",
    "Added.": "Added.",
    "Administrator": "Administrator",
    "Administrator users can perform any action.": "Administrator users can perform any action.",
    "Afghanistan": "Afghanistan",
    "Aland Islands": "Åland Islands",
    "Albania": "Albania",
    "Algeria": "Algeria",
    "All of the people that are part of this team.": "All of the people that are part of this team.",
    "All resources loaded.": "All resources loaded.",
    "All rights reserved.": "Πνευματική προστασία περιεχομένου.",
    "Already registered?": "Είστε ήδη εγγεγραμμένος?",
    "American Samoa": "American Samoa",
    "An error occured while uploading the file.": "An error occured while uploading the file.",
    "Andorra": "Andorra",
    "Angola": "Angola",
    "Anguilla": "Anguilla",
    "Another user has updated this resource since this page was loaded. Please refresh the page and try again.": "Another user has updated this resource since this page was loaded. Please refresh the page and try again.",
    "Antarctica": "Antarctica",
    "Antigua And Barbuda": "Antigua and Barbuda",
    "API Token": "API Token",
    "API Token Permissions": "API Token Permissions",
    "API Tokens": "API Tokens",
    "API tokens allow third-party services to authenticate with our application on your behalf.": "API tokens allow third-party services to authenticate with our application on your behalf.",
    "April": "April",
    "Are you sure you want to delete the selected resources?": "Are you sure you want to delete the selected resources?",
    "Are you sure you want to delete this file?": "Are you sure you want to delete this file?",
    "Are you sure you want to delete this resource?": "Are you sure you want to delete this resource?",
    "Are you sure you want to delete this team? Once a team is deleted, all of its resources and data will be permanently deleted.": "Are you sure you want to delete this team? Once a team is deleted, all of its resources and data will be permanently deleted.",
    "Are you sure you want to delete your account? Once your account is deleted, all of its resources and data will be permanently deleted. Please enter your password to confirm you would like to permanently delete your account.": "Are you sure you want to delete your account? Once your account is deleted, all of its resources and data will be permanently deleted. Please enter your password to confirm you would like to permanently delete your account.",
    "Are you sure you want to detach the selected resources?": "Are you sure you want to detach the selected resources?",
    "Are you sure you want to detach this resource?": "Are you sure you want to detach this resource?",
    "Are you sure you want to force delete the selected resources?": "Are you sure you want to force delete the selected resources?",
    "Are you sure you want to force delete this resource?": "Are you sure you want to force delete this resource?",
    "Are you sure you want to restore the selected resources?": "Are you sure you want to restore the selected resources?",
    "Are you sure you want to restore this resource?": "Are you sure you want to restore this resource?",
    "Are you sure you want to run this action?": "Are you sure you want to run this action?",
    "Are you sure you would like to delete this API token?": "Are you sure you would like to delete this API token?",
    "Are you sure you would like to leave this team?": "Are you sure you would like to leave this team?",
    "Are you sure you would like to remove this person from the team?": "Are you sure you would like to remove this person from the team?",
    "Argentina": "Argentina",
    "Armenia": "Armenia",
    "Aruba": "Aruba",
    "Attach": "Attach",
    "Attach & Attach Another": "Attach & Attach Another",
    "Attach :resource": "Attach :resource",
    "August": "August",
    "Australia": "Australia",
    "Austria": "Austria",
    "Azerbaijan": "Azerbaijan",
    "Bahamas": "Bahamas",
    "Bahrain": "Bahrain",
    "Bangladesh": "Bangladesh",
    "Barbados": "Barbados",
    "Before proceeding, please check your email for a verification link.": "Πριν συνεχίσετε, ελέγξτε το email σας για έναν σύνδεσμο επαλήθευσης.",
    "Belarus": "Belarus",
    "Belgium": "Belgium",
    "Belize": "Belize",
    "Benin": "Benin",
    "Bermuda": "Bermuda",
    "Bhutan": "Bhutan",
    "Bolivia": "Bolivia",
    "Bonaire, Sint Eustatius and Saba": "Bonaire, Sint Eustatius and Saba",
    "Bosnia And Herzegovina": "Bosnia and Herzegovina",
    "Botswana": "Botswana",
    "Bouvet Island": "Bouvet Island",
    "Brazil": "Brazil",
    "British Indian Ocean Territory": "British Indian Ocean Territory",
    "Browser Sessions": "Browser Sessions",
    "Brunei Darussalam": "Brunei",
    "Bulgaria": "Bulgaria",
    "Burkina Faso": "Burkina Faso",
    "Burundi": "Burundi",
    "Cambodia": "Cambodia",
    "Cameroon": "Cameroon",
    "Canada": "Canada",
    "Cancel": "Cancel",
    "Cape Verde": "Cape Verde",
    "Card": "Card",
    "Cayman Islands": "Cayman Islands",
    "Central African Republic": "Central African Republic",
    "Chad": "Chad",
    "Changes": "Changes",
    "Chile": "Chile",
    "China": "China",
    "Choose": "Choose",
    "Choose :field": "Choose :field",
    "Choose :resource": "Choose :resource",
    "Choose an option": "Choose an option",
    "Choose date": "Choose date",
    "Choose File": "Choose File",
    "Choose Type": "Choose Type",
    "Christmas Island": "Christmas Island",
    "click here to request another": "κάντε κλικ εδώ για να ζητήσετε ακόμη ένα",
    "Click to choose": "Click to choose",
    "Close": "Close",
    "Cocos (Keeling) Islands": "Cocos (Keeling) Islands",
    "Code": "Code",
    "Colombia": "Colombia",
    "Comoros": "Comoros",
    "Confirm": "Confirm",
    "Confirm Password": "Επιβεβαίωση Κωδικού",
    "Confirm Payment": "Confirm Payment",
    "Confirm your :amount payment": "Confirm your :amount payment",
    "Congo": "Congo",
    "Congo, Democratic Republic": "Congo, Democratic Republic",
    "Constant": "Constant",
    "Cook Islands": "Cook Islands",
    "Costa Rica": "Costa Rica",
    "Cote D'Ivoire": "Côte d'Ivoire",
    "could not be found.": "could not be found.",
    "Create": "Create",
    "Create & Add Another": "Create & Add Another",
    "Create :resource": "Create :resource",
    "Create a new team to collaborate with others on projects.": "Create a new team to collaborate with others on projects.",
    "Create Account": "Create Account",
    "Create API Token": "Create API Token",
    "Create New Team": "Create New Team",
    "Create Team": "Create Team",
    "Created.": "Created.",
    "Croatia": "Croatia",
    "Cuba": "Cuba",
    "Curaçao": "Curaçao",
    "Current Password": "Current Password",
    "Customize": "Customize",
    "Cyprus": "Cyprus",
    "Czech Republic": "Czechia",
    "Dashboard": "Dashboard",
    "December": "December",
    "Decrease": "Decrease",
    "Delete": "Delete",
    "Delete Account": "Delete Account",
    "Delete API Token": "Delete API Token",
    "Delete File": "Delete File",
    "Delete Resource": "Delete Resource",
    "Delete Selected": "Delete Selected",
    "Delete Team": "Delete Team",
    "Denmark": "Denmark",
    "Detach": "Detach",
    "Detach Resource": "Detach Resource",
    "Detach Selected": "Detach Selected",
    "Details": "Details",
    "Disable": "Disable",
    "Djibouti": "Djibouti",
    "Do you really want to leave? You have unsaved changes.": "Do you really want to leave? You have unsaved changes.",
    "Dominica": "Dominica",
    "Dominican Republic": "Dominican Republic",
    "Done.": "Done.",
    "Download": "Download",
    "E-Mail Address": "Διεύθυνση E-Mail",
    "Ecuador": "Ecuador",
    "Edit": "Edit",
    "Edit :resource": "Edit :resource",
    "Edit Attached": "Edit Attached",
    "Editor": "Editor",
    "Editor users have the ability to read, create, and update.": "Editor users have the ability to read, create, and update.",
    "Egypt": "Egypt",
    "El Salvador": "El Salvador",
    "Email": "Email",
    "Email Address": "Email Address",
    "Email Password Reset Link": "Αποστολή Σύνδεσμου Επαναφοράς Κωδικού",
    "Enable": "Enable",
    "Ensure your account is using a long, random password to stay secure.": "Ensure your account is using a long, random password to stay secure.",
    "Equatorial Guinea": "Equatorial Guinea",
    "Eritrea": "Eritrea",
    "Estonia": "Estonia",
    "Ethiopia": "Ethiopia",
    "Extra confirmation is needed to process your payment. Please confirm your payment by filling out your payment details below.": "Extra confirmation is needed to process your payment. Please confirm your payment by filling out your payment details below.",
    "Extra confirmation is needed to process your payment. Please continue to the payment page by clicking on the button below.": "Extra confirmation is needed to process your payment. Please continue to the payment page by clicking on the button below.",
    "Falkland Islands (Malvinas)": "Falkland Islands (Malvinas)",
    "Faroe Islands": "Faroe Islands",
    "February": "February",
    "Fiji": "Fiji",
    "Finland": "Finland",
    "For your security, please confirm your password to continue.": "For your security, please confirm your password to continue.",
    "Forbidden": "Απαγορευμένο",
    "Force Delete": "Force Delete",
    "Force Delete Resource": "Force Delete Resource",
    "Force Delete Selected": "Force Delete Selected",
    "Forgot Your Password?": "Ξεχάσατε τον κωδικό σας;",
    "Forgot your password?": "Ξεχάσατε τον κωδικό σας;",
    "Forgot your password? No problem. Just let us know your email address and we will email you a password reset link that will allow you to choose a new one.": "Ξεχάσατε τον κωδικό σας; Κανένα πρόβλημα. Δώστε μας την διεύθυνση ηλεκτρονικού ταχυδρομείου σας και θα σας στείλουμε ένα email με έναν σύνδεσμο (link), που θα σας επιστρέψει να δημιουργήσετε έναν νέο κωδικό πρόσβασης.",
    "France": "France",
    "French Guiana": "French Guiana",
    "French Polynesia": "French Polynesia",
    "French Southern Territories": "French Southern Territories",
    "Full name": "Full name",
    "Gabon": "Gabon",
    "Gambia": "Gambia",
    "Georgia": "Georgia",
    "Germany": "Germany",
    "Ghana": "Ghana",
    "Gibraltar": "Gibraltar",
    "Go back": "Go back",
    "Go Home": "Πήγαινε στην αρχική",
    "Go to page :page": "Go to page :page",
    "Great! You have accepted the invitation to join the :team team.": "Great! You have accepted the invitation to join the :team team.",
    "Greece": "Greece",
    "Greenland": "Greenland",
    "Grenada": "Grenada",
    "Guadeloupe": "Guadeloupe",
    "Guam": "Guam",
    "Guatemala": "Guatemala",
    "Guernsey": "Guernsey",
    "Guinea": "Guinea",
    "Guinea-Bissau": "Guinea-Bissau",
    "Guyana": "Guyana",
    "Haiti": "Haiti",
    "Heard Island & Mcdonald Islands": "Heard Island and McDonald Islands",
    "Hello!": "Χαίρετε!",
    "Hide Content": "Hide Content",
    "Hold Up!": "Hold Up!",
    "Holy See (Vatican City State)": "Vatican City",
    "Honduras": "Honduras",
    "Hong Kong": "Hong Kong",
    "Hungary": "Hungary",
    "I agree to the :terms_of_service and :privacy_policy": "I agree to the :terms_of_service and :privacy_policy",
    "Iceland": "Iceland",
    "ID": "ID",
    "If necessary, you may log out of all of your other browser sessions across all of your devices. Some of your recent sessions are listed below; however, this list may not be exhaustive. If you feel your account has been compromised, you should also update your password.": "If necessary, you may log out of all of your other browser sessions across all of your devices. Some of your recent sessions are listed below; however, this list may not be exhaustive. If you feel your account has been compromised, you should also update your password.",
    "If necessary, you may logout of all of your other browser sessions across all of your devices. Some of your recent sessions are listed below; however, this list may not be exhaustive. If you feel your account has been compromised, you should also update your password.": "If necessary, you may logout of all of your other browser sessions across all of your devices. Some of your recent sessions are listed below; however, this list may not be exhaustive. If you feel your account has been compromised, you should also update your password.",
    "If you already have an account, you may accept this invitation by clicking the button below:": "If you already have an account, you may accept this invitation by clicking the button below:",
    "If you did not create an account, no further action is required.": "Εάν δεν δημιουργήσατε λογαριασμό, δεν απαιτείται περαιτέρω ενέργεια.",
    "If you did not expect to receive an invitation to this team, you may discard this email.": "If you did not expect to receive an invitation to this team, you may discard this email.",
    "If you did not receive the email": "Εάν δεν λάβατε το μήνυμα ηλεκτρονικού ταχυδρομείου",
    "If you did not request a password reset, no further action is required.": "Εάν δεν ζητήσατε επαναφορά κωδικού πρόσβασης, δεν απαιτείται περαιτέρω ενέργεια.",
    "If you do not have an account, you may create one by clicking the button below. After creating an account, you may click the invitation acceptance button in this email to accept the team invitation:": "If you do not have an account, you may create one by clicking the button below. After creating an account, you may click the invitation acceptance button in this email to accept the team invitation:",
    "If you’re having trouble clicking the \":actionText\" button, copy and paste the URL below\ninto your web browser:": "Αν αντιμετωπίζετε προβλήματα με το κλικ στο κουμπί \":actionText\", αντιγράψτε και επικολλήστε την παρακάτω διεύθυνση \nστο πρόγραμμα περιήγησης:",
    "Increase": "Increase",
    "India": "India",
    "Indonesia": "Indonesia",
    "Invalid signature.": "Invalid signature.",
    "Iran, Islamic Republic Of": "Iran",
    "Iraq": "Iraq",
    "Ireland": "Ireland",
    "Isle Of Man": "Isle of Man",
    "Israel": "Israel",
    "Italy": "Italy",
    "Jamaica": "Jamaica",
    "January": "January",
    "Japan": "Japan",
    "Jersey": "Jersey",
    "Jordan": "Jordan",
    "July": "July",
    "June": "June",
    "Kazakhstan": "Kazakhstan",
    "Kenya": "Kenya",
    "Key": "Key",
    "Kiribati": "Kiribati",
    "Korea": "South Korea",
    "Korea, Democratic People's Republic of": "North Korea",
    "Kosovo": "Kosovo",
    "Kuwait": "Kuwait",
    "Kyrgyzstan": "Kyrgyzstan",
    "Lao People's Democratic Republic": "Laos",
    "Last active": "Last active",
    "Last used": "Last used",
    "Latvia": "Latvia",
    "Leave": "Leave",
    "Leave Team": "Leave Team",
    "Lebanon": "Lebanon",
    "Lens": "Lens",
    "Lesotho": "Lesotho",
    "Liberia": "Liberia",
    "Libyan Arab Jamahiriya": "Libya",
    "Liechtenstein": "Liechtenstein",
    "Lithuania": "Lithuania",
    "Load :perPage More": "Load :perPage More",
    "Log in": "Log in",
    "Log out": "Log out",
    "Log Out": "Log Out",
    "Log Out Other Browser Sessions": "Log Out Other Browser Sessions",
    "Login": "Είσοδος",
    "Logout": "Έξοδος",
    "Logout Other Browser Sessions": "Logout Other Browser Sessions",
    "Luxembourg": "Luxembourg",
    "Macao": "Macao",
    "Macedonia": "North Macedonia",
    "Madagascar": "Madagascar",
    "Malawi": "Malawi",
    "Malaysia": "Malaysia",
    "Maldives": "Maldives",
    "Mali": "Mali",
    "Malta": "Malta",
    "Manage Account": "Manage Account",
    "Manage and log out your active sessions on other browsers and devices.": "Manage and log out your active sessions on other browsers and devices.",
    "Manage and logout your active sessions on other browsers and devices.": "Manage and logout your active sessions on other browsers and devices.",
    "Manage API Tokens": "Manage API Tokens",
    "Manage Role": "Manage Role",
    "Manage Team": "Manage Team",
    "March": "March",
    "Marshall Islands": "Marshall Islands",
    "Martinique": "Martinique",
    "Mauritania": "Mauritania",
    "Mauritius": "Mauritius",
    "May": "May",
    "Mayotte": "Mayotte",
    "Mexico": "Mexico",
    "Micronesia, Federated States Of": "Micronesia",
    "Moldova": "Moldova",
    "Monaco": "Monaco",
    "Mongolia": "Mongolia",
    "Montenegro": "Montenegro",
    "Month To Date": "Month To Date",
    "Montserrat": "Montserrat",
    "Morocco": "Morocco",
    "Mozambique": "Mozambique",
    "Myanmar": "Myanmar",
    "Name": "Όνομα",
    "Namibia": "Namibia",
    "Nauru": "Nauru",
    "Nepal": "Nepal",
    "Netherlands": "Netherlands",
    "Nevermind": "Nevermind",
    "New": "New",
    "New :resource": "New :resource",
    "New Caledonia": "New Caledonia",
    "New Password": "New Password",
    "New Zealand": "New Zealand",
    "Next": "Next",
    "Nicaragua": "Nicaragua",
    "Niger": "Niger",
    "Nigeria": "Nigeria",
    "Niue": "Niue",
    "No": "No",
    "No :resource matched the given criteria.": "No :resource matched the given criteria.",
    "No additional information...": "No additional information...",
    "No Current Data": "No Current Data",
    "No Data": "No Data",
    "no file selected": "no file selected",
    "No Increase": "No Increase",
    "No Prior Data": "No Prior Data",
    "No Results Found.": "No Results Found.",
    "Norfolk Island": "Norfolk Island",
    "Northern Mariana Islands": "Northern Mariana Islands",
    "Norway": "Norway",
    "Not Found": "Not Found",
    "Nova User": "Nova User",
    "November": "November",
    "October": "October",
    "of": "of",
    "Oh no": "Ωχ, όχι!",
    "Oman": "Oman",
    "Once a team is deleted, all of its resources and data will be permanently deleted. Before deleting this team, please download any data or information regarding this team that you wish to retain.": "Once a team is deleted, all of its resources and data will be permanently deleted. Before deleting this team, please download any data or information regarding this team that you wish to retain.",
    "Once your account is deleted, all of its resources and data will be permanently deleted. Before deleting your account, please download any data or information that you wish to retain.": "Once your account is deleted, all of its resources and data will be permanently deleted. Before deleting your account, please download any data or information that you wish to retain.",
    "Only Trashed": "Only Trashed",
    "Original": "Original",
    "Page Expired": "Η συνεδρία έληξε",
    "Pagination Navigation": "Pagination Navigation",
    "Pakistan": "Pakistan",
    "Palau": "Palau",
    "Palestinian Territory, Occupied": "Palestinian Territories",
    "Panama": "Panama",
    "Papua New Guinea": "Papua New Guinea",
    "Paraguay": "Paraguay",
    "Password": "Κωδικός",
    "Pay :amount": "Pay :amount",
    "Payment Cancelled": "Payment Cancelled",
    "Payment Confirmation": "Payment Confirmation",
    "Payment Successful": "Payment Successful",
    "Pending Team Invitations": "Pending Team Invitations",
    "Per Page": "Per Page",
    "Permanently delete this team.": "Permanently delete this team.",
    "Permanently delete your account.": "Permanently delete your account.",
    "Permissions": "Permissions",
    "Peru": "Peru",
    "Philippines": "Philippines",
    "Photo": "Photo",
    "Pitcairn": "Pitcairn Islands",
    "Please click the button below to verify your email address.": "Κάντε κλικ στο παρακάτω κουμπί για να επαληθεύσετε τη διεύθυνση ηλεκτρονικού ταχυδρομείου σας.",
    "Please confirm access to your account by entering one of your emergency recovery codes.": "Please confirm access to your account by entering one of your emergency recovery codes.",
    "Please confirm access to your account by entering the authentication code provided by your authenticator application.": "Please confirm access to your account by entering the authentication code provided by your authenticator application.",
    "Please confirm your password before continuing.": "Παρακαλούμε επιβεβαιώστε τον κωδικό σας προκειμέου να συνεχίσετε.",
    "Please copy your new API token. For your security, it won't be shown again.": "Please copy your new API token. For your security, it won't be shown again.",
    "Please enter your password to confirm you would like to log out of your other browser sessions across all of your devices.": "Please enter your password to confirm you would like to log out of your other browser sessions across all of your devices.",
    "Please enter your password to confirm you would like to logout of your other browser sessions across all of your devices.": "Please enter your password to confirm you would like to logout of your other browser sessions across all of your devices.",
    "Please provide the email address of the person you would like to add to this team.": "Please provide the email address of the person you would like to add to this team.",
    "Please provide the email address of the person you would like to add to this team. The email address must be associated with an existing account.": "Please provide the email address of the person you would like to add to this team. The email address must be associated with an existing account.",
    "Please provide your name.": "Please provide your name.",
    "Poland": "Poland",
    "Portugal": "Portugal",
    "Press \/ to search": "Press \/ to search",
    "Preview": "Preview",
    "Previous": "Previous",
    "Privacy Policy": "Privacy Policy",
    "Profile": "Profile",
    "Profile Information": "Profile Information",
    "Puerto Rico": "Puerto Rico",
    "Qatar": "Qatar",
    "Quarter To Date": "Quarter To Date",
    "Recovery Code": "Recovery Code",
    "Regards": "Φιλικά",
    "Regenerate Recovery Codes": "Regenerate Recovery Codes",
    "Register": "Εγγραφή",
    "Reload": "Reload",
    "Remember me": "Remember me",
    "Remember Me": "Μείνετε συνδεμένοι",
    "Remove": "Remove",
    "Remove Photo": "Remove Photo",
    "Remove Team Member": "Remove Team Member",
    "Resend Verification Email": "Επαναποστολή email επαλήθευσης",
    "Reset Filters": "Reset Filters",
    "Reset Password": "Επαναφορά Κωδικού",
    "Reset Password Notification": "Ειδοποίηση επαναφοράς κωδικού",
    "resource": "resource",
    "Resources": "Resources",
    "resources": "resources",
    "Restore": "Restore",
    "Restore Resource": "Restore Resource",
    "Restore Selected": "Restore Selected",
    "results": "results",
    "Reunion": "Réunion",
    "Role": "Role",
    "Romania": "Romania",
    "Run Action": "Run Action",
    "Russian Federation": "Russian Federation",
    "Rwanda": "Rwanda",
    "Saint Barthelemy": "St. Barthélemy",
    "Saint Helena": "St. Helena",
    "Saint Kitts And Nevis": "St. Kitts and Nevis",
    "Saint Lucia": "St. Lucia",
    "Saint Martin": "St. Martin",
    "Saint Pierre And Miquelon": "St. Pierre and Miquelon",
    "Saint Vincent And Grenadines": "St. Vincent and Grenadines",
    "Samoa": "Samoa",
    "San Marino": "San Marino",
    "Sao Tome And Principe": "São Tomé and Príncipe",
    "Saudi Arabia": "Saudi Arabia",
    "Save": "Save",
    "Saved.": "Saved.",
    "Search": "Search",
    "Select A New Photo": "Select A New Photo",
    "Select Action": "Select Action",
    "Select All": "Select All",
    "Select All Matching": "Select All Matching",
    "Send Password Reset Link": "Αποστολή συνδέσμου επαναφοράς κωδικού πρόσβασης",
    "Senegal": "Senegal",
    "September": "September",
    "Serbia": "Serbia",
    "Server Error": "Σφάλμα στον εξυπηρετητή (server)",
    "Service Unavailable": "Μη διαθέσιμη υπηρεσία",
    "Seychelles": "Seychelles",
    "Show All Fields": "Show All Fields",
    "Show Content": "Show Content",
    "Show Recovery Codes": "Show Recovery Codes",
    "Showing": "Showing",
    "Sierra Leone": "Sierra Leone",
    "Singapore": "Singapore",
    "Sint Maarten (Dutch part)": "Sint Maarten",
    "Slovakia": "Slovakia",
    "Slovenia": "Slovenia",
    "Solomon Islands": "Solomon Islands",
    "Somalia": "Somalia",
    "Something went wrong.": "Something went wrong.",
    "Sorry! You are not authorized to perform this action.": "Sorry! You are not authorized to perform this action.",
    "Sorry, your session has expired.": "Sorry, your session has expired.",
    "South Africa": "South Africa",
    "South Georgia And Sandwich Isl.": "South Georgia and South Sandwich Islands",
    "South Sudan": "South Sudan",
    "Spain": "Spain",
    "Sri Lanka": "Sri Lanka",
    "Start Polling": "Start Polling",
    "Stop Polling": "Stop Polling",
    "Store these recovery codes in a secure password manager. They can be used to recover access to your account if your two factor authentication device is lost.": "Store these recovery codes in a secure password manager. They can be used to recover access to your account if your two factor authentication device is lost.",
    "Sudan": "Sudan",
    "Suriname": "Suriname",
    "Svalbard And Jan Mayen": "Svalbard and Jan Mayen",
    "Swaziland": "Eswatini",
    "Sweden": "Sweden",
    "Switch Teams": "Switch Teams",
    "Switzerland": "Switzerland",
    "Syrian Arab Republic": "Syria",
    "Taiwan": "Taiwan",
    "Tajikistan": "Tajikistan",
    "Tanzania": "Tanzania",
    "Team Details": "Team Details",
    "Team Invitation": "Team Invitation",
    "Team Members": "Team Members",
    "Team Name": "Team Name",
    "Team Owner": "Team Owner",
    "Team Settings": "Team Settings",
    "Terms of Service": "Terms of Service",
    "Thailand": "Thailand",
    "Thanks for signing up! Before getting started, could you verify your email address by clicking on the link we just emailed to you? If you didn't receive the email, we will gladly send you another.": "Thanks for signing up! Before getting started, could you verify your email address by clicking on the link we just emailed to you? If you didn't receive the email, we will gladly send you another.",
    "The :attribute must be a valid role.": "The :attribute must be a valid role.",
    "The :attribute must be at least :length characters and contain at least one number.": "Το :attribute θα πρέπει να είναι τουλάχιστον :length χαρακτήρων και να περιέχει έναν αριθμό.",
    "The :attribute must be at least :length characters and contain at least one special character and one number.": "The :attribute must be at least :length characters and contain at least one special character and one number.",
    "The :attribute must be at least :length characters and contain at least one special character.": "Το :attribute θα πρέπει να είναι τουλάχιστον :length χαρακτήρων και να περιέχει έναν ειδικό χαρακτήρα.",
    "The :attribute must be at least :length characters and contain at least one uppercase character and one number.": "Το :attribute θα πρέπει να είναι τουλάχιστον :length χαρακτήρων και να περιέχει τουλάχιστον ένα κεφαλαίο χαρακτήρα και έναν αριθμό.",
    "The :attribute must be at least :length characters and contain at least one uppercase character and one special character.": "Το :attribute θα πρέπει να είναι τουλάχιστον :length χαρακτήρων και να περιέχει τουλάχιστον ένα κεφαλαίο χαρακτήρα και έναν ειδικό χαρακτήρα.",
    "The :attribute must be at least :length characters and contain at least one uppercase character, one number, and one special character.": "Το :attribute θα πρέπει να είναι τουλάχιστον :length χαρακτήρων και να περιέχει τουλάχιστον ένα κεφαλαίο χαρακτήρα, έναν αριθμό και έναν ειδικό χαρακτήρα.",
    "The :attribute must be at least :length characters and contain at least one uppercase character.": "Το :attribute θα πρέπει να είναι τουλάχιστον :length χαρακτήρων και να περιέχει τουλάχιστον ένα κεφαλαίο γράμμα.",
    "The :attribute must be at least :length characters.": "Το :attribute θα πρέπει να είναι τουλάχιστον :length χαρακτήρων.",
    "The :resource was created!": "The :resource was created!",
    "The :resource was deleted!": "The :resource was deleted!",
    "The :resource was restored!": "The :resource was restored!",
    "The :resource was updated!": "The :resource was updated!",
    "The action ran successfully!": "The action ran successfully!",
    "The file was deleted!": "The file was deleted!",
    "The government won't let us show you what's behind these doors": "The government won't let us show you what's behind these doors",
    "The HasOne relationship has already been filled.": "The HasOne relationship has already been filled.",
    "The payment was successful.": "The payment was successful.",
    "The provided password does not match your current password.": "The provided password does not match your current password.",
    "The provided password was incorrect.": "The provided password was incorrect.",
    "The provided two factor authentication code was invalid.": "The provided two factor authentication code was invalid.",
    "The resource was updated!": "The resource was updated!",
    "The team's name and owner information.": "The team's name and owner information.",
    "There are no available options for this resource.": "There are no available options for this resource.",
    "There was a problem executing the action.": "There was a problem executing the action.",
    "There was a problem submitting the form.": "There was a problem submitting the form.",
    "These people have been invited to your team and have been sent an invitation email. They may join the team by accepting the email invitation.": "These people have been invited to your team and have been sent an invitation email. They may join the team by accepting the email invitation.",
    "This action is unauthorized.": "Δεν έχετε εξουσιοδότηση γι' αυτή την ενέργεια.",
    "This device": "This device",
    "This file field is read-only.": "This file field is read-only.",
    "This image": "This image",
    "This is a secure area of the application. Please confirm your password before continuing.": "This is a secure area of the application. Please confirm your password before continuing.",
    "This password does not match our records.": "Ο κωδικός σας, δεν αντιστοιχεί στα στοιχεία μας.",
    "This password reset link will expire in :count minutes.": "Αυτός ο σύνδεσμος επαναφοράς κωδικού, θα λήξει σε :count λεπτά.",
    "This payment was already successfully confirmed.": "This payment was already successfully confirmed.",
    "This payment was cancelled.": "This payment was cancelled.",
    "This resource no longer exists": "This resource no longer exists",
    "This user already belongs to the team.": "Ο χρήστης ανήκει ήδη στην ομάδα.",
    "This user has already been invited to the team.": "This user has already been invited to the team.",
    "Timor-Leste": "Timor-Leste",
    "to": "to",
    "Today": "Today",
    "Toggle navigation": "Εναλλαγή πλοήγησης",
    "Togo": "Togo",
    "Tokelau": "Tokelau",
    "Token Name": "Token Name",
    "Tonga": "Tonga",
    "Too Many Attempts.": "Too Many Attempts.",
    "Too Many Requests": "Πάρα πολλά αιτήματα",
    "total": "total",
    "Trashed": "Trashed",
    "Trinidad And Tobago": "Trinidad and Tobago",
    "Tunisia": "Tunisia",
    "Turkey": "Turkey",
    "Turkmenistan": "Turkmenistan",
    "Turks And Caicos Islands": "Turks and Caicos Islands",
    "Tuvalu": "Tuvalu",
    "Two Factor Authentication": "Two Factor Authentication",
    "Two factor authentication is now enabled. Scan the following QR code using your phone's authenticator application.": "Two factor authentication is now enabled. Scan the following QR code using your phone's authenticator application.",
    "Uganda": "Uganda",
    "Ukraine": "Ukraine",
    "Unauthorized": "Χωρίς εξουσιοδότηση",
    "United Arab Emirates": "United Arab Emirates",
    "United Kingdom": "United Kingdom",
    "United States": "United States",
    "United States Outlying Islands": "U.S. Outlying Islands",
    "Update": "Update",
    "Update & Continue Editing": "Update & Continue Editing",
    "Update :resource": "Update :resource",
    "Update :resource: :title": "Update :resource: :title",
    "Update attached :resource: :title": "Update attached :resource: :title",
    "Update Password": "Update Password",
    "Update your account's profile information and email address.": "Update your account's profile information and email address.",
    "Uruguay": "Uruguay",
    "Use a recovery code": "Use a recovery code",
    "Use an authentication code": "Χρησιμοποιήστε έναν κωδικό εξουσιοδότησης",
    "Uzbekistan": "Uzbekistan",
    "Value": "Value",
    "Vanuatu": "Vanuatu",
    "Venezuela": "Venezuela",
    "Verify Email Address": "Επιβεβαιώστε τη διεύθυνση ηλεκτρονικού ταχυδρομείου",
    "Verify Your Email Address": "Επιβεβαιώστε τη διεύθυνση ηλεκτρονικού ταχυδρομείου σας",
    "Viet Nam": "Vietnam",
    "View": "View",
    "Virgin Islands, British": "British Virgin Islands",
    "Virgin Islands, U.S.": "U.S. Virgin Islands",
    "Wallis And Futuna": "Wallis and Futuna",
    "We were unable to find a registered user with this email address.": "Ήταν αδύνατο να βρούμε έναν εγγεγραμμένο χρήστη, με αυτή τη διεύθυνση ηλεκτρονικού ταχυδρομείου.",
    "We won't ask for your password again for a few hours.": "Δεν θα σας ξαναζητήσουμε τον κωδικό σας για μερικές ώρες.",
    "We're lost in space. The page you were trying to view does not exist.": "We're lost in space. The page you were trying to view does not exist.",
    "Welcome Back!": "Welcome Back!",
    "Western Sahara": "Western Sahara",
    "When two factor authentication is enabled, you will be prompted for a secure, random token during authentication. You may retrieve this token from your phone's Google Authenticator application.": "When two factor authentication is enabled, you will be prompted for a secure, random token during authentication. You may retrieve this token from your phone's Google Authenticator application.",
    "Whoops": "Whoops",
    "Whoops!": "Ουπς!",
    "Whoops! Something went wrong.": "Whoops! Something went wrong.",
    "With Trashed": "With Trashed",
    "Write": "Write",
    "Year To Date": "Year To Date",
    "Yemen": "Yemen",
    "Yes": "Yes",
    "You are logged in!": "Έχετε συνδεθεί!",
    "You are receiving this email because we received a password reset request for your account.": "Λαμβάνετε αυτό το μήνυμα ηλεκτρονικού ταχυδρομείου επειδή λάβαμε ένα αίτημα επαναφοράς κωδικού πρόσβασης για το λογαριασμό σας.",
    "You have been invited to join the :team team!": "You have been invited to join the :team team!",
    "You have enabled two factor authentication.": "You have enabled two factor authentication.",
    "You have not enabled two factor authentication.": "You have not enabled two factor authentication.",
    "You may delete any of your existing tokens if they are no longer needed.": "You may delete any of your existing tokens if they are no longer needed.",
    "You may not delete your personal team.": "You may not delete your personal team.",
    "You may not leave a team that you created.": "You may not leave a team that you created.",
    "Your email address is not verified.": "Δεν έχετε επαληθεύσει τη διεύθυνση ηλεκτρονικού ταχυδρομείου σας.",
    "Zambia": "Zambia",
    "Zimbabwe": "Zimbabwe"
}
