{
    "30 Days": "30 Days",
    "60 Days": "60 Days",
    "90 Days": "90 Days",
    ":amount Total": ":amount Total",
    ":resource Details": ":resource Details",
    ":resource Details: :title": ":resource Details: :title",
    "A fresh verification link has been sent to your email address.": "Se ha enviado un nuevo enlace de verificación a su correo electrónico.",
    "A new verification link has been sent to the email address you provided during registration.": "Se ha enviado un nuevo enlace de verificación a la dirección de correo electrónico que proporcionó durante el registro.",
    "Accept Invitation": "Aceptar invitación",
    "Action": "Action",
    "Action Happened At": "Happened At",
    "Action Initiated By": "Initiated By",
    "Action Name": "Name",
    "Action Status": "Status",
    "Action Target": "Target",
    "Actions": "Actions",
    "Add": "Agregar",
    "Add a new team member to your team, allowing them to collaborate with you.": "Agregue un nuevo miembro a su equipo, lo que le permitirá colaborar con usted.",
    "Add additional security to your account using two factor authentication.": "Agregue seguridad adicional a su cuenta mediante la autenticación de dos factores.",
    "Add row": "Add row",
    "Add Team Member": "Agregar nuevo miembro al equipo",
    "Added.": "Agregado.",
    "Administrator": "Administrador",
    "Administrator users can perform any action.": "Los administradores pueden realizar cualquier acción.",
    "Afghanistan": "Afghanistan",
    "Aland Islands": "Åland Islands",
    "Albania": "Albania",
    "Algeria": "Algeria",
    "All of the people that are part of this team.": "Todas las personas que forman parte de este equipo.",
    "All resources loaded.": "All resources loaded.",
    "All rights reserved.": "Todos los derechos reservados.",
    "Already registered?": "¿Ya se registró?",
    "American Samoa": "American Samoa",
    "An error occured while uploading the file.": "An error occured while uploading the file.",
    "Andorra": "Andorra",
    "Angola": "Angola",
    "Anguilla": "Anguilla",
    "Another user has updated this resource since this page was loaded. Please refresh the page and try again.": "Another user has updated this resource since this page was loaded. Please refresh the page and try again.",
    "Antarctica": "Antarctica",
    "Antigua And Barbuda": "Antigua and Barbuda",
    "API Token": "Token API",
    "API Token Permissions": "Permisos para el token API",
    "API Tokens": "Tokens API",
    "API tokens allow third-party services to authenticate with our application on your behalf.": "Los tokens API permiten a servicios de terceros autenticarse con nuestra aplicación en su nombre.",
    "April": "April",
    "Are you sure you want to delete the selected resources?": "Are you sure you want to delete the selected resources?",
    "Are you sure you want to delete this file?": "Are you sure you want to delete this file?",
    "Are you sure you want to delete this resource?": "Are you sure you want to delete this resource?",
    "Are you sure you want to delete this team? Once a team is deleted, all of its resources and data will be permanently deleted.": "¿Está seguro que desea eliminar este equipo? Una vez que se elimina un equipo, todos sus recursos y datos se eliminarán de forma permanente.",
    "Are you sure you want to delete your account? Once your account is deleted, all of its resources and data will be permanently deleted. Please enter your password to confirm you would like to permanently delete your account.": "¿Está seguro que desea eliminar su cuenta? Una vez que se elimine su cuenta, todos sus recursos y datos se eliminarán de forma permanente. Ingrese su contraseña para confirmar que desea eliminar su cuenta de forma permanente.",
    "Are you sure you want to detach the selected resources?": "Are you sure you want to detach the selected resources?",
    "Are you sure you want to detach this resource?": "Are you sure you want to detach this resource?",
    "Are you sure you want to force delete the selected resources?": "Are you sure you want to force delete the selected resources?",
    "Are you sure you want to force delete this resource?": "Are you sure you want to force delete this resource?",
    "Are you sure you want to restore the selected resources?": "Are you sure you want to restore the selected resources?",
    "Are you sure you want to restore this resource?": "Are you sure you want to restore this resource?",
    "Are you sure you want to run this action?": "Are you sure you want to run this action?",
    "Are you sure you would like to delete this API token?": "¿Está seguro que desea eliminar este token API?",
    "Are you sure you would like to leave this team?": "¿Está seguro que le gustaría abandonar este equipo?",
    "Are you sure you would like to remove this person from the team?": "¿Está seguro que desea retirar a esta persona del equipo?",
    "Argentina": "Argentina",
    "Armenia": "Armenia",
    "Aruba": "Aruba",
    "Attach": "Attach",
    "Attach & Attach Another": "Attach & Attach Another",
    "Attach :resource": "Attach :resource",
    "August": "August",
    "Australia": "Australia",
    "Austria": "Austria",
    "Azerbaijan": "Azerbaijan",
    "Bahamas": "Bahamas",
    "Bahrain": "Bahrain",
    "Bangladesh": "Bangladesh",
    "Barbados": "Barbados",
    "Before proceeding, please check your email for a verification link.": "Antes de continuar, por favor, confirme su correo electrónico con el enlace de verificación que le fue enviado.",
    "Belarus": "Belarus",
    "Belgium": "Belgium",
    "Belize": "Belize",
    "Benin": "Benin",
    "Bermuda": "Bermuda",
    "Bhutan": "Bhutan",
    "Bolivia": "Bolivia",
    "Bonaire, Sint Eustatius and Saba": "Bonaire, Sint Eustatius and Saba",
    "Bosnia And Herzegovina": "Bosnia and Herzegovina",
    "Botswana": "Botswana",
    "Bouvet Island": "Bouvet Island",
    "Brazil": "Brazil",
    "British Indian Ocean Territory": "British Indian Ocean Territory",
    "Browser Sessions": "Sesiones del navegador",
    "Brunei Darussalam": "Brunei",
    "Bulgaria": "Bulgaria",
    "Burkina Faso": "Burkina Faso",
    "Burundi": "Burundi",
    "Cambodia": "Cambodia",
    "Cameroon": "Cameroon",
    "Canada": "Canada",
    "Cancel": "Cancelar",
    "Cape Verde": "Cape Verde",
    "Card": "Tarjeta",
    "Cayman Islands": "Cayman Islands",
    "Central African Republic": "Central African Republic",
    "Chad": "Chad",
    "Changes": "Changes",
    "Chile": "Chile",
    "China": "China",
    "Choose": "Choose",
    "Choose :field": "Choose :field",
    "Choose :resource": "Choose :resource",
    "Choose an option": "Choose an option",
    "Choose date": "Choose date",
    "Choose File": "Choose File",
    "Choose Type": "Choose Type",
    "Christmas Island": "Christmas Island",
    "click here to request another": "haga clic aquí para solicitar otro",
    "Click to choose": "Click to choose",
    "Close": "Cerrar",
    "Cocos (Keeling) Islands": "Cocos (Keeling) Islands",
    "Code": "Código",
    "Colombia": "Colombia",
    "Comoros": "Comoros",
    "Confirm": "Confirmar",
    "Confirm Password": "Confirmar contraseña",
    "Confirm Payment": "Confirmar pago",
    "Confirm your :amount payment": "Confirme su pago de :amount",
    "Congo": "Congo",
    "Congo, Democratic Republic": "Congo, Democratic Republic",
    "Constant": "Constant",
    "Cook Islands": "Cook Islands",
    "Costa Rica": "Costa Rica",
    "Cote D'Ivoire": "Côte d'Ivoire",
    "could not be found.": "could not be found.",
    "Create": "Crear",
    "Create & Add Another": "Create & Add Another",
    "Create :resource": "Create :resource",
    "Create a new team to collaborate with others on projects.": "Cree un nuevo equipo para colaborar con otros en proyectos.",
    "Create Account": "Crear cuenta",
    "Create API Token": "Crear Token API",
    "Create New Team": "Crear nuevo equipo",
    "Create Team": "Crear equipo",
    "Created.": "Creado.",
    "Croatia": "Croatia",
    "Cuba": "Cuba",
    "Curaçao": "Curaçao",
    "Current Password": "Contraseña actual",
    "Customize": "Customize",
    "Cyprus": "Cyprus",
    "Czech Republic": "Czechia",
    "Dashboard": "Panel",
    "December": "December",
    "Decrease": "Decrease",
    "Delete": "Eliminar",
    "Delete Account": "Borrar cuenta",
    "Delete API Token": "Borrar token API",
    "Delete File": "Delete File",
    "Delete Resource": "Delete Resource",
    "Delete Selected": "Delete Selected",
    "Delete Team": "Borrar equipo",
    "Denmark": "Denmark",
    "Detach": "Detach",
    "Detach Resource": "Detach Resource",
    "Detach Selected": "Detach Selected",
    "Details": "Details",
    "Disable": "Inhabilitar",
    "Djibouti": "Djibouti",
    "Do you really want to leave? You have unsaved changes.": "Do you really want to leave? You have unsaved changes.",
    "Dominica": "Dominica",
    "Dominican Republic": "Dominican Republic",
    "Done.": "Hecho.",
    "Download": "Download",
    "E-Mail Address": "Correo Electrónico",
    "Ecuador": "Ecuador",
    "Edit": "Edit",
    "Edit :resource": "Edit :resource",
    "Edit Attached": "Edit Attached",
    "Editor": "Editor",
    "Editor users have the ability to read, create, and update.": "Los editores están habilitados para leer, crear y actualizar.",
    "Egypt": "Egypt",
    "El Salvador": "El Salvador",
    "Email": "Correo electrónico",
    "Email Address": "Email Address",
    "Email Password Reset Link": "Enviar enlace para restablecer contraseña",
    "Enable": "Habilitar",
    "Ensure your account is using a long, random password to stay secure.": "Asegúrese que su cuenta esté usando una contraseña larga y aleatoria para mantenerse seguro.",
    "Equatorial Guinea": "Equatorial Guinea",
    "Eritrea": "Eritrea",
    "Estonia": "Estonia",
    "Ethiopia": "Ethiopia",
    "Extra confirmation is needed to process your payment. Please confirm your payment by filling out your payment details below.": "Se necesita confirmación adicional para procesar su pago. Confirme su pago completando los detalles a continuación.",
    "Extra confirmation is needed to process your payment. Please continue to the payment page by clicking on the button below.": "Se necesita confirmación adicional para procesar su pago. Continúe a la página de pago haciendo clic en el botón de abajo.",
    "Falkland Islands (Malvinas)": "Falkland Islands (Malvinas)",
    "Faroe Islands": "Faroe Islands",
    "February": "February",
    "Fiji": "Fiji",
    "Finland": "Finland",
    "For your security, please confirm your password to continue.": "Por su seguridad, confirme su contraseña para continuar.",
    "Forbidden": "Prohibido",
    "Force Delete": "Force Delete",
    "Force Delete Resource": "Force Delete Resource",
    "Force Delete Selected": "Force Delete Selected",
    "Forgot Your Password?": "¿Olvidó su Contraseña?",
    "Forgot your password?": "¿Olvidó su contraseña?",
    "Forgot your password? No problem. Just let us know your email address and we will email you a password reset link that will allow you to choose a new one.": "¿Olvidó su contraseña? No hay problema. Simplemente déjenos saber su dirección de correo electrónico y le enviaremos un enlace para restablecer la contraseña que le permitirá elegir una nueva.",
    "France": "France",
    "French Guiana": "French Guiana",
    "French Polynesia": "French Polynesia",
    "French Southern Territories": "French Southern Territories",
    "Full name": "Nombre completo",
    "Gabon": "Gabon",
    "Gambia": "Gambia",
    "Georgia": "Georgia",
    "Germany": "Germany",
    "Ghana": "Ghana",
    "Gibraltar": "Gibraltar",
    "Go back": "Ir atrás",
    "Go Home": "Ir a inicio",
    "Go to page :page": "Ir a la página :page",
    "Great! You have accepted the invitation to join the :team team.": "¡Genial! Usted ha aceptado la invitación para unirse al equipo :team.",
    "Greece": "Greece",
    "Greenland": "Greenland",
    "Grenada": "Grenada",
    "Guadeloupe": "Guadeloupe",
    "Guam": "Guam",
    "Guatemala": "Guatemala",
    "Guernsey": "Guernsey",
    "Guinea": "Guinea",
    "Guinea-Bissau": "Guinea-Bissau",
    "Guyana": "Guyana",
    "Haiti": "Haiti",
    "Heard Island & Mcdonald Islands": "Heard Island and McDonald Islands",
    "Hello!": "¡Hola!",
    "Hide Content": "Hide Content",
    "Hold Up!": "Hold Up!",
    "Holy See (Vatican City State)": "Vatican City",
    "Honduras": "Honduras",
    "Hong Kong": "Hong Kong",
    "Hungary": "Hungary",
    "I agree to the :terms_of_service and :privacy_policy": "Acepto los :terms_of_service y la :privacy_policy",
    "Iceland": "Iceland",
    "ID": "ID",
    "If necessary, you may log out of all of your other browser sessions across all of your devices. Some of your recent sessions are listed below; however, this list may not be exhaustive. If you feel your account has been compromised, you should also update your password.": "Si es necesario, puede salir de todas las demás sesiones de otros navegadores en todos sus dispositivos. Algunas de sus sesiones recientes se enumeran a continuación; sin embargo, es posible que esta lista no sea exhaustiva. Si cree que su cuenta se ha visto comprometida, también debería actualizar su contraseña.",
    "If necessary, you may logout of all of your other browser sessions across all of your devices. Some of your recent sessions are listed below; however, this list may not be exhaustive. If you feel your account has been compromised, you should also update your password.": "Si es necesario, puede salir de todas las demás sesiones de otros navegadores en todos sus dispositivos. Algunas de sus sesiones recientes se enumeran a continuación; sin embargo, es posible que esta lista no sea exhaustiva. Si cree que su cuenta se ha visto comprometida, también debería actualizar su contraseña.",
    "If you already have an account, you may accept this invitation by clicking the button below:": "Si ya tiene una cuenta, puede aceptar esta invitación haciendo clic en el botón de abajo:",
    "If you did not create an account, no further action is required.": "Si no ha creado una cuenta, no se requiere ninguna acción adicional.",
    "If you did not expect to receive an invitation to this team, you may discard this email.": "Si no esperaba recibir una invitación para este equipo, puede descartar este correo electrónico.",
    "If you did not receive the email": "Si no ha recibido el correo electrónico",
    "If you did not request a password reset, no further action is required.": "Si no ha solicitado el restablecimiento de contraseña, omita este mensaje de correo electrónico.",
    "If you do not have an account, you may create one by clicking the button below. After creating an account, you may click the invitation acceptance button in this email to accept the team invitation:": "Si no tiene una cuenta, puede crear una haciendo clic en el botón de abajo. Después de crear una cuenta, puede hacer clic en el botón de aceptación de la invitación en este correo electrónico para aceptar la invitación del equipo:",
    "If you’re having trouble clicking the \":actionText\" button, copy and paste the URL below\ninto your web browser:": "Si tiene problemas para hacer clic en el botón \":actionText\", copie y pegue la siguiente URL \nen su navegador web:",
    "Increase": "Increase",
    "India": "India",
    "Indonesia": "Indonesia",
    "Invalid signature.": "Firma no válida.",
    "Iran, Islamic Republic Of": "Iran",
    "Iraq": "Iraq",
    "Ireland": "Ireland",
    "Isle Of Man": "Isle of Man",
    "Israel": "Israel",
    "Italy": "Italy",
    "Jamaica": "Jamaica",
    "January": "January",
    "Japan": "Japan",
    "Jersey": "Jersey",
    "Jordan": "Jordan",
    "July": "July",
    "June": "June",
    "Kazakhstan": "Kazakhstan",
    "Kenya": "Kenya",
    "Key": "Key",
    "Kiribati": "Kiribati",
    "Korea": "South Korea",
    "Korea, Democratic People's Republic of": "North Korea",
    "Kosovo": "Kosovo",
    "Kuwait": "Kuwait",
    "Kyrgyzstan": "Kyrgyzstan",
    "Lao People's Democratic Republic": "Laos",
    "Last active": "Activo por última vez",
    "Last used": "Usado por última vez",
    "Latvia": "Latvia",
    "Leave": "Abandonar",
    "Leave Team": "Abandonar equipo",
    "Lebanon": "Lebanon",
    "Lens": "Lens",
    "Lesotho": "Lesotho",
    "Liberia": "Liberia",
    "Libyan Arab Jamahiriya": "Libya",
    "Liechtenstein": "Liechtenstein",
    "Lithuania": "Lithuania",
    "Load :perPage More": "Load :perPage More",
    "Log in": "Iniciar sesión",
    "Log out": "Finalizar sesión",
    "Log Out": "Finalizar sesión",
    "Log Out Other Browser Sessions": "Cerrar las demás sesiones",
    "Login": "Iniciar sesión",
    "Logout": "Finalizar sesión",
    "Logout Other Browser Sessions": "Cerrar las demás sesiones",
    "Luxembourg": "Luxembourg",
    "Macao": "Macao",
    "Macedonia": "North Macedonia",
    "Madagascar": "Madagascar",
    "Malawi": "Malawi",
    "Malaysia": "Malaysia",
    "Maldives": "Maldives",
    "Mali": "Mali",
    "Malta": "Malta",
    "Manage Account": "Administrar cuenta",
    "Manage and log out your active sessions on other browsers and devices.": "Administre y cierre sus sesiones activas en otros navegadores y dispositivos.",
    "Manage and logout your active sessions on other browsers and devices.": "Administre y cierre sus sesiones activas en otros navegadores y dispositivos.",
    "Manage API Tokens": "Administrar Tokens API",
    "Manage Role": "Administrar rol",
    "Manage Team": "Administrar equipo",
    "March": "March",
    "Marshall Islands": "Marshall Islands",
    "Martinique": "Martinique",
    "Mauritania": "Mauritania",
    "Mauritius": "Mauritius",
    "May": "May",
    "Mayotte": "Mayotte",
    "Mexico": "Mexico",
    "Micronesia, Federated States Of": "Micronesia",
    "Moldova": "Moldova",
    "Monaco": "Monaco",
    "Mongolia": "Mongolia",
    "Montenegro": "Montenegro",
    "Month To Date": "Month To Date",
    "Montserrat": "Montserrat",
    "Morocco": "Morocco",
    "Mozambique": "Mozambique",
    "Myanmar": "Myanmar",
    "Name": "Nombre",
    "Namibia": "Namibia",
    "Nauru": "Nauru",
    "Nepal": "Nepal",
    "Netherlands": "Netherlands",
    "Nevermind": "Olvidar",
    "New": "New",
    "New :resource": "New :resource",
    "New Caledonia": "New Caledonia",
    "New Password": "Nueva contraseña",
    "New Zealand": "New Zealand",
    "Next": "Next",
    "Nicaragua": "Nicaragua",
    "Niger": "Niger",
    "Nigeria": "Nigeria",
    "Niue": "Niue",
    "No": "No",
    "No :resource matched the given criteria.": "No :resource matched the given criteria.",
    "No additional information...": "No additional information...",
    "No Current Data": "No Current Data",
    "No Data": "No Data",
    "no file selected": "no file selected",
    "No Increase": "No Increase",
    "No Prior Data": "No Prior Data",
    "No Results Found.": "No Results Found.",
    "Norfolk Island": "Norfolk Island",
    "Northern Mariana Islands": "Northern Mariana Islands",
    "Norway": "Norway",
    "Not Found": "No encontrado",
    "Nova User": "Nova User",
    "November": "November",
    "October": "October",
    "of": "de",
    "Oh no": "Oh no",
    "Oman": "Oman",
    "Once a team is deleted, all of its resources and data will be permanently deleted. Before deleting this team, please download any data or information regarding this team that you wish to retain.": "Una vez que se elimina un equipo, todos sus recursos y datos se eliminarán de forma permanente. Antes de eliminar este equipo, descargue cualquier dato o información sobre este equipo que desee conservar.",
    "Once your account is deleted, all of its resources and data will be permanently deleted. Before deleting your account, please download any data or information that you wish to retain.": "Una vez su cuenta sea borrada, todos sus recursos y datos se eliminarán de forma permanente. Antes de borrar su cuenta, por favor descargue cualquier dato o información que desee conservar.",
    "Only Trashed": "Only Trashed",
    "Original": "Original",
    "Page Expired": "Página expirada",
    "Pagination Navigation": "Navegación por los enlaces de paginación",
    "Pakistan": "Pakistan",
    "Palau": "Palau",
    "Palestinian Territory, Occupied": "Palestinian Territories",
    "Panama": "Panama",
    "Papua New Guinea": "Papua New Guinea",
    "Paraguay": "Paraguay",
    "Password": "Contraseña",
    "Pay :amount": "Pague :amount",
    "Payment Cancelled": "Pago cancelado",
    "Payment Confirmation": "Confirmación de pago",
    "Payment Successful": "Pago exitoso",
    "Pending Team Invitations": "Invitaciones de equipo pendientes",
    "Per Page": "Per Page",
    "Permanently delete this team.": "Eliminar este equipo de forma permanente",
    "Permanently delete your account.": "Eliminar su cuenta de forma permanente.",
    "Permissions": "Permisos",
    "Peru": "Peru",
    "Philippines": "Philippines",
    "Photo": "Foto",
    "Pitcairn": "Pitcairn Islands",
    "Please click the button below to verify your email address.": "Por favor, haga clic en el botón de abajo para verificar su dirección de correo electrónico.",
    "Please confirm access to your account by entering one of your emergency recovery codes.": "Por favor confirme el acceso a su cuenta ingresando uno de sus códigos de recuperación de emergencia.",
    "Please confirm access to your account by entering the authentication code provided by your authenticator application.": "Por favor confirme el acceso a su cuenta digitando el código de autenticación provisto por su aplicación autenticadora.",
    "Please confirm your password before continuing.": "Por favor confirme su contraseña antes de continuar.",
    "Please copy your new API token. For your security, it won't be shown again.": "Por favor copie su nuevo token API. Por su seguridad, no se volverá a mostrar.",
    "Please enter your password to confirm you would like to log out of your other browser sessions across all of your devices.": "Por favor ingrese su contraseña para confirmar que desea cerrar las demás sesiones de otros navegadores en todos sus dispositivos.",
    "Please enter your password to confirm you would like to logout of your other browser sessions across all of your devices.": "Por favor ingrese su contraseña para confirmar que desea cerrar las demás sesiones de otros navegadores en todos sus dispositivos.",
    "Please provide the email address of the person you would like to add to this team.": "Por favor proporcione la dirección de correo electrónico de la persona que le gustaría agregar a este equipo.",
    "Please provide the email address of the person you would like to add to this team. The email address must be associated with an existing account.": "Por favor proporcione la dirección de correo electrónico de la persona que le gustaría agregar a este equipo. La dirección de correo electrónico debe estar asociada a una cuenta existente.",
    "Please provide your name.": "Por favor proporcione su nombre.",
    "Poland": "Poland",
    "Portugal": "Portugal",
    "Press \/ to search": "Press \/ to search",
    "Preview": "Preview",
    "Previous": "Previous",
    "Privacy Policy": "Política de Privacidad",
    "Profile": "Perfil",
    "Profile Information": "Información de perfil",
    "Puerto Rico": "Puerto Rico",
    "Qatar": "Qatar",
    "Quarter To Date": "Quarter To Date",
    "Recovery Code": "Código de recuperación",
    "Regards": "Saludos",
    "Regenerate Recovery Codes": "Regenerar códigos de recuperación",
    "Register": "Registrarse",
    "Reload": "Reload",
    "Remember me": "Mantener sesión activa",
    "Remember Me": "Mantener sesión activa",
    "Remove": "Eliminar",
    "Remove Photo": "Eliminar foto",
    "Remove Team Member": "Eliminar miembro del equipo",
    "Resend Verification Email": "Reenviar correo de verificación",
    "Reset Filters": "Reset Filters",
    "Reset Password": "Restablecer contraseña",
    "Reset Password Notification": "Notificación de restablecimiento de contraseña",
    "resource": "resource",
    "Resources": "Resources",
    "resources": "resources",
    "Restore": "Restore",
    "Restore Resource": "Restore Resource",
    "Restore Selected": "Restore Selected",
    "results": "resultados",
    "Reunion": "Réunion",
    "Role": "Rol",
    "Romania": "Romania",
    "Run Action": "Run Action",
    "Russian Federation": "Russian Federation",
    "Rwanda": "Rwanda",
    "Saint Barthelemy": "St. Barthélemy",
    "Saint Helena": "St. Helena",
    "Saint Kitts And Nevis": "St. Kitts and Nevis",
    "Saint Lucia": "St. Lucia",
    "Saint Martin": "St. Martin",
    "Saint Pierre And Miquelon": "St. Pierre and Miquelon",
    "Saint Vincent And Grenadines": "St. Vincent and Grenadines",
    "Samoa": "Samoa",
    "San Marino": "San Marino",
    "Sao Tome And Principe": "São Tomé and Príncipe",
    "Saudi Arabia": "Saudi Arabia",
    "Save": "Guardar",
    "Saved.": "Guardado.",
    "Search": "Search",
    "Select A New Photo": "Seleccione una nueva foto",
    "Select Action": "Select Action",
    "Select All": "Select All",
    "Select All Matching": "Select All Matching",
    "Send Password Reset Link": "Enviar enlace para restablecer la contraseña",
    "Senegal": "Senegal",
    "September": "September",
    "Serbia": "Serbia",
    "Server Error": "Error del servidor",
    "Service Unavailable": "Servicio no disponible",
    "Seychelles": "Seychelles",
    "Show All Fields": "Show All Fields",
    "Show Content": "Show Content",
    "Show Recovery Codes": "Mostrar códigos de recuperación",
    "Showing": "Mostrando desde el",
    "Sierra Leone": "Sierra Leone",
    "Singapore": "Singapore",
    "Sint Maarten (Dutch part)": "Sint Maarten",
    "Slovakia": "Slovakia",
    "Slovenia": "Slovenia",
    "Solomon Islands": "Solomon Islands",
    "Somalia": "Somalia",
    "Something went wrong.": "Something went wrong.",
    "Sorry! You are not authorized to perform this action.": "Sorry! You are not authorized to perform this action.",
    "Sorry, your session has expired.": "Sorry, your session has expired.",
    "South Africa": "South Africa",
    "South Georgia And Sandwich Isl.": "South Georgia and South Sandwich Islands",
    "South Sudan": "South Sudan",
    "Spain": "Spain",
    "Sri Lanka": "Sri Lanka",
    "Start Polling": "Start Polling",
    "Stop Polling": "Stop Polling",
    "Store these recovery codes in a secure password manager. They can be used to recover access to your account if your two factor authentication device is lost.": "Guarde estos códigos de recuperación en un administrador de contraseñas seguro. Se pueden utilizar para recuperar el acceso a su cuenta si pierde su dispositivo de autenticación de dos factores.",
    "Sudan": "Sudan",
    "Suriname": "Suriname",
    "Svalbard And Jan Mayen": "Svalbard and Jan Mayen",
    "Swaziland": "Eswatini",
    "Sweden": "Sweden",
    "Switch Teams": "Cambiar de equipo",
    "Switzerland": "Switzerland",
    "Syrian Arab Republic": "Syria",
    "Taiwan": "Taiwan",
    "Tajikistan": "Tajikistan",
    "Tanzania": "Tanzania",
    "Team Details": "Detalles del equipo",
    "Team Invitation": "Invitación de equipo",
    "Team Members": "Miembros del equipo",
    "Team Name": "Nombre del equipo",
    "Team Owner": "Propietario del equipo",
    "Team Settings": "Ajustes del equipo",
    "Terms of Service": "Términos del servicio",
    "Thailand": "Thailand",
    "Thanks for signing up! Before getting started, could you verify your email address by clicking on the link we just emailed to you? If you didn't receive the email, we will gladly send you another.": "¡Gracias por registrarse! Antes de comenzar, ¿podría verificar su dirección de correo electrónico haciendo clic en el enlace que le acabamos de enviar? Si no recibió el correo electrónico, con gusto le enviaremos otro.",
    "The :attribute must be a valid role.": ":Attribute debe ser un rol válido.",
    "The :attribute must be at least :length characters and contain at least one number.": "La :attribute debe tener al menos :length caracteres y contener por lo menos un número.",
    "The :attribute must be at least :length characters and contain at least one special character and one number.": "La :attribute debe tener al menos :length caracteres y contener por lo menos un caracter especial y un número.",
    "The :attribute must be at least :length characters and contain at least one special character.": "La :attribute debe tener al menos :length caracteres y contener por lo menos un carácter especial.",
    "The :attribute must be at least :length characters and contain at least one uppercase character and one number.": "La :attribute debe tener al menos :length caracteres y contener por lo menos una letra mayúscula y un número.",
    "The :attribute must be at least :length characters and contain at least one uppercase character and one special character.": "La :attribute debe tener al menos :length caracteres y contener por lo menos una letra mayúscula y un carácter especial.",
    "The :attribute must be at least :length characters and contain at least one uppercase character, one number, and one special character.": "La :attribute debe tener al menos :length caracteres y contener por lo menos una letra mayúscula, un número y un carácter especial.",
    "The :attribute must be at least :length characters and contain at least one uppercase character.": "La :attribute debe tener al menos :length caracteres y contener por lo menos una letra mayúscula.",
    "The :attribute must be at least :length characters.": "La :attribute debe tener al menos :length caracteres.",
    "The :resource was created!": "The :resource was created!",
    "The :resource was deleted!": "The :resource was deleted!",
    "The :resource was restored!": "The :resource was restored!",
    "The :resource was updated!": "The :resource was updated!",
    "The action ran successfully!": "The action ran successfully!",
    "The file was deleted!": "The file was deleted!",
    "The government won't let us show you what's behind these doors": "The government won't let us show you what's behind these doors",
    "The HasOne relationship has already been filled.": "The HasOne relationship has already been filled.",
    "The payment was successful.": "El pago fue exitoso.",
    "The provided password does not match your current password.": "La contraseña proporcionada no coincide con su contraseña actual.",
    "The provided password was incorrect.": "La contraseña proporcionada no es correcta.",
    "The provided two factor authentication code was invalid.": "El código de autenticación de dos factores proporcionado no es válido.",
    "The resource was updated!": "The resource was updated!",
    "The team's name and owner information.": "Nombre del equipo e información del propietario.",
    "There are no available options for this resource.": "There are no available options for this resource.",
    "There was a problem executing the action.": "There was a problem executing the action.",
    "There was a problem submitting the form.": "There was a problem submitting the form.",
    "These people have been invited to your team and have been sent an invitation email. They may join the team by accepting the email invitation.": "Estas personas han sido invitadas a su equipo y se les ha enviado un correo electrónico de invitación. Pueden unirse al equipo aceptando la invitación por correo electrónico.",
    "This action is unauthorized.": "Esta acción no está autorizada.",
    "This device": "Este dispositivo",
    "This file field is read-only.": "This file field is read-only.",
    "This image": "This image",
    "This is a secure area of the application. Please confirm your password before continuing.": "Esta es un área segura de la aplicación. Confirme su contraseña antes de continuar.",
    "This password does not match our records.": "Esta contraseña no coincide con nuestros registros.",
    "This password reset link will expire in :count minutes.": "Este enlace de restablecimiento de contraseña expirará en :count minutos.",
    "This payment was already successfully confirmed.": "Este pago ya se confirmó con éxito.",
    "This payment was cancelled.": "Este pago fue cancelado.",
    "This resource no longer exists": "This resource no longer exists",
    "This user already belongs to the team.": "Este usuario ya pertenece al equipo.",
    "This user has already been invited to the team.": "Este usuario ya ha sido invitado al equipo.",
    "Timor-Leste": "Timor-Leste",
    "to": "al",
    "Today": "Today",
    "Toggle navigation": "Activar navegación",
    "Togo": "Togo",
    "Tokelau": "Tokelau",
    "Token Name": "Nombre del token",
    "Tonga": "Tonga",
    "Too Many Attempts.": "Demasiados intentos",
    "Too Many Requests": "Demasiadas peticiones",
    "total": "total",
    "Trashed": "Trashed",
    "Trinidad And Tobago": "Trinidad and Tobago",
    "Tunisia": "Tunisia",
    "Turkey": "Turkey",
    "Turkmenistan": "Turkmenistan",
    "Turks And Caicos Islands": "Turks and Caicos Islands",
    "Tuvalu": "Tuvalu",
    "Two Factor Authentication": "Autenticación de dos factores",
    "Two factor authentication is now enabled. Scan the following QR code using your phone's authenticator application.": "La autenticación de dos factores ahora está habilitada. Escanee el siguiente código QR usando la aplicación de autenticación de su teléfono.",
    "Uganda": "Uganda",
    "Ukraine": "Ukraine",
    "Unauthorized": "No autorizado",
    "United Arab Emirates": "United Arab Emirates",
    "United Kingdom": "United Kingdom",
    "United States": "United States",
    "United States Outlying Islands": "U.S. Outlying Islands",
    "Update": "Update",
    "Update & Continue Editing": "Update & Continue Editing",
    "Update :resource": "Update :resource",
    "Update :resource: :title": "Update :resource: :title",
    "Update attached :resource: :title": "Update attached :resource: :title",
    "Update Password": "Actualizar contraseña",
    "Update your account's profile information and email address.": "Actualice la información de su cuenta y la dirección de correo electrónico",
    "Uruguay": "Uruguay",
    "Use a recovery code": "Use un código de recuperación",
    "Use an authentication code": "Use un código de autenticación",
    "Uzbekistan": "Uzbekistan",
    "Value": "Value",
    "Vanuatu": "Vanuatu",
    "Venezuela": "Venezuela",
    "Verify Email Address": "Confirme su correo electrónico",
    "Verify Your Email Address": "Verifique su correo electrónico",
    "Viet Nam": "Vietnam",
    "View": "View",
    "Virgin Islands, British": "British Virgin Islands",
    "Virgin Islands, U.S.": "U.S. Virgin Islands",
    "Wallis And Futuna": "Wallis and Futuna",
    "We were unable to find a registered user with this email address.": "No pudimos encontrar un usuario registrado con esta dirección de correo electrónico.",
    "We won't ask for your password again for a few hours.": "No pediremos su contraseña de nuevo por unas horas.",
    "We're lost in space. The page you were trying to view does not exist.": "We're lost in space. The page you were trying to view does not exist.",
    "Welcome Back!": "Welcome Back!",
    "Western Sahara": "Western Sahara",
    "When two factor authentication is enabled, you will be prompted for a secure, random token during authentication. You may retrieve this token from your phone's Google Authenticator application.": "Cuando la autenticación de dos factores esté habilitada, le pediremos un token aleatorio seguro durante la autenticación. Puede recuperar este token desde la aplicación Google Authenticator de su teléfono.",
    "Whoops": "Whoops",
    "Whoops!": "¡Ups!",
    "Whoops! Something went wrong.": "¡Ups! Algo salió mal",
    "With Trashed": "With Trashed",
    "Write": "Write",
    "Year To Date": "Year To Date",
    "Yemen": "Yemen",
    "Yes": "Yes",
    "You are logged in!": "¡Ha iniciado sesión!",
    "You are receiving this email because we received a password reset request for your account.": "Ha recibido este mensaje porque se solicitó un restablecimiento de contraseña para su cuenta.",
    "You have been invited to join the :team team!": "¡Usted ha sido invitado a unirse al equipo :team!",
    "You have enabled two factor authentication.": "Ha habilitado la autenticación de dos factores.",
    "You have not enabled two factor authentication.": "No ha habilitado la autenticación de dos factores.",
    "You may delete any of your existing tokens if they are no longer needed.": "Puede eliminar cualquiera de sus tokens existentes si ya no los necesita.",
    "You may not delete your personal team.": "No se puede borrar su equipo personal.",
    "You may not leave a team that you created.": "No se puede abandonar un equipo que usted creó.",
    "Your email address is not verified.": "Su dirección de correo electrónico no está verificada.",
    "Zambia": "Zambia",
    "Zimbabwe": "Zimbabwe"
}
