{
    "30 Days": "30 Days",
    "60 Days": "60 Days",
    "90 Days": "90 Days",
    ":amount Total": ":amount Total",
    ":resource Details": ":resource Details",
    ":resource Details: :title": ":resource Details: :title",
    "A fresh verification link has been sent to your email address.": "لینک تایید جدیدی برای ایمیل شما ارسال شد.",
    "A new verification link has been sent to the email address you provided during registration.": "یک لینک تایید جدید به ایمیلی که در هنگام ثبت نام وارد کرده بودید ارسال شد.",
    "Accept Invitation": "Accept Invitation",
    "Action": "Action",
    "Action Happened At": "Happened At",
    "Action Initiated By": "Initiated By",
    "Action Name": "Name",
    "Action Status": "Status",
    "Action Target": "Target",
    "Actions": "Actions",
    "Add": "افزودن",
    "Add a new team member to your team, allowing them to collaborate with you.": "یک عضو تیم جدید به تیم خود اضافه کنید ،و به آن اجازه دهید با شما همکاری کند.",
    "Add additional security to your account using two factor authentication.": "با استفاده از احراز هویت دو مرحله ای ، امنیت بیشتری به حساب خود اضافه کنید.",
    "Add row": "Add row",
    "Add Team Member": "افزودن عضو تیم",
    "Added.": "افزوده شد",
    "Administrator": "مدیر",
    "Administrator users can perform any action.": "کاربران مدیر می توانند هر عملی را انجام دهند.",
    "Afghanistan": "Afghanistan",
    "Aland Islands": "Åland Islands",
    "Albania": "Albania",
    "Algeria": "Algeria",
    "All of the people that are part of this team.": "همه افرادی که بخشی از این تیم هستند.",
    "All resources loaded.": "All resources loaded.",
    "All rights reserved.": "کلیه حقوق محفوظ است.",
    "Already registered?": "قبلا ثبت نام کرده‌اید؟",
    "American Samoa": "American Samoa",
    "An error occured while uploading the file.": "An error occured while uploading the file.",
    "Andorra": "Andorra",
    "Angola": "Angola",
    "Anguilla": "Anguilla",
    "Another user has updated this resource since this page was loaded. Please refresh the page and try again.": "Another user has updated this resource since this page was loaded. Please refresh the page and try again.",
    "Antarctica": "Antarctica",
    "Antigua And Barbuda": "Antigua and Barbuda",
    "API Token": "رمز API",
    "API Token Permissions": "مجوزهای رمز API",
    "API Tokens": "رمز API",
    "API tokens allow third-party services to authenticate with our application on your behalf.": "رمزهای API به نرم افزار های دیگر این اجازه را می دهند تا با نام کاربری شمااحراز هویت شوند.",
    "April": "April",
    "Are you sure you want to delete the selected resources?": "Are you sure you want to delete the selected resources?",
    "Are you sure you want to delete this file?": "Are you sure you want to delete this file?",
    "Are you sure you want to delete this resource?": "Are you sure you want to delete this resource?",
    "Are you sure you want to delete this team? Once a team is deleted, all of its resources and data will be permanently deleted.": "آیا مطمئن هستید که می خواهید این تیم را حذف کنید؟ پس از حذف تیم ، تمام منابع و داده های آن برای همیشه حذف می شوند.",
    "Are you sure you want to delete your account? Once your account is deleted, all of its resources and data will be permanently deleted. Please enter your password to confirm you would like to permanently delete your account.": " آیا مطمئن هستید که می خواهید حساب خود را حذف کنید؟ پس از حذف حساب ، تمام منابع و داده های آن برای همیشه حذف می شود. لطفاً رمز ورود خود را وارد کنید تا تأیید کنید که میخواهید برای همیشه  حساب کاربری خود را حذف نمایید. ",
    "Are you sure you want to detach the selected resources?": "Are you sure you want to detach the selected resources?",
    "Are you sure you want to detach this resource?": "Are you sure you want to detach this resource?",
    "Are you sure you want to force delete the selected resources?": "Are you sure you want to force delete the selected resources?",
    "Are you sure you want to force delete this resource?": "Are you sure you want to force delete this resource?",
    "Are you sure you want to restore the selected resources?": "Are you sure you want to restore the selected resources?",
    "Are you sure you want to restore this resource?": "Are you sure you want to restore this resource?",
    "Are you sure you want to run this action?": "Are you sure you want to run this action?",
    "Are you sure you would like to delete this API token?": "آیا مطمئن هستید که می خواهید این رمز API را حذف کنید؟",
    "Are you sure you would like to leave this team?": "آیا مطمئن هستید که می خواهید این تیم را ترک کنید؟",
    "Are you sure you would like to remove this person from the team?": "آیا مطمئن هستید که می خواهید این شخص را از تیم حذف کنید؟",
    "Argentina": "Argentina",
    "Armenia": "Armenia",
    "Aruba": "Aruba",
    "Attach": "Attach",
    "Attach & Attach Another": "Attach & Attach Another",
    "Attach :resource": "Attach :resource",
    "August": "August",
    "Australia": "Australia",
    "Austria": "Austria",
    "Azerbaijan": "Azerbaijan",
    "Bahamas": "Bahamas",
    "Bahrain": "Bahrain",
    "Bangladesh": "Bangladesh",
    "Barbados": "Barbados",
    "Before proceeding, please check your email for a verification link.": "پیش از هر کاری، جهت تایید ایمیل خود را بررسی نمایید.",
    "Belarus": "Belarus",
    "Belgium": "Belgium",
    "Belize": "Belize",
    "Benin": "Benin",
    "Bermuda": "Bermuda",
    "Bhutan": "Bhutan",
    "Bolivia": "Bolivia",
    "Bonaire, Sint Eustatius and Saba": "Bonaire, Sint Eustatius and Saba",
    "Bosnia And Herzegovina": "Bosnia and Herzegovina",
    "Botswana": "Botswana",
    "Bouvet Island": "Bouvet Island",
    "Brazil": "Brazil",
    "British Indian Ocean Territory": "British Indian Ocean Territory",
    "Browser Sessions": "جلسات مرورگر",
    "Brunei Darussalam": "Brunei",
    "Bulgaria": "Bulgaria",
    "Burkina Faso": "Burkina Faso",
    "Burundi": "Burundi",
    "Cambodia": "Cambodia",
    "Cameroon": "Cameroon",
    "Canada": "Canada",
    "Cancel": "Cancel",
    "Cape Verde": "Cape Verde",
    "Card": "Card",
    "Cayman Islands": "Cayman Islands",
    "Central African Republic": "Central African Republic",
    "Chad": "Chad",
    "Changes": "Changes",
    "Chile": "Chile",
    "China": "China",
    "Choose": "Choose",
    "Choose :field": "Choose :field",
    "Choose :resource": "Choose :resource",
    "Choose an option": "Choose an option",
    "Choose date": "Choose date",
    "Choose File": "Choose File",
    "Choose Type": "Choose Type",
    "Christmas Island": "Christmas Island",
    "click here to request another": "ارسال یک درخواست دیگر",
    "Click to choose": "Click to choose",
    "Close": "بسته",
    "Cocos (Keeling) Islands": "Cocos (Keeling) Islands",
    "Code": "کد",
    "Colombia": "Colombia",
    "Comoros": "Comoros",
    "Confirm": "تایید",
    "Confirm Password": "تکرار رمز عبور",
    "Confirm Payment": "Confirm Payment",
    "Confirm your :amount payment": "Confirm your :amount payment",
    "Congo": "Congo",
    "Congo, Democratic Republic": "Congo, Democratic Republic",
    "Constant": "Constant",
    "Cook Islands": "Cook Islands",
    "Costa Rica": "Costa Rica",
    "Cote D'Ivoire": "Côte d'Ivoire",
    "could not be found.": "could not be found.",
    "Create": "ایجاد",
    "Create & Add Another": "Create & Add Another",
    "Create :resource": "Create :resource",
    "Create a new team to collaborate with others on projects.": "یک تیم جدید برای همکاری با دیگران در پروژه ها ایجاد کنید.",
    "Create Account": "Create Account",
    "Create API Token": "ایجاد رمز API",
    "Create New Team": "ایجاد تیم جدید",
    "Create Team": "ایجاد تیم",
    "Created.": "ایجاد شد",
    "Croatia": "Croatia",
    "Cuba": "Cuba",
    "Curaçao": "Curaçao",
    "Current Password": "رمز عبور فعلی",
    "Customize": "Customize",
    "Cyprus": "Cyprus",
    "Czech Republic": "Czechia",
    "Dashboard": "داشبورد",
    "December": "December",
    "Decrease": "Decrease",
    "Delete": "حذف",
    "Delete Account": "حذف حساب کاربری",
    "Delete API Token": "حذف رمز API",
    "Delete File": "Delete File",
    "Delete Resource": "Delete Resource",
    "Delete Selected": "Delete Selected",
    "Delete Team": "حذف تیم",
    "Denmark": "Denmark",
    "Detach": "Detach",
    "Detach Resource": "Detach Resource",
    "Detach Selected": "Detach Selected",
    "Details": "Details",
    "Disable": "غیر فعال",
    "Djibouti": "Djibouti",
    "Do you really want to leave? You have unsaved changes.": "Do you really want to leave? You have unsaved changes.",
    "Dominica": "Dominica",
    "Dominican Republic": "Dominican Republic",
    "Done.": "انجام شده.",
    "Download": "Download",
    "E-Mail Address": "آدرس ایمیل",
    "Ecuador": "Ecuador",
    "Edit": "Edit",
    "Edit :resource": "Edit :resource",
    "Edit Attached": "Edit Attached",
    "Editor": "ویرایشگر",
    "Editor users have the ability to read, create, and update.": "کاربران ویرایشگر توانایی خواندن ، ایجاد و به روزرسانی را دارند.",
    "Egypt": "Egypt",
    "El Salvador": "El Salvador",
    "Email": "ایمیل",
    "Email Address": "Email Address",
    "Email Password Reset Link": "ارسال لینک بازیابی رمز عبور از طریق ایمیل",
    "Enable": "فعال",
    "Ensure your account is using a long, random password to stay secure.": "اطمینان حاصل کنید که حساب شما از یک رمز عبور تصادفی و طولانی برای ایمن ماندن استفاده می کند.",
    "Equatorial Guinea": "Equatorial Guinea",
    "Eritrea": "Eritrea",
    "Estonia": "Estonia",
    "Ethiopia": "Ethiopia",
    "Extra confirmation is needed to process your payment. Please confirm your payment by filling out your payment details below.": "Extra confirmation is needed to process your payment. Please confirm your payment by filling out your payment details below.",
    "Extra confirmation is needed to process your payment. Please continue to the payment page by clicking on the button below.": "Extra confirmation is needed to process your payment. Please continue to the payment page by clicking on the button below.",
    "Falkland Islands (Malvinas)": "Falkland Islands (Malvinas)",
    "Faroe Islands": "Faroe Islands",
    "February": "February",
    "Fiji": "Fiji",
    "Finland": "Finland",
    "For your security, please confirm your password to continue.": "برای امنیت خود ، لطفاً رمز ورود خود را تأیید کنید.",
    "Forbidden": "عدم دسترسی",
    "Force Delete": "Force Delete",
    "Force Delete Resource": "Force Delete Resource",
    "Force Delete Selected": "Force Delete Selected",
    "Forgot Your Password?": "رمزعبور خود را فراموش کرده‌اید؟",
    "Forgot your password?": "رمزعبور خود را فراموش کرده‌اید؟",
    "Forgot your password? No problem. Just let us know your email address and we will email you a password reset link that will allow you to choose a new one.": "رمز عبور خود را فراموش کرده اید؟ مشکلی نیست. کافی است ایمیل خود را داشته باشید و ما یک لینک جهت بازیابی رمز عبور برای شما ارسال می کنیم. ",
    "France": "France",
    "French Guiana": "French Guiana",
    "French Polynesia": "French Polynesia",
    "French Southern Territories": "French Southern Territories",
    "Full name": "Full name",
    "Gabon": "Gabon",
    "Gambia": "Gambia",
    "Georgia": "Georgia",
    "Germany": "Germany",
    "Ghana": "Ghana",
    "Gibraltar": "Gibraltar",
    "Go back": "Go back",
    "Go Home": "صفحه اصلی",
    "Go to page :page": " برو به صفحه :page",
    "Great! You have accepted the invitation to join the :team team.": "Great! You have accepted the invitation to join the :team team.",
    "Greece": "Greece",
    "Greenland": "Greenland",
    "Grenada": "Grenada",
    "Guadeloupe": "Guadeloupe",
    "Guam": "Guam",
    "Guatemala": "Guatemala",
    "Guernsey": "Guernsey",
    "Guinea": "Guinea",
    "Guinea-Bissau": "Guinea-Bissau",
    "Guyana": "Guyana",
    "Haiti": "Haiti",
    "Heard Island & Mcdonald Islands": "Heard Island and McDonald Islands",
    "Hello!": "سلام!",
    "Hide Content": "Hide Content",
    "Hold Up!": "Hold Up!",
    "Holy See (Vatican City State)": "Vatican City",
    "Honduras": "Honduras",
    "Hong Kong": "Hong Kong",
    "Hungary": "Hungary",
    "I agree to the :terms_of_service and :privacy_policy": "I agree to the :terms_of_service and :privacy_policy",
    "Iceland": "Iceland",
    "ID": "ID",
    "If necessary, you may log out of all of your other browser sessions across all of your devices. Some of your recent sessions are listed below; however, this list may not be exhaustive. If you feel your account has been compromised, you should also update your password.": "If necessary, you may log out of all of your other browser sessions across all of your devices. Some of your recent sessions are listed below; however, this list may not be exhaustive. If you feel your account has been compromised, you should also update your password.",
    "If necessary, you may logout of all of your other browser sessions across all of your devices. Some of your recent sessions are listed below; however, this list may not be exhaustive. If you feel your account has been compromised, you should also update your password.": "در صورت لزوم ، می توانید از سایر جلسات مرورگر خود در سایر دستگاه ها خارج شوید. برخی از جلسات اخیر شما در زیر لیست شده است ؛ اما این لیست ممکن است کامل نباشد. اگر فکر می کنید حساب شما به خطر افتاده است ، باید رمز عبور خود را به روز کنید",
    "If you already have an account, you may accept this invitation by clicking the button below:": "If you already have an account, you may accept this invitation by clicking the button below:",
    "If you did not create an account, no further action is required.": "چنانچه شما این اشتراک را ایجاد نکرده اید، نیاز به اقدام خاصی نیست.",
    "If you did not expect to receive an invitation to this team, you may discard this email.": "If you did not expect to receive an invitation to this team, you may discard this email.",
    "If you did not receive the email": "اگر شما ایمیلی دریافت نکرده اید.",
    "If you did not request a password reset, no further action is required.": "اگر شما درخواست تغییر رمز عبور را نکرده اید، نیاز به اقدام خاصی نیست.",
    "If you do not have an account, you may create one by clicking the button below. After creating an account, you may click the invitation acceptance button in this email to accept the team invitation:": "If you do not have an account, you may create one by clicking the button below. After creating an account, you may click the invitation acceptance button in this email to accept the team invitation:",
    "If you’re having trouble clicking the \":actionText\" button, copy and paste the URL below\ninto your web browser:": "چنانچه مشکلی با کلید  \":actionText\" دارید, لینک زیر کپی کنید و \nدر یک مرورگر بازنمایید:",
    "Increase": "Increase",
    "India": "India",
    "Indonesia": "Indonesia",
    "Invalid signature.": "امضا نامعتبر است.",
    "Iran, Islamic Republic Of": "Iran",
    "Iraq": "Iraq",
    "Ireland": "Ireland",
    "Isle Of Man": "Isle of Man",
    "Israel": "Israel",
    "Italy": "Italy",
    "Jamaica": "Jamaica",
    "January": "January",
    "Japan": "Japan",
    "Jersey": "Jersey",
    "Jordan": "Jordan",
    "July": "July",
    "June": "June",
    "Kazakhstan": "Kazakhstan",
    "Kenya": "Kenya",
    "Key": "Key",
    "Kiribati": "Kiribati",
    "Korea": "South Korea",
    "Korea, Democratic People's Republic of": "North Korea",
    "Kosovo": "Kosovo",
    "Kuwait": "Kuwait",
    "Kyrgyzstan": "Kyrgyzstan",
    "Lao People's Democratic Republic": "Laos",
    "Last active": "آخرین فعالیت",
    "Last used": "آخرین استفاده",
    "Latvia": "Latvia",
    "Leave": "ترک کردن",
    "Leave Team": "ترک کردن تیم",
    "Lebanon": "Lebanon",
    "Lens": "Lens",
    "Lesotho": "Lesotho",
    "Liberia": "Liberia",
    "Libyan Arab Jamahiriya": "Libya",
    "Liechtenstein": "Liechtenstein",
    "Lithuania": "Lithuania",
    "Load :perPage More": "Load :perPage More",
    "Log in": "Log in",
    "Log out": "Log out",
    "Log Out": "Log Out",
    "Log Out Other Browser Sessions": "Log Out Other Browser Sessions",
    "Login": "ورود",
    "Logout": "خروج",
    "Logout Other Browser Sessions": "از سایر جلسات مرورگر خارج شوید",
    "Luxembourg": "Luxembourg",
    "Macao": "Macao",
    "Macedonia": "North Macedonia",
    "Madagascar": "Madagascar",
    "Malawi": "Malawi",
    "Malaysia": "Malaysia",
    "Maldives": "Maldives",
    "Mali": "Mali",
    "Malta": "Malta",
    "Manage Account": "مدیریت حساب کاربری",
    "Manage and log out your active sessions on other browsers and devices.": "Manage and log out your active sessions on other browsers and devices.",
    "Manage and logout your active sessions on other browsers and devices.": "جلسات فعال خود را در سایر مرورگرها و دستگاهها مدیریت و از سیستم خارج کنید.",
    "Manage API Tokens": "مدیریت رمز های API",
    "Manage Role": "مدیریت نقش",
    "Manage Team": "مدیریت تیم",
    "March": "March",
    "Marshall Islands": "Marshall Islands",
    "Martinique": "Martinique",
    "Mauritania": "Mauritania",
    "Mauritius": "Mauritius",
    "May": "May",
    "Mayotte": "Mayotte",
    "Mexico": "Mexico",
    "Micronesia, Federated States Of": "Micronesia",
    "Moldova": "Moldova",
    "Monaco": "Monaco",
    "Mongolia": "Mongolia",
    "Montenegro": "Montenegro",
    "Month To Date": "Month To Date",
    "Montserrat": "Montserrat",
    "Morocco": "Morocco",
    "Mozambique": "Mozambique",
    "Myanmar": "Myanmar",
    "Name": "نام",
    "Namibia": "Namibia",
    "Nauru": "Nauru",
    "Nepal": "Nepal",
    "Netherlands": "Netherlands",
    "Nevermind": "بیخیال",
    "New": "New",
    "New :resource": "New :resource",
    "New Caledonia": "New Caledonia",
    "New Password": "رمز عبور جدید",
    "New Zealand": "New Zealand",
    "Next": "Next",
    "Nicaragua": "Nicaragua",
    "Niger": "Niger",
    "Nigeria": "Nigeria",
    "Niue": "Niue",
    "No": "No",
    "No :resource matched the given criteria.": "No :resource matched the given criteria.",
    "No additional information...": "No additional information...",
    "No Current Data": "No Current Data",
    "No Data": "No Data",
    "no file selected": "no file selected",
    "No Increase": "No Increase",
    "No Prior Data": "No Prior Data",
    "No Results Found.": "No Results Found.",
    "Norfolk Island": "Norfolk Island",
    "Northern Mariana Islands": "Northern Mariana Islands",
    "Norway": "Norway",
    "Not Found": "یافت نشد",
    "Nova User": "Nova User",
    "November": "November",
    "October": "October",
    "of": "از",
    "Oh no": "وای نه",
    "Oman": "Oman",
    "Once a team is deleted, all of its resources and data will be permanently deleted. Before deleting this team, please download any data or information regarding this team that you wish to retain.": "پس از حذف یک تیم ، تمام منابع و داده های آن برای همیشه حذف می شود. قبل از حذف این تیم ، لطفاً هرگونه اطلاعات مربوط به این تیم را که می خواهید حفظ کنید دانلود کنید.",
    "Once your account is deleted, all of its resources and data will be permanently deleted. Before deleting your account, please download any data or information that you wish to retain.": "هنگامی که حساب شما پاک شد ، تمام منابع و داده های آن برای همیشه حذف می شوند. قبل از حذف حساب خود ، لطفاً هرگونه داده یا اطلاعاتی را که می خواهید حفظ کنید دانلود کنید.",
    "Only Trashed": "Only Trashed",
    "Original": "Original",
    "Page Expired": "صفحه منقضی شده است",
    "Pagination Navigation": "راهنمای صفحه بندی",
    "Pakistan": "Pakistan",
    "Palau": "Palau",
    "Palestinian Territory, Occupied": "Palestinian Territories",
    "Panama": "Panama",
    "Papua New Guinea": "Papua New Guinea",
    "Paraguay": "Paraguay",
    "Password": "رمز عبور",
    "Pay :amount": "Pay :amount",
    "Payment Cancelled": "Payment Cancelled",
    "Payment Confirmation": "Payment Confirmation",
    "Payment Successful": "Payment Successful",
    "Pending Team Invitations": "Pending Team Invitations",
    "Per Page": "Per Page",
    "Permanently delete this team.": "حذف کامل این تیم.",
    "Permanently delete your account.": "حذف کامل حساب کاربری.",
    "Permissions": "مجوز",
    "Peru": "Peru",
    "Philippines": "Philippines",
    "Photo": "تصویر",
    "Pitcairn": "Pitcairn Islands",
    "Please click the button below to verify your email address.": "برای تایید آدرس ایمیل روی دکمه زیر کلیک کنید.",
    "Please confirm access to your account by entering one of your emergency recovery codes.": "با وارد کردن کد بازیابی دسترسی به اکانت خود را فراهم کنید.",
    "Please confirm access to your account by entering the authentication code provided by your authenticator application.": "با وارد کردن کد احراز هویت دریافت شده از اپلیکشن احراز هویت خود، امکان دسترسی به اکانت خود را فراهم کنید.",
    "Please confirm your password before continuing.": "لطفا قبل از ادامه رمز خود را تأیید کنید.",
    "Please copy your new API token. For your security, it won't be shown again.": "لطفا رمز API جدید خود را کپی کنید. برای امنیت شما ، دوباره نشان داده نمی شود.",
    "Please enter your password to confirm you would like to log out of your other browser sessions across all of your devices.": "Please enter your password to confirm you would like to log out of your other browser sessions across all of your devices.",
    "Please enter your password to confirm you would like to logout of your other browser sessions across all of your devices.": "لطفاً رمز ورود خود را وارد کنید تا تأیید کنید می خواهید از سایر جلسات مرورگر خود در همه دستگاهها دیگر خارج شوید.",
    "Please provide the email address of the person you would like to add to this team.": "Please provide the email address of the person you would like to add to this team.",
    "Please provide the email address of the person you would like to add to this team. The email address must be associated with an existing account.": "لطفا آدرس ایمیل شخصی را که می خواهید به این تیم اضافه کنید ارائه دهید. آدرس ایمیل باید با یک حساب موجود مرتبط باشد.",
    "Please provide your name.": "Please provide your name.",
    "Poland": "Poland",
    "Portugal": "Portugal",
    "Press \/ to search": "Press \/ to search",
    "Preview": "Preview",
    "Previous": "Previous",
    "Privacy Policy": "Privacy Policy",
    "Profile": "پروفایل",
    "Profile Information": "اطلاعات پروفایل",
    "Puerto Rico": "Puerto Rico",
    "Qatar": "Qatar",
    "Quarter To Date": "Quarter To Date",
    "Recovery Code": "کد بازیافت",
    "Regards": "با احترام",
    "Regenerate Recovery Codes": "تولید مجدد کد بازیافت",
    "Register": "ثبت نام",
    "Reload": "Reload",
    "Remember me": "مرا به خاطر بسپار",
    "Remember Me": "من را به‌یاد بسپار",
    "Remove": "حذف",
    "Remove Photo": "حذف تصویر",
    "Remove Team Member": "حذف یک عضو تیم",
    "Resend Verification Email": "ارسال دوباره ایمیل تایید",
    "Reset Filters": "Reset Filters",
    "Reset Password": "فراموشی رمز عبور",
    "Reset Password Notification": "پیام فراموشی رمز عبور",
    "resource": "resource",
    "Resources": "Resources",
    "resources": "resources",
    "Restore": "Restore",
    "Restore Resource": "Restore Resource",
    "Restore Selected": "Restore Selected",
    "results": "نتایج",
    "Reunion": "Réunion",
    "Role": "نقش",
    "Romania": "Romania",
    "Run Action": "Run Action",
    "Russian Federation": "Russian Federation",
    "Rwanda": "Rwanda",
    "Saint Barthelemy": "St. Barthélemy",
    "Saint Helena": "St. Helena",
    "Saint Kitts And Nevis": "St. Kitts and Nevis",
    "Saint Lucia": "St. Lucia",
    "Saint Martin": "St. Martin",
    "Saint Pierre And Miquelon": "St. Pierre and Miquelon",
    "Saint Vincent And Grenadines": "St. Vincent and Grenadines",
    "Samoa": "Samoa",
    "San Marino": "San Marino",
    "Sao Tome And Principe": "São Tomé and Príncipe",
    "Saudi Arabia": "Saudi Arabia",
    "Save": "ذخیره",
    "Saved.": "ذخیره شد.",
    "Search": "Search",
    "Select A New Photo": "یک عکس جدید انتخاب کنید",
    "Select Action": "Select Action",
    "Select All": "Select All",
    "Select All Matching": "Select All Matching",
    "Send Password Reset Link": "ارسال لینک فراموشی رمز عبور",
    "Senegal": "Senegal",
    "September": "September",
    "Serbia": "Serbia",
    "Server Error": "خطای سرور",
    "Service Unavailable": "عدم دسترسی به سرویس",
    "Seychelles": "Seychelles",
    "Show All Fields": "Show All Fields",
    "Show Content": "Show Content",
    "Show Recovery Codes": "نمایش کد بازیافت",
    "Showing": "در حال نمایش",
    "Sierra Leone": "Sierra Leone",
    "Singapore": "Singapore",
    "Sint Maarten (Dutch part)": "Sint Maarten",
    "Slovakia": "Slovakia",
    "Slovenia": "Slovenia",
    "Solomon Islands": "Solomon Islands",
    "Somalia": "Somalia",
    "Something went wrong.": "Something went wrong.",
    "Sorry! You are not authorized to perform this action.": "Sorry! You are not authorized to perform this action.",
    "Sorry, your session has expired.": "Sorry, your session has expired.",
    "South Africa": "South Africa",
    "South Georgia And Sandwich Isl.": "South Georgia and South Sandwich Islands",
    "South Sudan": "South Sudan",
    "Spain": "Spain",
    "Sri Lanka": "Sri Lanka",
    "Start Polling": "Start Polling",
    "Stop Polling": "Stop Polling",
    "Store these recovery codes in a secure password manager. They can be used to recover access to your account if your two factor authentication device is lost.": "این کدهای بازیابی را در یک جای امن ذخیره کنید. اگر دستگاه احراز هویت دو مرحله ای شما از بین رفت ، می توان از آنها برای بازیابی دسترسی به حساب شما استفاده کرد.",
    "Sudan": "Sudan",
    "Suriname": "Suriname",
    "Svalbard And Jan Mayen": "Svalbard and Jan Mayen",
    "Swaziland": "Eswatini",
    "Sweden": "Sweden",
    "Switch Teams": "تغییر تیم ها",
    "Switzerland": "Switzerland",
    "Syrian Arab Republic": "Syria",
    "Taiwan": "Taiwan",
    "Tajikistan": "Tajikistan",
    "Tanzania": "Tanzania",
    "Team Details": "جزئیات تیم",
    "Team Invitation": "Team Invitation",
    "Team Members": "اعضای تیم",
    "Team Name": "نام تیم",
    "Team Owner": "مالک تیم",
    "Team Settings": "تنظیمات تیم",
    "Terms of Service": "Terms of Service",
    "Thailand": "Thailand",
    "Thanks for signing up! Before getting started, could you verify your email address by clicking on the link we just emailed to you? If you didn't receive the email, we will gladly send you another.": "از ثبت نام شما متشکریم! قبل از شروع ، آیا می توانید آدرس ایمیل خود را با کلیک بر روی لینکی که برای شما از طریق ایمیل ارسال کردیم تأیید کنید؟ اگر ایمیل را دریافت نکردید ، ایمل دیگری را برای شما ارسال خواهیم کرد.",
    "The :attribute must be a valid role.": ":attribute باید یک نقض معتبر باشد",
    "The :attribute must be at least :length characters and contain at least one number.": ":attribute باید حداقل :length کارکتر و شامل حداقل یک عدد باشد.",
    "The :attribute must be at least :length characters and contain at least one special character and one number.": "The :attribute must be at least :length characters and contain at least one special character and one number.",
    "The :attribute must be at least :length characters and contain at least one special character.": ":attribute باید حداقل :length  کارکتر و شامل حداقل یک کارکتر خاص باشد.",
    "The :attribute must be at least :length characters and contain at least one uppercase character and one number.": ":attribute باید حداقل :length  کارکتر و شامل حداقل یک حرف بزرگ و یک عدد باشد.",
    "The :attribute must be at least :length characters and contain at least one uppercase character and one special character.": ":attribute باید حداقل :length  کارکتر و شامل حداقل یک حرف بزرگ و یک کارکتر خاص باشد.",
    "The :attribute must be at least :length characters and contain at least one uppercase character, one number, and one special character.": ":attribute باید حداقل :length  کارکتر و شامل حداقل یک حرف بزرگ و عدد و یک کارکتر خاص باشد.",
    "The :attribute must be at least :length characters and contain at least one uppercase character.": ":attribute باید حداقل :length  کارکتر و شامل حداقل یک حرف بزرگ باشد.",
    "The :attribute must be at least :length characters.": ":attribute باید حداقل :length  کارکتر باشد.",
    "The :resource was created!": "The :resource was created!",
    "The :resource was deleted!": "The :resource was deleted!",
    "The :resource was restored!": "The :resource was restored!",
    "The :resource was updated!": "The :resource was updated!",
    "The action ran successfully!": "The action ran successfully!",
    "The file was deleted!": "The file was deleted!",
    "The government won't let us show you what's behind these doors": "The government won't let us show you what's behind these doors",
    "The HasOne relationship has already been filled.": "The HasOne relationship has already been filled.",
    "The payment was successful.": "The payment was successful.",
    "The provided password does not match your current password.": "رمز ورود ارائه شده با رمز عبور فعلی شما مطابقت ندارد.",
    "The provided password was incorrect.": "رمز ورود ارائه شده نادرست بود.",
    "The provided two factor authentication code was invalid.": "کد تأیید اعتبارسنجی دو مرحله ای نامعتبر است.",
    "The resource was updated!": "The resource was updated!",
    "The team's name and owner information.": "نام تیم و اطلاعات مالک آن.",
    "There are no available options for this resource.": "There are no available options for this resource.",
    "There was a problem executing the action.": "There was a problem executing the action.",
    "There was a problem submitting the form.": "There was a problem submitting the form.",
    "These people have been invited to your team and have been sent an invitation email. They may join the team by accepting the email invitation.": "These people have been invited to your team and have been sent an invitation email. They may join the team by accepting the email invitation.",
    "This action is unauthorized.": "این اقدام غیرمجاز است.",
    "This device": "این دستگاه",
    "This file field is read-only.": "This file field is read-only.",
    "This image": "This image",
    "This is a secure area of the application. Please confirm your password before continuing.": "این یک بخش تحت حفاظت از برنامه است. لطفا قبل از ادامه رمز عبور خود را تأیید کنید.",
    "This password does not match our records.": "رمز عبور معتبر نیست.",
    "This password reset link will expire in :count minutes.": "لینک فراموشی رمز عبور برای :count دقیقه معتبر است.",
    "This payment was already successfully confirmed.": "This payment was already successfully confirmed.",
    "This payment was cancelled.": "This payment was cancelled.",
    "This resource no longer exists": "This resource no longer exists",
    "This user already belongs to the team.": "این کاربر متعلق به تیم است.",
    "This user has already been invited to the team.": "This user has already been invited to the team.",
    "Timor-Leste": "Timor-Leste",
    "to": "به",
    "Today": "Today",
    "Toggle navigation": "تغییر ناوبری",
    "Togo": "Togo",
    "Tokelau": "Tokelau",
    "Token Name": "نام رمز",
    "Tonga": "Tonga",
    "Too Many Attempts.": "تعداد ورود ناموفق بسیار زیاد است.",
    "Too Many Requests": "تعداد درخواست های زیاد",
    "total": "total",
    "Trashed": "Trashed",
    "Trinidad And Tobago": "Trinidad and Tobago",
    "Tunisia": "Tunisia",
    "Turkey": "Turkey",
    "Turkmenistan": "Turkmenistan",
    "Turks And Caicos Islands": "Turks and Caicos Islands",
    "Tuvalu": "Tuvalu",
    "Two Factor Authentication": "احراز هویت دو مرحله ای",
    "Two factor authentication is now enabled. Scan the following QR code using your phone's authenticator application.": "احراز هویت دو مرحله ای اکنون فعال است. کد QR کد زیر را با استفاده از برنامه اعتبارسنجی گوشی خود اسکن کنید.",
    "Uganda": "Uganda",
    "Ukraine": "Ukraine",
    "Unauthorized": "دسترسی غیر مجاز",
    "United Arab Emirates": "United Arab Emirates",
    "United Kingdom": "United Kingdom",
    "United States": "United States",
    "United States Outlying Islands": "U.S. Outlying Islands",
    "Update": "Update",
    "Update & Continue Editing": "Update & Continue Editing",
    "Update :resource": "Update :resource",
    "Update :resource: :title": "Update :resource: :title",
    "Update attached :resource: :title": "Update attached :resource: :title",
    "Update Password": "بروزرسانی رمز عبور",
    "Update your account's profile information and email address.": "اطلاعات پروفایل و آدرس ایمیل حساب خود را به روز کنید.",
    "Uruguay": "Uruguay",
    "Use a recovery code": "استفاده از کد بازیابی",
    "Use an authentication code": "استفاده از کد احراز هویت",
    "Uzbekistan": "Uzbekistan",
    "Value": "Value",
    "Vanuatu": "Vanuatu",
    "Venezuela": "Venezuela",
    "Verify Email Address": "تایید آدرس ایمیل",
    "Verify Your Email Address": "آدرس ایمیل خود را تایید کنید",
    "Viet Nam": "Vietnam",
    "View": "View",
    "Virgin Islands, British": "British Virgin Islands",
    "Virgin Islands, U.S.": "U.S. Virgin Islands",
    "Wallis And Futuna": "Wallis and Futuna",
    "We were unable to find a registered user with this email address.": "کاربری با این ایمیل یافت نشد.",
    "We won't ask for your password again for a few hours.": "ما تا چند ساعت دیگر نیازی به پرسیدن رمز ورود شمانداریم.",
    "We're lost in space. The page you were trying to view does not exist.": "We're lost in space. The page you were trying to view does not exist.",
    "Welcome Back!": "Welcome Back!",
    "Western Sahara": "Western Sahara",
    "When two factor authentication is enabled, you will be prompted for a secure, random token during authentication. You may retrieve this token from your phone's Google Authenticator application.": "هنگامی که تأیید اعتبار دو مرحلی ای فعال باشد ، در هنگام احراز هویت از شما یک رمز امن و تصادفی خواسته می شود. شما می توانید این رمز را از برنامه Google Authenticator تلفن خود بازیابی کنید.",
    "Whoops": "Whoops",
    "Whoops!": "وای !",
    "Whoops! Something went wrong.": "متاسفانه خطایی رخ داده است.",
    "With Trashed": "With Trashed",
    "Write": "Write",
    "Year To Date": "Year To Date",
    "Yemen": "Yemen",
    "Yes": "Yes",
    "You are logged in!": "وارد سیستم شده اید!",
    "You are receiving this email because we received a password reset request for your account.": "شما این ایمیل را به دلیل درخواست رمز عبور جدید دریافت کرده اید.",
    "You have been invited to join the :team team!": "You have been invited to join the :team team!",
    "You have enabled two factor authentication.": "شما احراز هویت دومرحله ای خود را فعال کرده اید.",
    "You have not enabled two factor authentication.": "شما احراز هویت دو مرحله خود را فعال نکرده اید.",
    "You may delete any of your existing tokens if they are no longer needed.": "اگر دیگر نیازی به هریک از رمز های موجود ندارید ، می توانید آنها را حذف کنید.",
    "You may not delete your personal team.": "شما نمی توانید تیم شخصی خود را حذف کنید.",
    "You may not leave a team that you created.": "شما نمی توانید تیمی که خودتان ساخته اید را ترک کنید.",
    "Your email address is not verified.": "آدرس ایمیل شما تأیید نشده است.",
    "Zambia": "Zambia",
    "Zimbabwe": "Zimbabwe"
}
