{
    "30 Days": "30 Days",
    "60 Days": "60 Days",
    "90 Days": "90 Days",
    ":amount Total": ":amount Total",
    ":resource Details": ":resource Details",
    ":resource Details: :title": ":resource Details: :title",
    "A fresh verification link has been sent to your email address.": "Un nuovo link di verifica è stato inviato al tuo indirizzo email.",
    "A new verification link has been sent to the email address you provided during registration.": "Un nuovo link di verifica è stato inviato all'indirizzo email fornito durante la registrazione.",
    "Accept Invitation": "Accetta l'invito",
    "Action": "Action",
    "Action Happened At": "Happened At",
    "Action Initiated By": "Initiated By",
    "Action Name": "Name",
    "Action Status": "Status",
    "Action Target": "Target",
    "Actions": "Actions",
    "Add": "Aggiungi",
    "Add a new team member to your team, allowing them to collaborate with you.": "Aggiungi un nuovo membro del team al tuo team, consentendogli di collaborare con te.",
    "Add additional security to your account using two factor authentication.": "Aggiungi ulteriore sicurezza al tuo account utilizzando l'autenticazione a due fattori.",
    "Add row": "Add row",
    "Add Team Member": "Aggiungi membro del Team",
    "Added.": "Aggiunto.",
    "Administrator": "Amministratore",
    "Administrator users can perform any action.": "Gli amministratori possono eseguire qualsiasi azione.",
    "Afghanistan": "Afghanistan",
    "Aland Islands": "Åland Islands",
    "Albania": "Albania",
    "Algeria": "Algeria",
    "All of the people that are part of this team.": "Tutte le persone che fanno parte di questo team.",
    "All resources loaded.": "All resources loaded.",
    "All rights reserved.": "Tutti i diritti riservati",
    "Already registered?": "Già registrato?",
    "American Samoa": "American Samoa",
    "An error occured while uploading the file.": "An error occured while uploading the file.",
    "Andorra": "Andorra",
    "Angola": "Angola",
    "Anguilla": "Anguilla",
    "Another user has updated this resource since this page was loaded. Please refresh the page and try again.": "Another user has updated this resource since this page was loaded. Please refresh the page and try again.",
    "Antarctica": "Antarctica",
    "Antigua And Barbuda": "Antigua and Barbuda",
    "API Token": "Token API",
    "API Token Permissions": "Permessi del Token API",
    "API Tokens": "Token API",
    "API tokens allow third-party services to authenticate with our application on your behalf.": "I Token API consentono ai servizi di terze parti di autenticarsi con la nostra applicazione per tuo conto.",
    "April": "April",
    "Are you sure you want to delete the selected resources?": "Are you sure you want to delete the selected resources?",
    "Are you sure you want to delete this file?": "Are you sure you want to delete this file?",
    "Are you sure you want to delete this resource?": "Are you sure you want to delete this resource?",
    "Are you sure you want to delete this team? Once a team is deleted, all of its resources and data will be permanently deleted.": "Sei sicuro di voler eliminare questo Team? Una volta eliminato, tutte le sue risorse e i relativi dati verranno eliminati definitivamente.",
    "Are you sure you want to delete your account? Once your account is deleted, all of its resources and data will be permanently deleted. Please enter your password to confirm you would like to permanently delete your account.": "Sei sicuro di voler eliminare il tuo account? Una volta eliminato, tutte le sue risorse e i relativi verranno eliminati definitivamente. Inserisci la tua password per confermare che desideri eliminare definitivamente il tuo account.",
    "Are you sure you want to detach the selected resources?": "Are you sure you want to detach the selected resources?",
    "Are you sure you want to detach this resource?": "Are you sure you want to detach this resource?",
    "Are you sure you want to force delete the selected resources?": "Are you sure you want to force delete the selected resources?",
    "Are you sure you want to force delete this resource?": "Are you sure you want to force delete this resource?",
    "Are you sure you want to restore the selected resources?": "Are you sure you want to restore the selected resources?",
    "Are you sure you want to restore this resource?": "Are you sure you want to restore this resource?",
    "Are you sure you want to run this action?": "Are you sure you want to run this action?",
    "Are you sure you would like to delete this API token?": "Sei sicuro di voler eliminare questo Token API?",
    "Are you sure you would like to leave this team?": "Sei sicuro di voler abbandonare questo Team?",
    "Are you sure you would like to remove this person from the team?": "Sei sicuro di voler rimuovere questa persona dal team?",
    "Argentina": "Argentina",
    "Armenia": "Armenia",
    "Aruba": "Aruba",
    "Attach": "Attach",
    "Attach & Attach Another": "Attach & Attach Another",
    "Attach :resource": "Attach :resource",
    "August": "August",
    "Australia": "Australia",
    "Austria": "Austria",
    "Azerbaijan": "Azerbaijan",
    "Bahamas": "Bahamas",
    "Bahrain": "Bahrain",
    "Bangladesh": "Bangladesh",
    "Barbados": "Barbados",
    "Before proceeding, please check your email for a verification link.": "Prima di continuare, controlla la tua casella mail per il link di verifica",
    "Belarus": "Belarus",
    "Belgium": "Belgium",
    "Belize": "Belize",
    "Benin": "Benin",
    "Bermuda": "Bermuda",
    "Bhutan": "Bhutan",
    "Bolivia": "Bolivia",
    "Bonaire, Sint Eustatius and Saba": "Bonaire, Sint Eustatius and Saba",
    "Bosnia And Herzegovina": "Bosnia and Herzegovina",
    "Botswana": "Botswana",
    "Bouvet Island": "Bouvet Island",
    "Brazil": "Brazil",
    "British Indian Ocean Territory": "British Indian Ocean Territory",
    "Browser Sessions": "Sessioni del Browser",
    "Brunei Darussalam": "Brunei",
    "Bulgaria": "Bulgaria",
    "Burkina Faso": "Burkina Faso",
    "Burundi": "Burundi",
    "Cambodia": "Cambodia",
    "Cameroon": "Cameroon",
    "Canada": "Canada",
    "Cancel": "Annulla",
    "Cape Verde": "Cape Verde",
    "Card": "Carta",
    "Cayman Islands": "Cayman Islands",
    "Central African Republic": "Central African Republic",
    "Chad": "Chad",
    "Changes": "Changes",
    "Chile": "Chile",
    "China": "China",
    "Choose": "Choose",
    "Choose :field": "Choose :field",
    "Choose :resource": "Choose :resource",
    "Choose an option": "Choose an option",
    "Choose date": "Choose date",
    "Choose File": "Choose File",
    "Choose Type": "Choose Type",
    "Christmas Island": "Christmas Island",
    "click here to request another": "clicca qui per richiederne un altro",
    "Click to choose": "Click to choose",
    "Close": "Chiudi",
    "Cocos (Keeling) Islands": "Cocos (Keeling) Islands",
    "Code": "Codice",
    "Colombia": "Colombia",
    "Comoros": "Comoros",
    "Confirm": "Conferma",
    "Confirm Password": "Conferma Password",
    "Confirm Payment": "Conferma Pagamento",
    "Confirm your :amount payment": "Conferma il pagamento di :amount",
    "Congo": "Congo",
    "Congo, Democratic Republic": "Congo, Democratic Republic",
    "Constant": "Constant",
    "Cook Islands": "Cook Islands",
    "Costa Rica": "Costa Rica",
    "Cote D'Ivoire": "Côte d'Ivoire",
    "could not be found.": "could not be found.",
    "Create": "Crea",
    "Create & Add Another": "Create & Add Another",
    "Create :resource": "Create :resource",
    "Create a new team to collaborate with others on projects.": "Crea un nuovo team per collaborare con altri ai progetti.",
    "Create Account": "Crea Account",
    "Create API Token": "Crea Token API",
    "Create New Team": "Crea nuovo Team",
    "Create Team": "Crea Team",
    "Created.": "Creato.",
    "Croatia": "Croatia",
    "Cuba": "Cuba",
    "Curaçao": "Curaçao",
    "Current Password": "Password attuale",
    "Customize": "Customize",
    "Cyprus": "Cyprus",
    "Czech Republic": "Czechia",
    "Dashboard": "Dashboard",
    "December": "December",
    "Decrease": "Decrease",
    "Delete": "Elimina",
    "Delete Account": "Elimina Account",
    "Delete API Token": "Elimina Token API",
    "Delete File": "Delete File",
    "Delete Resource": "Delete Resource",
    "Delete Selected": "Delete Selected",
    "Delete Team": "Elimina Team",
    "Denmark": "Denmark",
    "Detach": "Detach",
    "Detach Resource": "Detach Resource",
    "Detach Selected": "Detach Selected",
    "Details": "Details",
    "Disable": "Disabilita",
    "Djibouti": "Djibouti",
    "Do you really want to leave? You have unsaved changes.": "Do you really want to leave? You have unsaved changes.",
    "Dominica": "Dominica",
    "Dominican Republic": "Dominican Republic",
    "Done.": "Fatto.",
    "Download": "Download",
    "E-Mail Address": "Indirizzo email",
    "Ecuador": "Ecuador",
    "Edit": "Edit",
    "Edit :resource": "Edit :resource",
    "Edit Attached": "Edit Attached",
    "Editor": "Editor",
    "Editor users have the ability to read, create, and update.": "Gli Editor hanno la possibilità di leggere, creare e aggiornare.",
    "Egypt": "Egypt",
    "El Salvador": "El Salvador",
    "Email": "Email",
    "Email Address": "Email Address",
    "Email Password Reset Link": "Invia link di reset della password",
    "Enable": "Abilita",
    "Ensure your account is using a long, random password to stay secure.": "Assicurati che il tuo account utilizzi una password lunga e casuale per rimanere al sicuro.",
    "Equatorial Guinea": "Equatorial Guinea",
    "Eritrea": "Eritrea",
    "Estonia": "Estonia",
    "Ethiopia": "Ethiopia",
    "Extra confirmation is needed to process your payment. Please confirm your payment by filling out your payment details below.": "E' richiesta un'ulteriore conferma per processare il tuo pagamento. Per piacere conferma il tuo pagamento compilando i dettagli sul pagamento qui sotto.",
    "Extra confirmation is needed to process your payment. Please continue to the payment page by clicking on the button below.": "E' richiesta un'ulteriore conferma per processare il tuo pagamento. Per piacere prosegui sulla pagina di pagamento cliccando sul pulsante qui sotto.",
    "Falkland Islands (Malvinas)": "Falkland Islands (Malvinas)",
    "Faroe Islands": "Faroe Islands",
    "February": "February",
    "Fiji": "Fiji",
    "Finland": "Finland",
    "For your security, please confirm your password to continue.": "Per la tua sicurezza, conferma la tua password per continuare.",
    "Forbidden": "Vietato",
    "Force Delete": "Force Delete",
    "Force Delete Resource": "Force Delete Resource",
    "Force Delete Selected": "Force Delete Selected",
    "Forgot Your Password?": "Hai smarrito la password?",
    "Forgot your password?": "Hai smarrito la password?",
    "Forgot your password? No problem. Just let us know your email address and we will email you a password reset link that will allow you to choose a new one.": "Hai dimenticato la password? Nessun problema. Comunicaci il tuo indirizzo email e ti invieremo il link per il reset della password che ti consentirà di sceglierne una nuova.",
    "France": "France",
    "French Guiana": "French Guiana",
    "French Polynesia": "French Polynesia",
    "French Southern Territories": "French Southern Territories",
    "Full name": "Nome e cognome",
    "Gabon": "Gabon",
    "Gambia": "Gambia",
    "Georgia": "Georgia",
    "Germany": "Germany",
    "Ghana": "Ghana",
    "Gibraltar": "Gibraltar",
    "Go back": "Torna indietro",
    "Go Home": "Vai alla Home",
    "Go to page :page": "Vai alla pagina :page",
    "Great! You have accepted the invitation to join the :team team.": "Grande! Hai accettato l'invito ad entrare nel team :team.",
    "Greece": "Greece",
    "Greenland": "Greenland",
    "Grenada": "Grenada",
    "Guadeloupe": "Guadeloupe",
    "Guam": "Guam",
    "Guatemala": "Guatemala",
    "Guernsey": "Guernsey",
    "Guinea": "Guinea",
    "Guinea-Bissau": "Guinea-Bissau",
    "Guyana": "Guyana",
    "Haiti": "Haiti",
    "Heard Island & Mcdonald Islands": "Heard Island and McDonald Islands",
    "Hello!": "Ciao!",
    "Hide Content": "Hide Content",
    "Hold Up!": "Hold Up!",
    "Holy See (Vatican City State)": "Vatican City",
    "Honduras": "Honduras",
    "Hong Kong": "Hong Kong",
    "Hungary": "Hungary",
    "I agree to the :terms_of_service and :privacy_policy": "Accetto :terms_of_service e :privacy_policy",
    "Iceland": "Iceland",
    "ID": "ID",
    "If necessary, you may log out of all of your other browser sessions across all of your devices. Some of your recent sessions are listed below; however, this list may not be exhaustive. If you feel your account has been compromised, you should also update your password.": "Se necessario, puoi disconnetterti da tutte le altre sessioni del browser su tutti i tuoi dispositivi. Se ritieni che il tuo account sia stato compromesso, dovresti anche aggiornare la tua password.",
    "If necessary, you may logout of all of your other browser sessions across all of your devices. Some of your recent sessions are listed below; however, this list may not be exhaustive. If you feel your account has been compromised, you should also update your password.": "Se necessario, puoi disconnetterti da tutte le altre sessioni del browser su tutti i tuoi dispositivi. Se ritieni che il tuo account sia stato compromesso, dovresti anche aggiornare la tua password.",
    "If you already have an account, you may accept this invitation by clicking the button below:": "Se hai già un account, puoi accettare questo invito cliccando sul pulsante seguente:",
    "If you did not create an account, no further action is required.": "Se non hai creato un account, non è richiesta alcuna azione.",
    "If you did not expect to receive an invitation to this team, you may discard this email.": "Se non aspettavi nessun invito per questo team, puoi ignorare questa email.",
    "If you did not receive the email": "Se non hai ricevuto l'email",
    "If you did not request a password reset, no further action is required.": "Se non hai richiesto un reset della password, non è richiesta alcuna azione.",
    "If you do not have an account, you may create one by clicking the button below. After creating an account, you may click the invitation acceptance button in this email to accept the team invitation:": "Se non hai un account, puoi crearne uno cliccando sul pulsante sotto. Dopo averlo creato, potrai cliccare il pulsante per accettare l'invito presente in questa email:",
    "If you’re having trouble clicking the \":actionText\" button, copy and paste the URL below\ninto your web browser:": "Se non puoi cliccare su \":actionText\", copia e incolla l'URL qui sotto\nnella barra degli indirizzi del tuo browser:",
    "Increase": "Increase",
    "India": "India",
    "Indonesia": "Indonesia",
    "Invalid signature.": "Firma non valida",
    "Iran, Islamic Republic Of": "Iran",
    "Iraq": "Iraq",
    "Ireland": "Ireland",
    "Isle Of Man": "Isle of Man",
    "Israel": "Israel",
    "Italy": "Italy",
    "Jamaica": "Jamaica",
    "January": "January",
    "Japan": "Japan",
    "Jersey": "Jersey",
    "Jordan": "Jordan",
    "July": "July",
    "June": "June",
    "Kazakhstan": "Kazakhstan",
    "Kenya": "Kenya",
    "Key": "Key",
    "Kiribati": "Kiribati",
    "Korea": "South Korea",
    "Korea, Democratic People's Republic of": "North Korea",
    "Kosovo": "Kosovo",
    "Kuwait": "Kuwait",
    "Kyrgyzstan": "Kyrgyzstan",
    "Lao People's Democratic Republic": "Laos",
    "Last active": "Ultima volta attivo",
    "Last used": "Ultimo utilizzo",
    "Latvia": "Latvia",
    "Leave": "Abbandona",
    "Leave Team": "Abbandona Team",
    "Lebanon": "Lebanon",
    "Lens": "Lens",
    "Lesotho": "Lesotho",
    "Liberia": "Liberia",
    "Libyan Arab Jamahiriya": "Libya",
    "Liechtenstein": "Liechtenstein",
    "Lithuania": "Lithuania",
    "Load :perPage More": "Load :perPage More",
    "Log in": "Accedi",
    "Log out": "Esci",
    "Log Out": "Esci",
    "Log Out Other Browser Sessions": "Esci da altre sessioni del Browser",
    "Login": "Accedi",
    "Logout": "Esci",
    "Logout Other Browser Sessions": "Esci da altre sessioni del Browser",
    "Luxembourg": "Luxembourg",
    "Macao": "Macao",
    "Macedonia": "North Macedonia",
    "Madagascar": "Madagascar",
    "Malawi": "Malawi",
    "Malaysia": "Malaysia",
    "Maldives": "Maldives",
    "Mali": "Mali",
    "Malta": "Malta",
    "Manage Account": "Gestisci Account",
    "Manage and log out your active sessions on other browsers and devices.": "Gestisci e disconnetti le tue sessioni attive su altri browser e dispositivi.",
    "Manage and logout your active sessions on other browsers and devices.": "Gestisci e disconnetti le tue sessioni attive su altri browser e dispositivi.",
    "Manage API Tokens": "Gestisci Token API",
    "Manage Role": "Gestisci Ruoli",
    "Manage Team": "Gestisci Team",
    "March": "March",
    "Marshall Islands": "Marshall Islands",
    "Martinique": "Martinique",
    "Mauritania": "Mauritania",
    "Mauritius": "Mauritius",
    "May": "May",
    "Mayotte": "Mayotte",
    "Mexico": "Mexico",
    "Micronesia, Federated States Of": "Micronesia",
    "Moldova": "Moldova",
    "Monaco": "Monaco",
    "Mongolia": "Mongolia",
    "Montenegro": "Montenegro",
    "Month To Date": "Month To Date",
    "Montserrat": "Montserrat",
    "Morocco": "Morocco",
    "Mozambique": "Mozambique",
    "Myanmar": "Myanmar",
    "Name": "Nome",
    "Namibia": "Namibia",
    "Nauru": "Nauru",
    "Nepal": "Nepal",
    "Netherlands": "Netherlands",
    "Nevermind": "Annulla",
    "New": "New",
    "New :resource": "New :resource",
    "New Caledonia": "New Caledonia",
    "New Password": "Nuova password",
    "New Zealand": "New Zealand",
    "Next": "Next",
    "Nicaragua": "Nicaragua",
    "Niger": "Niger",
    "Nigeria": "Nigeria",
    "Niue": "Niue",
    "No": "No",
    "No :resource matched the given criteria.": "No :resource matched the given criteria.",
    "No additional information...": "No additional information...",
    "No Current Data": "No Current Data",
    "No Data": "No Data",
    "no file selected": "no file selected",
    "No Increase": "No Increase",
    "No Prior Data": "No Prior Data",
    "No Results Found.": "No Results Found.",
    "Norfolk Island": "Norfolk Island",
    "Northern Mariana Islands": "Northern Mariana Islands",
    "Norway": "Norway",
    "Not Found": "Non trovato",
    "Nova User": "Nova User",
    "November": "November",
    "October": "October",
    "of": "di",
    "Oh no": "Oh no",
    "Oman": "Oman",
    "Once a team is deleted, all of its resources and data will be permanently deleted. Before deleting this team, please download any data or information regarding this team that you wish to retain.": "Una volta eliminato un team, tutte le sue risorse e i relativi dati verranno eliminati definitivamente. Prima di eliminare questo team, scarica tutti i dati o le relative informazioni che desideri conservare.",
    "Once your account is deleted, all of its resources and data will be permanently deleted. Before deleting your account, please download any data or information that you wish to retain.": "Una volta eliminato il tuo account, tutte le sue risorse e i relativi dati verranno eliminati definitivamente. Prima di eliminarlo, scarica tutti i dati o le informazioni che desideri conservare.",
    "Only Trashed": "Only Trashed",
    "Original": "Original",
    "Page Expired": "Pagina scaduta",
    "Pagination Navigation": "Navigazione della Paginazione",
    "Pakistan": "Pakistan",
    "Palau": "Palau",
    "Palestinian Territory, Occupied": "Palestinian Territories",
    "Panama": "Panama",
    "Papua New Guinea": "Papua New Guinea",
    "Paraguay": "Paraguay",
    "Password": "Password",
    "Pay :amount": "Paga :amount",
    "Payment Cancelled": "Pagamento annullato",
    "Payment Confirmation": "Conferma di pagamento",
    "Payment Successful": "Pagamento riuscito",
    "Pending Team Invitations": "Inviti al team in attesa",
    "Per Page": "Per Page",
    "Permanently delete this team.": "Elimina definitivamente questo team.",
    "Permanently delete your account.": "Elimina definitivamente il tuo account.",
    "Permissions": "Permessi",
    "Peru": "Peru",
    "Philippines": "Philippines",
    "Photo": "Foto",
    "Pitcairn": "Pitcairn Islands",
    "Please click the button below to verify your email address.": "Clicca sul buttone qui sotto per verificare il tuo indirizzo email.",
    "Please confirm access to your account by entering one of your emergency recovery codes.": "Conferma l'accesso al tuo account inserendo uno dei tuoi codici di ripristino di emergenza.",
    "Please confirm access to your account by entering the authentication code provided by your authenticator application.": "Conferma l'accesso al tuo account inserendo il codice di autenticazione fornito dalla tua applicazione di autenticazione.",
    "Please confirm your password before continuing.": "Conferma la tua password prima di continuare.",
    "Please copy your new API token. For your security, it won't be shown again.": "Copia il tuo nuovo Token API. Per la tua sicurezza, non verrà più mostrato.",
    "Please enter your password to confirm you would like to log out of your other browser sessions across all of your devices.": "Inserisci la tua password per confermare che desideri disconnetterti dalle altre sessioni del browser su tutti i tuoi dispositivi.",
    "Please enter your password to confirm you would like to logout of your other browser sessions across all of your devices.": "Inserisci la tua password per confermare che desideri disconnetterti dalle altre sessioni del browser su tutti i tuoi dispositivi.",
    "Please provide the email address of the person you would like to add to this team.": "Fornisci l'indirizzo email della persona che desideri aggiungere al team.",
    "Please provide the email address of the person you would like to add to this team. The email address must be associated with an existing account.": "Fornisci l'indirizzo email della persona che desideri aggiungere al team. L'indirizzo email deve essere associato ad un account esistente.",
    "Please provide your name.": "Per piacere fornisci il tuo nome.",
    "Poland": "Poland",
    "Portugal": "Portugal",
    "Press \/ to search": "Press \/ to search",
    "Preview": "Preview",
    "Previous": "Previous",
    "Privacy Policy": "Informativa sulla privacy",
    "Profile": "Profilo",
    "Profile Information": "Informazioni Profilo",
    "Puerto Rico": "Puerto Rico",
    "Qatar": "Qatar",
    "Quarter To Date": "Quarter To Date",
    "Recovery Code": "Codice di ripristino",
    "Regards": "Distinti saluti",
    "Regenerate Recovery Codes": "Rigenera codici di ripristino",
    "Register": "Registrati",
    "Reload": "Reload",
    "Remember me": "Ricordami",
    "Remember Me": "Ricordami",
    "Remove": "Rimuovi",
    "Remove Photo": "Rimuovi Foto",
    "Remove Team Member": "Rimuovi membro del Team",
    "Resend Verification Email": "Invia nuovamente email di verifica",
    "Reset Filters": "Reset Filters",
    "Reset Password": "Reset password",
    "Reset Password Notification": "Notifica di reset della password",
    "resource": "resource",
    "Resources": "Resources",
    "resources": "resources",
    "Restore": "Restore",
    "Restore Resource": "Restore Resource",
    "Restore Selected": "Restore Selected",
    "results": "risultati",
    "Reunion": "Réunion",
    "Role": "Ruolo",
    "Romania": "Romania",
    "Run Action": "Run Action",
    "Russian Federation": "Russian Federation",
    "Rwanda": "Rwanda",
    "Saint Barthelemy": "St. Barthélemy",
    "Saint Helena": "St. Helena",
    "Saint Kitts And Nevis": "St. Kitts and Nevis",
    "Saint Lucia": "St. Lucia",
    "Saint Martin": "St. Martin",
    "Saint Pierre And Miquelon": "St. Pierre and Miquelon",
    "Saint Vincent And Grenadines": "St. Vincent and Grenadines",
    "Samoa": "Samoa",
    "San Marino": "San Marino",
    "Sao Tome And Principe": "São Tomé and Príncipe",
    "Saudi Arabia": "Saudi Arabia",
    "Save": "Salva",
    "Saved.": "Salvato.",
    "Search": "Search",
    "Select A New Photo": "Seleziona una nuova foto",
    "Select Action": "Select Action",
    "Select All": "Select All",
    "Select All Matching": "Select All Matching",
    "Send Password Reset Link": "Invia link per il reset della password",
    "Senegal": "Senegal",
    "September": "September",
    "Serbia": "Serbia",
    "Server Error": "Errore server",
    "Service Unavailable": "Servizio non disponibile",
    "Seychelles": "Seychelles",
    "Show All Fields": "Show All Fields",
    "Show Content": "Show Content",
    "Show Recovery Codes": "Mostra codici di ripristino",
    "Showing": "Mostra",
    "Sierra Leone": "Sierra Leone",
    "Singapore": "Singapore",
    "Sint Maarten (Dutch part)": "Sint Maarten",
    "Slovakia": "Slovakia",
    "Slovenia": "Slovenia",
    "Solomon Islands": "Solomon Islands",
    "Somalia": "Somalia",
    "Something went wrong.": "Something went wrong.",
    "Sorry! You are not authorized to perform this action.": "Sorry! You are not authorized to perform this action.",
    "Sorry, your session has expired.": "Sorry, your session has expired.",
    "South Africa": "South Africa",
    "South Georgia And Sandwich Isl.": "South Georgia and South Sandwich Islands",
    "South Sudan": "South Sudan",
    "Spain": "Spain",
    "Sri Lanka": "Sri Lanka",
    "Start Polling": "Start Polling",
    "Stop Polling": "Stop Polling",
    "Store these recovery codes in a secure password manager. They can be used to recover access to your account if your two factor authentication device is lost.": "Salva questi codici di ripristino in un gestore di password sicuro. Possono essere utilizzati per ripristinare l'accesso al tuo account se il dispositivo di autenticazione a due fattori viene smarrito.",
    "Sudan": "Sudan",
    "Suriname": "Suriname",
    "Svalbard And Jan Mayen": "Svalbard and Jan Mayen",
    "Swaziland": "Eswatini",
    "Sweden": "Sweden",
    "Switch Teams": "Cambia Team",
    "Switzerland": "Switzerland",
    "Syrian Arab Republic": "Syria",
    "Taiwan": "Taiwan",
    "Tajikistan": "Tajikistan",
    "Tanzania": "Tanzania",
    "Team Details": "Dettagli Team",
    "Team Invitation": "Inviti al Team",
    "Team Members": "Membri del Team",
    "Team Name": "Nome del Team",
    "Team Owner": "Proprietario del Team",
    "Team Settings": "Impostazioni del Team",
    "Terms of Service": "Termini d'uso del servizio",
    "Thailand": "Thailand",
    "Thanks for signing up! Before getting started, could you verify your email address by clicking on the link we just emailed to you? If you didn't receive the email, we will gladly send you another.": "Grazie per esserti iscritto! Prima di iniziare, potresti verificare il tuo indirizzo cliccando sul link che ti abbiamo appena inviato via email? Se non hai ricevuto l'email, te ne invieremo volentieri un'altra.",
    "The :attribute must be a valid role.": ":attribute deve avere un ruolo valido.",
    "The :attribute must be at least :length characters and contain at least one number.": ":attribute deve contenere almeno :length caratteri ed un numero.",
    "The :attribute must be at least :length characters and contain at least one special character and one number.": ":attribute deve contenere almeno :length caratteri, un carattere speciale ed un numero.",
    "The :attribute must be at least :length characters and contain at least one special character.": ":attribute deve contenere almeno :length caratteri ed un carattere speciale.",
    "The :attribute must be at least :length characters and contain at least one uppercase character and one number.": ":attribute deve contenere almeno :length caratteri, una maiuscola e un numero.",
    "The :attribute must be at least :length characters and contain at least one uppercase character and one special character.": ":attribute deve contenere almeno :length caratteri, una maiuscola e un carattere speciale.",
    "The :attribute must be at least :length characters and contain at least one uppercase character, one number, and one special character.": ":attribute deve contenere almeno :length caratteri, una maiuscola, un numero e un carattere speciale.",
    "The :attribute must be at least :length characters and contain at least one uppercase character.": ":attribute deve contenere almeno :length caratteri e una maiuscola.",
    "The :attribute must be at least :length characters.": ":attribute deve contenere almeno :length caratteri.",
    "The :resource was created!": "The :resource was created!",
    "The :resource was deleted!": "The :resource was deleted!",
    "The :resource was restored!": "The :resource was restored!",
    "The :resource was updated!": "The :resource was updated!",
    "The action ran successfully!": "The action ran successfully!",
    "The file was deleted!": "The file was deleted!",
    "The government won't let us show you what's behind these doors": "The government won't let us show you what's behind these doors",
    "The HasOne relationship has already been filled.": "The HasOne relationship has already been filled.",
    "The payment was successful.": "Il pagamento è stato completato.",
    "The provided password does not match your current password.": "La password fornita non corrisponde alla password corrente.",
    "The provided password was incorrect.": "La password fornita non è corretta.",
    "The provided two factor authentication code was invalid.": "Il codice di autenticazione a due fattori fornito non è valido.",
    "The resource was updated!": "The resource was updated!",
    "The team's name and owner information.": "Il nome del team e le informazioni sul proprietario.",
    "There are no available options for this resource.": "There are no available options for this resource.",
    "There was a problem executing the action.": "There was a problem executing the action.",
    "There was a problem submitting the form.": "There was a problem submitting the form.",
    "These people have been invited to your team and have been sent an invitation email. They may join the team by accepting the email invitation.": "Queste persone sono state invitate nel tuo team e gli è stata inviata un'email di invito. Entreranno a far parte del team una volta accettata l'email di invito.",
    "This action is unauthorized.": "Azione non autorizzata.",
    "This device": "Questo dispositivo",
    "This file field is read-only.": "This file field is read-only.",
    "This image": "This image",
    "This is a secure area of the application. Please confirm your password before continuing.": "Questa è un'area protetta dell'applicazione. Per piacere conferma la tua password per continuare.",
    "This password does not match our records.": "Questa password non corrisponde ai nostri record.",
    "This password reset link will expire in :count minutes.": "Questo link di reset della password scadrà tra :count minuti.",
    "This payment was already successfully confirmed.": "Questo pagamento è stato già confermato con successo.",
    "This payment was cancelled.": "Questo pagamento è stato cancellato.",
    "This resource no longer exists": "This resource no longer exists",
    "This user already belongs to the team.": "Questo utente fa già parte del team.",
    "This user has already been invited to the team.": "Questo utente è stato già invitato nel team.",
    "Timor-Leste": "Timor-Leste",
    "to": "a",
    "Today": "Today",
    "Toggle navigation": "Cambia navigazione",
    "Togo": "Togo",
    "Tokelau": "Tokelau",
    "Token Name": "Nome del Token",
    "Tonga": "Tonga",
    "Too Many Attempts.": "Troppi tentativi.",
    "Too Many Requests": "Troppe richieste",
    "total": "total",
    "Trashed": "Trashed",
    "Trinidad And Tobago": "Trinidad and Tobago",
    "Tunisia": "Tunisia",
    "Turkey": "Turkey",
    "Turkmenistan": "Turkmenistan",
    "Turks And Caicos Islands": "Turks and Caicos Islands",
    "Tuvalu": "Tuvalu",
    "Two Factor Authentication": "Autenticazione a due fattori",
    "Two factor authentication is now enabled. Scan the following QR code using your phone's authenticator application.": "L'autenticazione a due fattori è ora abilitata. Scansiona il seguente codice QR utilizzando l'applicazione di autenticazione del tuo telefono.",
    "Uganda": "Uganda",
    "Ukraine": "Ukraine",
    "Unauthorized": "Non autorizzato",
    "United Arab Emirates": "United Arab Emirates",
    "United Kingdom": "United Kingdom",
    "United States": "United States",
    "United States Outlying Islands": "U.S. Outlying Islands",
    "Update": "Update",
    "Update & Continue Editing": "Update & Continue Editing",
    "Update :resource": "Update :resource",
    "Update :resource: :title": "Update :resource: :title",
    "Update attached :resource: :title": "Update attached :resource: :title",
    "Update Password": "Aggiorna Password",
    "Update your account's profile information and email address.": "Aggiorna le informazioni del profilo e l'indirizzo email del tuo account.",
    "Uruguay": "Uruguay",
    "Use a recovery code": "Usa un codice di ripristino",
    "Use an authentication code": "Usa un codice di autenticazione",
    "Uzbekistan": "Uzbekistan",
    "Value": "Value",
    "Vanuatu": "Vanuatu",
    "Venezuela": "Venezuela",
    "Verify Email Address": "Verifica indirizzo email",
    "Verify Your Email Address": "Verifica il tuo indirizzo email",
    "Viet Nam": "Vietnam",
    "View": "View",
    "Virgin Islands, British": "British Virgin Islands",
    "Virgin Islands, U.S.": "U.S. Virgin Islands",
    "Wallis And Futuna": "Wallis and Futuna",
    "We were unable to find a registered user with this email address.": "Non siamo riusciti a trovare un utente registrato con questo indirizzo email.",
    "We won't ask for your password again for a few hours.": "Non chiederemo più la tua password per alcune ore.",
    "We're lost in space. The page you were trying to view does not exist.": "We're lost in space. The page you were trying to view does not exist.",
    "Welcome Back!": "Welcome Back!",
    "Western Sahara": "Western Sahara",
    "When two factor authentication is enabled, you will be prompted for a secure, random token during authentication. You may retrieve this token from your phone's Google Authenticator application.": "Quando è abilitata l'autenticazione a due fattori, ti verrà richiesto un token casuale e sicuro durante l'autenticazione. Puoi recuperare questo token dall'applicazione Google Authenticator del tuo telefono.",
    "Whoops": "Whoops",
    "Whoops!": "Ops!",
    "Whoops! Something went wrong.": "Ops! Qualcosa è andato storto.",
    "With Trashed": "With Trashed",
    "Write": "Write",
    "Year To Date": "Year To Date",
    "Yemen": "Yemen",
    "Yes": "Yes",
    "You are logged in!": "Ti sei autenticato!",
    "You are receiving this email because we received a password reset request for your account.": "Hai ricevuto questa email perché abbiamo ricevuto una richiesta di reset della password per il tuo account.",
    "You have been invited to join the :team team!": "Sei stato invitato ad entrare nel team :team!",
    "You have enabled two factor authentication.": "Hai abilitato l'autenticazione a due fattori.",
    "You have not enabled two factor authentication.": "Non hai abilitato l'autenticazione a due fattori.",
    "You may delete any of your existing tokens if they are no longer needed.": "Puoi eliminare tutti i tuoi token esistenti se non sono più necessari.",
    "You may not delete your personal team.": "Non puoi eliminare il tuo team personale.",
    "You may not leave a team that you created.": "Non puoi abbandonare un team che hai creato.",
    "Your email address is not verified.": "Il tuo indirizzo email non è verificato.",
    "Zambia": "Zambia",
    "Zimbabwe": "Zimbabwe"
}
