{
    "30 Days": "30 Days",
    "60 Days": "60 Days",
    "90 Days": "90 Days",
    ":amount Total": ":amount Total",
    ":resource Details": ":resource Details",
    ":resource Details: :title": ":resource Details: :title",
    "A fresh verification link has been sent to your email address.": "新しい確認リンクを送りました。",
    "A new verification link has been sent to the email address you provided during registration.": "ご指定のメールアドレスに新しい確認リンクを送信しました。",
    "Accept Invitation": "Accept Invitation",
    "Action": "Action",
    "Action Happened At": "Happened At",
    "Action Initiated By": "Initiated By",
    "Action Name": "Name",
    "Action Status": "Status",
    "Action Target": "Target",
    "Actions": "Actions",
    "Add": "追加",
    "Add a new team member to your team, allowing them to collaborate with you.": "チームにメンバーを追加して、メンバーに協力を許可する。",
    "Add additional security to your account using two factor authentication.": "セキュリティ強化のため二段階認証を追加する。",
    "Add row": "Add row",
    "Add Team Member": "チームメンバー追加",
    "Added.": "追加完了",
    "Administrator": "管理者",
    "Administrator users can perform any action.": "管理者ユーザーはすべてのアクションを実行可能です。",
    "Afghanistan": "Afghanistan",
    "Aland Islands": "Åland Islands",
    "Albania": "Albania",
    "Algeria": "Algeria",
    "All of the people that are part of this team.": "すべてのチームメンバー",
    "All resources loaded.": "All resources loaded.",
    "All rights reserved.": "All rights reserved.",
    "Already registered?": "登録済みの方はコチラ",
    "American Samoa": "American Samoa",
    "An error occured while uploading the file.": "An error occured while uploading the file.",
    "Andorra": "Andorra",
    "Angola": "Angola",
    "Anguilla": "Anguilla",
    "Another user has updated this resource since this page was loaded. Please refresh the page and try again.": "Another user has updated this resource since this page was loaded. Please refresh the page and try again.",
    "Antarctica": "Antarctica",
    "Antigua And Barbuda": "Antigua and Barbuda",
    "API Token": "APIトークン",
    "API Token Permissions": "APIトークン認可",
    "API Tokens": "APIトークン",
    "API tokens allow third-party services to authenticate with our application on your behalf.": "APIトークンはサードパーティーサービスでアプリへの認証を許可します。",
    "April": "April",
    "Are you sure you want to delete the selected resources?": "Are you sure you want to delete the selected resources?",
    "Are you sure you want to delete this file?": "Are you sure you want to delete this file?",
    "Are you sure you want to delete this resource?": "Are you sure you want to delete this resource?",
    "Are you sure you want to delete this team? Once a team is deleted, all of its resources and data will be permanently deleted.": "本当にチームを削除してよろしいでしょうか？一度チームを削除すると、すべてのリソースとデータは永久に削除されます。",
    "Are you sure you want to delete your account? Once your account is deleted, all of its resources and data will be permanently deleted. Please enter your password to confirm you would like to permanently delete your account.": "本当にアカウントを削除してもよろしいでしょうか？ 一度アカウントを削除するとすべてのリソースとデータは永久に削除されます。よろしければ確認のためパスワードを入力してください。",
    "Are you sure you want to detach the selected resources?": "Are you sure you want to detach the selected resources?",
    "Are you sure you want to detach this resource?": "Are you sure you want to detach this resource?",
    "Are you sure you want to force delete the selected resources?": "Are you sure you want to force delete the selected resources?",
    "Are you sure you want to force delete this resource?": "Are you sure you want to force delete this resource?",
    "Are you sure you want to restore the selected resources?": "Are you sure you want to restore the selected resources?",
    "Are you sure you want to restore this resource?": "Are you sure you want to restore this resource?",
    "Are you sure you want to run this action?": "Are you sure you want to run this action?",
    "Are you sure you would like to delete this API token?": "本当にAPIトークンを削除してよろしいでしょうか？",
    "Are you sure you would like to leave this team?": "Are you sure you would like to leave this team?",
    "Are you sure you would like to remove this person from the team?": "本当にチームからこのメンバーを削除してよろしいでしょうか？",
    "Argentina": "Argentina",
    "Armenia": "Armenia",
    "Aruba": "Aruba",
    "Attach": "Attach",
    "Attach & Attach Another": "Attach & Attach Another",
    "Attach :resource": "Attach :resource",
    "August": "August",
    "Australia": "Australia",
    "Austria": "Austria",
    "Azerbaijan": "Azerbaijan",
    "Bahamas": "Bahamas",
    "Bahrain": "Bahrain",
    "Bangladesh": "Bangladesh",
    "Barbados": "Barbados",
    "Before proceeding, please check your email for a verification link.": "次に進む前に、確認リンクのメールをチェックしてください。",
    "Belarus": "Belarus",
    "Belgium": "Belgium",
    "Belize": "Belize",
    "Benin": "Benin",
    "Bermuda": "Bermuda",
    "Bhutan": "Bhutan",
    "Bolivia": "Bolivia",
    "Bonaire, Sint Eustatius and Saba": "Bonaire, Sint Eustatius and Saba",
    "Bosnia And Herzegovina": "Bosnia and Herzegovina",
    "Botswana": "Botswana",
    "Bouvet Island": "Bouvet Island",
    "Brazil": "Brazil",
    "British Indian Ocean Territory": "British Indian Ocean Territory",
    "Browser Sessions": "ブラウザセッション",
    "Brunei Darussalam": "Brunei",
    "Bulgaria": "Bulgaria",
    "Burkina Faso": "Burkina Faso",
    "Burundi": "Burundi",
    "Cambodia": "Cambodia",
    "Cameroon": "Cameroon",
    "Canada": "Canada",
    "Cancel": "キャンセル",
    "Cape Verde": "Cape Verde",
    "Card": "Card",
    "Cayman Islands": "Cayman Islands",
    "Central African Republic": "Central African Republic",
    "Chad": "Chad",
    "Changes": "Changes",
    "Chile": "Chile",
    "China": "China",
    "Choose": "Choose",
    "Choose :field": "Choose :field",
    "Choose :resource": "Choose :resource",
    "Choose an option": "Choose an option",
    "Choose date": "Choose date",
    "Choose File": "Choose File",
    "Choose Type": "Choose Type",
    "Christmas Island": "Christmas Island",
    "click here to request another": "ここをクリックしてメールを再送信してください。",
    "Click to choose": "Click to choose",
    "Close": "閉じる",
    "Cocos (Keeling) Islands": "Cocos (Keeling) Islands",
    "Code": "コード",
    "Colombia": "Colombia",
    "Comoros": "Comoros",
    "Confirm": "確認",
    "Confirm Password": "パスワード（確認用）",
    "Confirm Payment": "Confirm Payment",
    "Confirm your :amount payment": "Confirm your :amount payment",
    "Congo": "Congo",
    "Congo, Democratic Republic": "Congo, Democratic Republic",
    "Constant": "Constant",
    "Cook Islands": "Cook Islands",
    "Costa Rica": "Costa Rica",
    "Cote D'Ivoire": "Côte d'Ivoire",
    "could not be found.": "could not be found.",
    "Create": "作成",
    "Create & Add Another": "Create & Add Another",
    "Create :resource": "Create :resource",
    "Create a new team to collaborate with others on projects.": "プロジェクトで協力するために新しいチームを作成する。",
    "Create Account": "Create Account",
    "Create API Token": "APIトークン生成",
    "Create New Team": "新しいチーム作成",
    "Create Team": "チーム作成",
    "Created.": "作成完了",
    "Croatia": "Croatia",
    "Cuba": "Cuba",
    "Curaçao": "Curaçao",
    "Current Password": "現在のパスワード",
    "Customize": "Customize",
    "Cyprus": "Cyprus",
    "Czech Republic": "Czechia",
    "Dashboard": "ダッシュボード",
    "December": "December",
    "Decrease": "Decrease",
    "Delete": "削除",
    "Delete Account": "アカウント削除",
    "Delete API Token": "APIトークン削除",
    "Delete File": "Delete File",
    "Delete Resource": "Delete Resource",
    "Delete Selected": "Delete Selected",
    "Delete Team": "チーム削除",
    "Denmark": "Denmark",
    "Detach": "Detach",
    "Detach Resource": "Detach Resource",
    "Detach Selected": "Detach Selected",
    "Details": "Details",
    "Disable": "無効化",
    "Djibouti": "Djibouti",
    "Do you really want to leave? You have unsaved changes.": "Do you really want to leave? You have unsaved changes.",
    "Dominica": "Dominica",
    "Dominican Republic": "Dominican Republic",
    "Done.": "完了",
    "Download": "Download",
    "E-Mail Address": "メールアドレス",
    "Ecuador": "Ecuador",
    "Edit": "Edit",
    "Edit :resource": "Edit :resource",
    "Edit Attached": "Edit Attached",
    "Editor": "編集者",
    "Editor users have the ability to read, create, and update.": "編集者は読み込み、作成、更新を実行可能です。",
    "Egypt": "Egypt",
    "El Salvador": "El Salvador",
    "Email": "メールアドレス",
    "Email Address": "Email Address",
    "Email Password Reset Link": "送信",
    "Enable": "有効化",
    "Ensure your account is using a long, random password to stay secure.": "安全のため、長くてランダムなパスワードを設定するようにしてください。",
    "Equatorial Guinea": "Equatorial Guinea",
    "Eritrea": "Eritrea",
    "Estonia": "Estonia",
    "Ethiopia": "Ethiopia",
    "Extra confirmation is needed to process your payment. Please confirm your payment by filling out your payment details below.": "Extra confirmation is needed to process your payment. Please confirm your payment by filling out your payment details below.",
    "Extra confirmation is needed to process your payment. Please continue to the payment page by clicking on the button below.": "Extra confirmation is needed to process your payment. Please continue to the payment page by clicking on the button below.",
    "Falkland Islands (Malvinas)": "Falkland Islands (Malvinas)",
    "Faroe Islands": "Faroe Islands",
    "February": "February",
    "Fiji": "Fiji",
    "Finland": "Finland",
    "For your security, please confirm your password to continue.": "安全のため、続行するにはパスワードの確認が必要です。",
    "Forbidden": "禁止されています",
    "Force Delete": "Force Delete",
    "Force Delete Resource": "Force Delete Resource",
    "Force Delete Selected": "Force Delete Selected",
    "Forgot Your Password?": "Forgot Your Password?",
    "Forgot your password?": "パスワードを忘れた方はこちら",
    "Forgot your password? No problem. Just let us know your email address and we will email you a password reset link that will allow you to choose a new one.": "ご登録いただいたメールアドレスを入力し、送信してください。パスワードリセット用のURLをメールにてお送りします。",
    "France": "France",
    "French Guiana": "French Guiana",
    "French Polynesia": "French Polynesia",
    "French Southern Territories": "French Southern Territories",
    "Full name": "Full name",
    "Gabon": "Gabon",
    "Gambia": "Gambia",
    "Georgia": "Georgia",
    "Germany": "Germany",
    "Ghana": "Ghana",
    "Gibraltar": "Gibraltar",
    "Go back": "Go back",
    "Go Home": "ホームへ",
    "Go to page :page": "Go to page :page",
    "Great! You have accepted the invitation to join the :team team.": "Great! You have accepted the invitation to join the :team team.",
    "Greece": "Greece",
    "Greenland": "Greenland",
    "Grenada": "Grenada",
    "Guadeloupe": "Guadeloupe",
    "Guam": "Guam",
    "Guatemala": "Guatemala",
    "Guernsey": "Guernsey",
    "Guinea": "Guinea",
    "Guinea-Bissau": "Guinea-Bissau",
    "Guyana": "Guyana",
    "Haiti": "Haiti",
    "Heard Island & Mcdonald Islands": "Heard Island and McDonald Islands",
    "Hello!": "こんにちは",
    "Hide Content": "Hide Content",
    "Hold Up!": "Hold Up!",
    "Holy See (Vatican City State)": "Vatican City",
    "Honduras": "Honduras",
    "Hong Kong": "Hong Kong",
    "Hungary": "Hungary",
    "I agree to the :terms_of_service and :privacy_policy": "I agree to the :terms_of_service and :privacy_policy",
    "Iceland": "Iceland",
    "ID": "ID",
    "If necessary, you may log out of all of your other browser sessions across all of your devices. Some of your recent sessions are listed below; however, this list may not be exhaustive. If you feel your account has been compromised, you should also update your password.": "すべての端末からログアウトする。最近のセッションは下記の通りです。※下記は一部表示されていない可能性があります。心配であれば、パスワードを更新してください。",
    "If necessary, you may logout of all of your other browser sessions across all of your devices. Some of your recent sessions are listed below; however, this list may not be exhaustive. If you feel your account has been compromised, you should also update your password.": "すべての端末からログアウトする。最近のセッションは下記の通りです。※下記は一部表示されていない可能性があります。心配であれば、パスワードを更新してください。",
    "If you already have an account, you may accept this invitation by clicking the button below:": "If you already have an account, you may accept this invitation by clicking the button below:",
    "If you did not create an account, no further action is required.": "アカウントの作成にお心当たりが無い場合は、このメールを無視してください。",
    "If you did not expect to receive an invitation to this team, you may discard this email.": "If you did not expect to receive an invitation to this team, you may discard this email.",
    "If you did not receive the email": "メールが届かなかった場合",
    "If you did not request a password reset, no further action is required.": "パスワードのリセットにお心当たりが無い場合は、このメールを無視してください。",
    "If you do not have an account, you may create one by clicking the button below. After creating an account, you may click the invitation acceptance button in this email to accept the team invitation:": "If you do not have an account, you may create one by clicking the button below. After creating an account, you may click the invitation acceptance button in this email to accept the team invitation:",
    "If you’re having trouble clicking the \":actionText\" button, copy and paste the URL below\ninto your web browser:": "\":actionText\" ボタンが機能しない場合は, 次のURLをコピーしてWebブラウザに貼り付けてください。[:displayableActionUrl](:actionURL)",
    "Increase": "Increase",
    "India": "India",
    "Indonesia": "Indonesia",
    "Invalid signature.": "Invalid signature.",
    "Iran, Islamic Republic Of": "Iran",
    "Iraq": "Iraq",
    "Ireland": "Ireland",
    "Isle Of Man": "Isle of Man",
    "Israel": "Israel",
    "Italy": "Italy",
    "Jamaica": "Jamaica",
    "January": "January",
    "Japan": "Japan",
    "Jersey": "Jersey",
    "Jordan": "Jordan",
    "July": "July",
    "June": "June",
    "Kazakhstan": "Kazakhstan",
    "Kenya": "Kenya",
    "Key": "Key",
    "Kiribati": "Kiribati",
    "Korea": "South Korea",
    "Korea, Democratic People's Republic of": "North Korea",
    "Kosovo": "Kosovo",
    "Kuwait": "Kuwait",
    "Kyrgyzstan": "Kyrgyzstan",
    "Lao People's Democratic Republic": "Laos",
    "Last active": "最後のログイン",
    "Last used": "Last used",
    "Latvia": "Latvia",
    "Leave": "Leave",
    "Leave Team": "Leave Team",
    "Lebanon": "Lebanon",
    "Lens": "Lens",
    "Lesotho": "Lesotho",
    "Liberia": "Liberia",
    "Libyan Arab Jamahiriya": "Libya",
    "Liechtenstein": "Liechtenstein",
    "Lithuania": "Lithuania",
    "Load :perPage More": "Load :perPage More",
    "Log in": "ログイン",
    "Log out": "Log out",
    "Log Out": "ログアウト",
    "Log Out Other Browser Sessions": "すべての端末からログアウト",
    "Login": "ログイン",
    "Logout": "ログアウト",
    "Logout Other Browser Sessions": "すべての端末からログアウト",
    "Luxembourg": "Luxembourg",
    "Macao": "Macao",
    "Macedonia": "North Macedonia",
    "Madagascar": "Madagascar",
    "Malawi": "Malawi",
    "Malaysia": "Malaysia",
    "Maldives": "Maldives",
    "Mali": "Mali",
    "Malta": "Malta",
    "Manage Account": "アカウント管理",
    "Manage and log out your active sessions on other browsers and devices.": "すべての端末からログアウトする。",
    "Manage and logout your active sessions on other browsers and devices.": "すべての端末からログアウトする。",
    "Manage API Tokens": "APIトークン管理",
    "Manage Role": "役割管理",
    "Manage Team": "チーム管理",
    "March": "March",
    "Marshall Islands": "Marshall Islands",
    "Martinique": "Martinique",
    "Mauritania": "Mauritania",
    "Mauritius": "Mauritius",
    "May": "May",
    "Mayotte": "Mayotte",
    "Mexico": "Mexico",
    "Micronesia, Federated States Of": "Micronesia",
    "Moldova": "Moldova",
    "Monaco": "Monaco",
    "Mongolia": "Mongolia",
    "Montenegro": "Montenegro",
    "Month To Date": "Month To Date",
    "Montserrat": "Montserrat",
    "Morocco": "Morocco",
    "Mozambique": "Mozambique",
    "Myanmar": "Myanmar",
    "Name": "氏名",
    "Namibia": "Namibia",
    "Nauru": "Nauru",
    "Nepal": "Nepal",
    "Netherlands": "Netherlands",
    "Nevermind": "キャンセル",
    "New": "New",
    "New :resource": "New :resource",
    "New Caledonia": "New Caledonia",
    "New Password": "新しいパスワード",
    "New Zealand": "New Zealand",
    "Next": "Next",
    "Nicaragua": "Nicaragua",
    "Niger": "Niger",
    "Nigeria": "Nigeria",
    "Niue": "Niue",
    "No": "No",
    "No :resource matched the given criteria.": "No :resource matched the given criteria.",
    "No additional information...": "No additional information...",
    "No Current Data": "No Current Data",
    "No Data": "No Data",
    "no file selected": "no file selected",
    "No Increase": "No Increase",
    "No Prior Data": "No Prior Data",
    "No Results Found.": "No Results Found.",
    "Norfolk Island": "Norfolk Island",
    "Northern Mariana Islands": "Northern Mariana Islands",
    "Norway": "Norway",
    "Not Found": "Not Found",
    "Nova User": "Nova User",
    "November": "November",
    "October": "October",
    "of": "of",
    "Oh no": "オーノー",
    "Oman": "Oman",
    "Once a team is deleted, all of its resources and data will be permanently deleted. Before deleting this team, please download any data or information regarding this team that you wish to retain.": "一度チームを削除すると、すべてのデータは永久に削除されます。削除する前に、保存しておきたいチームに関するデータまたは情報をダウンロードしてください。",
    "Once your account is deleted, all of its resources and data will be permanently deleted. Before deleting your account, please download any data or information that you wish to retain.": "一度あなたのアカウントが削除されると、すべてのデータはは永久に削除されます。削除する前に、保存しておきたいデータまたは情報をダウンロードしてください。",
    "Only Trashed": "Only Trashed",
    "Original": "Original",
    "Page Expired": "期限切れのページ",
    "Pagination Navigation": "Pagination Navigation",
    "Pakistan": "Pakistan",
    "Palau": "Palau",
    "Palestinian Territory, Occupied": "Palestinian Territories",
    "Panama": "Panama",
    "Papua New Guinea": "Papua New Guinea",
    "Paraguay": "Paraguay",
    "Password": "パスワード",
    "Pay :amount": "Pay :amount",
    "Payment Cancelled": "Payment Cancelled",
    "Payment Confirmation": "Payment Confirmation",
    "Payment Successful": "Payment Successful",
    "Pending Team Invitations": "Pending Team Invitations",
    "Per Page": "Per Page",
    "Permanently delete this team.": "永久にチームを削除する。",
    "Permanently delete your account.": "永久にアカウントを削除する。",
    "Permissions": "認可",
    "Peru": "Peru",
    "Philippines": "Philippines",
    "Photo": "写真",
    "Pitcairn": "Pitcairn Islands",
    "Please click the button below to verify your email address.": "メールアドレスを確認するには、以下のボタンをクリックしてください。",
    "Please confirm access to your account by entering one of your emergency recovery codes.": "緊急復旧コードを一つ入力し、アカウントへのアクセスを確認してください。",
    "Please confirm access to your account by entering the authentication code provided by your authenticator application.": "認証アプリから提供された認証コードを入力し、アカウントへのアクセスを確認してください。",
    "Please confirm your password before continuing.": "Please confirm your password before continuing.",
    "Please copy your new API token. For your security, it won't be shown again.": "新しいAPIトークンをコピーしてください。安全のため、二度と表示されません。",
    "Please enter your password to confirm you would like to log out of your other browser sessions across all of your devices.": "すべての端末からログアウトしてよければ、確認のためパスワードを入力してください。",
    "Please enter your password to confirm you would like to logout of your other browser sessions across all of your devices.": "すべての端末からログアウトしてよければ、確認のためパスワードを入力してください。",
    "Please provide the email address of the person you would like to add to this team.": "Please provide the email address of the person you would like to add to this team.",
    "Please provide the email address of the person you would like to add to this team. The email address must be associated with an existing account.": "チームに追加したい人のメールアドレスを入力してください。メールアドレスは既存アカウントと関連づいていなければいけません。",
    "Please provide your name.": "Please provide your name.",
    "Poland": "Poland",
    "Portugal": "Portugal",
    "Press \/ to search": "Press \/ to search",
    "Preview": "Preview",
    "Previous": "Previous",
    "Privacy Policy": "Privacy Policy",
    "Profile": "プロフィール",
    "Profile Information": "プロフィール情報",
    "Puerto Rico": "Puerto Rico",
    "Qatar": "Qatar",
    "Quarter To Date": "Quarter To Date",
    "Recovery Code": "リカバリーコード",
    "Regards": "よろしくお願いします",
    "Regenerate Recovery Codes": "リカバリーコード再生成",
    "Register": "アカウント作成",
    "Reload": "Reload",
    "Remember me": "ログイン状態を保持する",
    "Remember Me": "ログイン状態を保持する",
    "Remove": "削除",
    "Remove Photo": "写真を削除",
    "Remove Team Member": "チームメンバーを削除",
    "Resend Verification Email": "確認メールを再送する",
    "Reset Filters": "Reset Filters",
    "Reset Password": "パスワードリセット",
    "Reset Password Notification": "パスワードリセット通知",
    "resource": "resource",
    "Resources": "Resources",
    "resources": "resources",
    "Restore": "Restore",
    "Restore Resource": "Restore Resource",
    "Restore Selected": "Restore Selected",
    "results": "results",
    "Reunion": "Réunion",
    "Role": "役割",
    "Romania": "Romania",
    "Run Action": "Run Action",
    "Russian Federation": "Russian Federation",
    "Rwanda": "Rwanda",
    "Saint Barthelemy": "St. Barthélemy",
    "Saint Helena": "St. Helena",
    "Saint Kitts And Nevis": "St. Kitts and Nevis",
    "Saint Lucia": "St. Lucia",
    "Saint Martin": "St. Martin",
    "Saint Pierre And Miquelon": "St. Pierre and Miquelon",
    "Saint Vincent And Grenadines": "St. Vincent and Grenadines",
    "Samoa": "Samoa",
    "San Marino": "San Marino",
    "Sao Tome And Principe": "São Tomé and Príncipe",
    "Saudi Arabia": "Saudi Arabia",
    "Save": "更新",
    "Saved.": "更新完了",
    "Search": "Search",
    "Select A New Photo": "新しい写真を選択",
    "Select Action": "Select Action",
    "Select All": "Select All",
    "Select All Matching": "Select All Matching",
    "Send Password Reset Link": "パスワードリセットリンクを送信",
    "Senegal": "Senegal",
    "September": "September",
    "Serbia": "Serbia",
    "Server Error": "Server Error",
    "Service Unavailable": "サービスは利用できません",
    "Seychelles": "Seychelles",
    "Show All Fields": "Show All Fields",
    "Show Content": "Show Content",
    "Show Recovery Codes": "リカバリーコード表示",
    "Showing": "Showing",
    "Sierra Leone": "Sierra Leone",
    "Singapore": "Singapore",
    "Sint Maarten (Dutch part)": "Sint Maarten",
    "Slovakia": "Slovakia",
    "Slovenia": "Slovenia",
    "Solomon Islands": "Solomon Islands",
    "Somalia": "Somalia",
    "Something went wrong.": "Something went wrong.",
    "Sorry! You are not authorized to perform this action.": "Sorry! You are not authorized to perform this action.",
    "Sorry, your session has expired.": "Sorry, your session has expired.",
    "South Africa": "South Africa",
    "South Georgia And Sandwich Isl.": "South Georgia and South Sandwich Islands",
    "South Sudan": "South Sudan",
    "Spain": "Spain",
    "Sri Lanka": "Sri Lanka",
    "Start Polling": "Start Polling",
    "Stop Polling": "Stop Polling",
    "Store these recovery codes in a secure password manager. They can be used to recover access to your account if your two factor authentication device is lost.": "パスワードマネージャーにレカバリーコードを保存してください。二段階認証端末を紛失した場合にリカバリーコードでアクセスできます。",
    "Sudan": "Sudan",
    "Suriname": "Suriname",
    "Svalbard And Jan Mayen": "Svalbard and Jan Mayen",
    "Swaziland": "Eswatini",
    "Sweden": "Sweden",
    "Switch Teams": "チーム切り替え",
    "Switzerland": "Switzerland",
    "Syrian Arab Republic": "Syria",
    "Taiwan": "Taiwan",
    "Tajikistan": "Tajikistan",
    "Tanzania": "Tanzania",
    "Team Details": "チーム詳細",
    "Team Invitation": "Team Invitation",
    "Team Members": "チームメンバー",
    "Team Name": "チーム名",
    "Team Owner": "チームオーナー",
    "Team Settings": "チーム設定",
    "Terms of Service": "Terms of Service",
    "Thailand": "Thailand",
    "Thanks for signing up! Before getting started, could you verify your email address by clicking on the link we just emailed to you? If you didn't receive the email, we will gladly send you another.": "登録ありがとうございます！ 開始する前に送信したリンクをクリックしてメールアドレスを確認してくれませんか？ メールを受信していない場合、メールを再送信します。",
    "The :attribute must be a valid role.": "The :attribute must be a valid role.",
    "The :attribute must be at least :length characters and contain at least one number.": "The :attribute must be at least :length characters and contain at least one number.",
    "The :attribute must be at least :length characters and contain at least one special character and one number.": "The :attribute must be at least :length characters and contain at least one special character and one number.",
    "The :attribute must be at least :length characters and contain at least one special character.": "The :attribute must be at least :length characters and contain at least one special character.",
    "The :attribute must be at least :length characters and contain at least one uppercase character and one number.": "The :attribute must be at least :length characters and contain at least one uppercase character and one number.",
    "The :attribute must be at least :length characters and contain at least one uppercase character and one special character.": "The :attribute must be at least :length characters and contain at least one uppercase character and one special character.",
    "The :attribute must be at least :length characters and contain at least one uppercase character, one number, and one special character.": "The :attribute must be at least :length characters and contain at least one uppercase character, one number, and one special character.",
    "The :attribute must be at least :length characters and contain at least one uppercase character.": "The :attribute must be at least :length characters and contain at least one uppercase character.",
    "The :attribute must be at least :length characters.": "The :attribute must be at least :length characters.",
    "The :resource was created!": "The :resource was created!",
    "The :resource was deleted!": "The :resource was deleted!",
    "The :resource was restored!": "The :resource was restored!",
    "The :resource was updated!": "The :resource was updated!",
    "The action ran successfully!": "The action ran successfully!",
    "The file was deleted!": "The file was deleted!",
    "The government won't let us show you what's behind these doors": "The government won't let us show you what's behind these doors",
    "The HasOne relationship has already been filled.": "The HasOne relationship has already been filled.",
    "The payment was successful.": "The payment was successful.",
    "The provided password does not match your current password.": "The provided password does not match your current password.",
    "The provided password was incorrect.": "The provided password was incorrect.",
    "The provided two factor authentication code was invalid.": "The provided two factor authentication code was invalid.",
    "The resource was updated!": "The resource was updated!",
    "The team's name and owner information.": "チーム名とオーナー情報",
    "There are no available options for this resource.": "There are no available options for this resource.",
    "There was a problem executing the action.": "There was a problem executing the action.",
    "There was a problem submitting the form.": "There was a problem submitting the form.",
    "These people have been invited to your team and have been sent an invitation email. They may join the team by accepting the email invitation.": "These people have been invited to your team and have been sent an invitation email. They may join the team by accepting the email invitation.",
    "This action is unauthorized.": "This action is unauthorized.",
    "This device": "この端末",
    "This file field is read-only.": "This file field is read-only.",
    "This image": "This image",
    "This is a secure area of the application. Please confirm your password before continuing.": "This is a secure area of the application. Please confirm your password before continuing.",
    "This password does not match our records.": "パスワードが違います。",
    "This password reset link will expire in :count minutes.": "This password reset link will expire in :count minutes.",
    "This payment was already successfully confirmed.": "This payment was already successfully confirmed.",
    "This payment was cancelled.": "This payment was cancelled.",
    "This resource no longer exists": "This resource no longer exists",
    "This user already belongs to the team.": "このユーザーは既にチームに所属しています。",
    "This user has already been invited to the team.": "This user has already been invited to the team.",
    "Timor-Leste": "Timor-Leste",
    "to": "to",
    "Today": "Today",
    "Toggle navigation": "ナビゲーションを切り替える",
    "Togo": "Togo",
    "Tokelau": "Tokelau",
    "Token Name": "トークン名",
    "Tonga": "Tonga",
    "Too Many Attempts.": "Too Many Attempts.",
    "Too Many Requests": "大量のリクエストがありました",
    "total": "total",
    "Trashed": "Trashed",
    "Trinidad And Tobago": "Trinidad and Tobago",
    "Tunisia": "Tunisia",
    "Turkey": "Turkey",
    "Turkmenistan": "Turkmenistan",
    "Turks And Caicos Islands": "Turks and Caicos Islands",
    "Tuvalu": "Tuvalu",
    "Two Factor Authentication": "二段階認証",
    "Two factor authentication is now enabled. Scan the following QR code using your phone's authenticator application.": "二段階認証を有効化しました。QRコードをアプリからスキャンしてください。",
    "Uganda": "Uganda",
    "Ukraine": "Ukraine",
    "Unauthorized": "認証が必要です",
    "United Arab Emirates": "United Arab Emirates",
    "United Kingdom": "United Kingdom",
    "United States": "United States",
    "United States Outlying Islands": "U.S. Outlying Islands",
    "Update": "Update",
    "Update & Continue Editing": "Update & Continue Editing",
    "Update :resource": "Update :resource",
    "Update :resource: :title": "Update :resource: :title",
    "Update attached :resource: :title": "Update attached :resource: :title",
    "Update Password": "パスワード更新",
    "Update your account's profile information and email address.": "プロフィール情報とメールアドレスを更新する。",
    "Uruguay": "Uruguay",
    "Use a recovery code": "リカバリーコードを使用する",
    "Use an authentication code": "認証コードを使用する",
    "Uzbekistan": "Uzbekistan",
    "Value": "Value",
    "Vanuatu": "Vanuatu",
    "Venezuela": "Venezuela",
    "Verify Email Address": "メールアドレスを確認してください",
    "Verify Your Email Address": "メールアドレスを確認してください",
    "Viet Nam": "Vietnam",
    "View": "View",
    "Virgin Islands, British": "British Virgin Islands",
    "Virgin Islands, U.S.": "U.S. Virgin Islands",
    "Wallis And Futuna": "Wallis and Futuna",
    "We were unable to find a registered user with this email address.": "このメールアドレスは登録されていません。",
    "We won't ask for your password again for a few hours.": "We won't ask for your password again for a few hours.",
    "We're lost in space. The page you were trying to view does not exist.": "We're lost in space. The page you were trying to view does not exist.",
    "Welcome Back!": "Welcome Back!",
    "Western Sahara": "Western Sahara",
    "When two factor authentication is enabled, you will be prompted for a secure, random token during authentication. You may retrieve this token from your phone's Google Authenticator application.": "二段階認証を有効化した場合、ログイン時に安全かつランダムなトークンが与えられます。トークンはGoogle Authenticatorアプリから取得できます。",
    "Whoops": "Whoops",
    "Whoops!": "おっと！",
    "Whoops! Something went wrong.": "Whoops! Something went wrong.",
    "With Trashed": "With Trashed",
    "Write": "Write",
    "Year To Date": "Year To Date",
    "Yemen": "Yemen",
    "Yes": "Yes",
    "You are logged in!": "You are logged in!",
    "You are receiving this email because we received a password reset request for your account.": "パスワードリセットのリクエストを受け付けました。",
    "You have been invited to join the :team team!": "You have been invited to join the :team team!",
    "You have enabled two factor authentication.": "二段階認証有効化済みです。",
    "You have not enabled two factor authentication.": "二段階認証未設定",
    "You may delete any of your existing tokens if they are no longer needed.": "不要なAPIトークンを削除する。",
    "You may not delete your personal team.": "パーソナルチームを削除することはできません。",
    "You may not leave a team that you created.": "自身が作成したチームを離れることはできません。",
    "Your email address is not verified.": "Your email address is not verified.",
    "Zambia": "Zambia",
    "Zimbabwe": "Zimbabwe"
}
