{
    "30 Days": "30 Days",
    "60 Days": "60 Days",
    "90 Days": "90 Days",
    ":amount Total": ":amount Total",
    ":resource Details": ":resource Details",
    ":resource Details: :title": ":resource Details: :title",
    "A fresh verification link has been sent to your email address.": "새로운 확인 링크를 귀하의 이메일 주소로 보냈습니다.",
    "A new verification link has been sent to the email address you provided during registration.": "새로운 확인 링크를 가입할 때 사용한 이메일 주소로 보냈습니다.",
    "Accept Invitation": "초대 수락",
    "Action": "Action",
    "Action Happened At": "Happened At",
    "Action Initiated By": "Initiated By",
    "Action Name": "Name",
    "Action Status": "Status",
    "Action Target": "Target",
    "Actions": "Actions",
    "Add": "추가",
    "Add a new team member to your team, allowing them to collaborate with you.": "팀에 멤버를 추가하여 함께 협업 할 수 있습니다.",
    "Add additional security to your account using two factor authentication.": "2단계 인증을 사용하여 계정 보안을 강화하세요.",
    "Add row": "Add row",
    "Add Team Member": "팀 멤버 추가",
    "Added.": "추가됨.",
    "Administrator": "관리자",
    "Administrator users can perform any action.": "관리자는 모든 작업을 수행 할 수 있습니다.",
    "Afghanistan": "Afghanistan",
    "Aland Islands": "Åland Islands",
    "Albania": "Albania",
    "Algeria": "Algeria",
    "All of the people that are part of this team.": "이 팀에 소속된 모든 사람입니다.",
    "All resources loaded.": "All resources loaded.",
    "All rights reserved.": "모든 권리 보유.",
    "Already registered?": "계정이 있으신가요?",
    "American Samoa": "American Samoa",
    "An error occured while uploading the file.": "An error occured while uploading the file.",
    "Andorra": "Andorra",
    "Angola": "Angola",
    "Anguilla": "Anguilla",
    "Another user has updated this resource since this page was loaded. Please refresh the page and try again.": "Another user has updated this resource since this page was loaded. Please refresh the page and try again.",
    "Antarctica": "Antarctica",
    "Antigua And Barbuda": "Antigua and Barbuda",
    "API Token": "API 토큰",
    "API Token Permissions": "API 토큰 권한",
    "API Tokens": "API 토큰들",
    "API tokens allow third-party services to authenticate with our application on your behalf.": "API 토큰은 제삼자 서비스에서 당신을 대신해 인증 할 수 있게 해줍니다.",
    "April": "April",
    "Are you sure you want to delete the selected resources?": "Are you sure you want to delete the selected resources?",
    "Are you sure you want to delete this file?": "Are you sure you want to delete this file?",
    "Are you sure you want to delete this resource?": "Are you sure you want to delete this resource?",
    "Are you sure you want to delete this team? Once a team is deleted, all of its resources and data will be permanently deleted.": "이 팀을 삭제하시겠습니까? 팀을 삭제하면 팀의 모든 리소스와 데이터가 영구적으로 삭제됩니다.",
    "Are you sure you want to delete your account? Once your account is deleted, all of its resources and data will be permanently deleted. Please enter your password to confirm you would like to permanently delete your account.": "계정을 삭제하시겠습니까? 계정을 삭제하면 계정의 모든 리소스와 데이터가 영구적으로 삭제됩니다. 계정을 영구적으로 삭제할 것인지 확인하기 위해 비밀번호를 입력하세요.",
    "Are you sure you want to detach the selected resources?": "Are you sure you want to detach the selected resources?",
    "Are you sure you want to detach this resource?": "Are you sure you want to detach this resource?",
    "Are you sure you want to force delete the selected resources?": "Are you sure you want to force delete the selected resources?",
    "Are you sure you want to force delete this resource?": "Are you sure you want to force delete this resource?",
    "Are you sure you want to restore the selected resources?": "Are you sure you want to restore the selected resources?",
    "Are you sure you want to restore this resource?": "Are you sure you want to restore this resource?",
    "Are you sure you want to run this action?": "Are you sure you want to run this action?",
    "Are you sure you would like to delete this API token?": "정말 이 API 토큰을 삭제하시겠습니까?",
    "Are you sure you would like to leave this team?": "정말 이 팀에서 탈퇴하시겠습니까?",
    "Are you sure you would like to remove this person from the team?": "정말 이 멤버를 팀에서 제거하시겠습니까?",
    "Argentina": "Argentina",
    "Armenia": "Armenia",
    "Aruba": "Aruba",
    "Attach": "Attach",
    "Attach & Attach Another": "Attach & Attach Another",
    "Attach :resource": "Attach :resource",
    "August": "August",
    "Australia": "Australia",
    "Austria": "Austria",
    "Azerbaijan": "Azerbaijan",
    "Bahamas": "Bahamas",
    "Bahrain": "Bahrain",
    "Bangladesh": "Bangladesh",
    "Barbados": "Barbados",
    "Before proceeding, please check your email for a verification link.": "계속하기 전에 이메일의 확인 링크를 확인하십시오.",
    "Belarus": "Belarus",
    "Belgium": "Belgium",
    "Belize": "Belize",
    "Benin": "Benin",
    "Bermuda": "Bermuda",
    "Bhutan": "Bhutan",
    "Bolivia": "Bolivia",
    "Bonaire, Sint Eustatius and Saba": "Bonaire, Sint Eustatius and Saba",
    "Bosnia And Herzegovina": "Bosnia and Herzegovina",
    "Botswana": "Botswana",
    "Bouvet Island": "Bouvet Island",
    "Brazil": "Brazil",
    "British Indian Ocean Territory": "British Indian Ocean Territory",
    "Browser Sessions": "브라우저 세션",
    "Brunei Darussalam": "Brunei",
    "Bulgaria": "Bulgaria",
    "Burkina Faso": "Burkina Faso",
    "Burundi": "Burundi",
    "Cambodia": "Cambodia",
    "Cameroon": "Cameroon",
    "Canada": "Canada",
    "Cancel": "취소",
    "Cape Verde": "Cape Verde",
    "Card": "Card",
    "Cayman Islands": "Cayman Islands",
    "Central African Republic": "Central African Republic",
    "Chad": "Chad",
    "Changes": "Changes",
    "Chile": "Chile",
    "China": "China",
    "Choose": "Choose",
    "Choose :field": "Choose :field",
    "Choose :resource": "Choose :resource",
    "Choose an option": "Choose an option",
    "Choose date": "Choose date",
    "Choose File": "Choose File",
    "Choose Type": "Choose Type",
    "Christmas Island": "Christmas Island",
    "click here to request another": "여기를 클릭하여 추가 요청하기",
    "Click to choose": "Click to choose",
    "Close": "닫기",
    "Cocos (Keeling) Islands": "Cocos (Keeling) Islands",
    "Code": "코드",
    "Colombia": "Colombia",
    "Comoros": "Comoros",
    "Confirm": "확인",
    "Confirm Password": "비밀번호 확인",
    "Confirm Payment": "Confirm Payment",
    "Confirm your :amount payment": "Confirm your :amount payment",
    "Congo": "Congo",
    "Congo, Democratic Republic": "Congo, Democratic Republic",
    "Constant": "Constant",
    "Cook Islands": "Cook Islands",
    "Costa Rica": "Costa Rica",
    "Cote D'Ivoire": "Côte d'Ivoire",
    "could not be found.": "could not be found.",
    "Create": "생성",
    "Create & Add Another": "Create & Add Another",
    "Create :resource": "Create :resource",
    "Create a new team to collaborate with others on projects.": "프로젝트에서 다른 사람들과 협력 할 새 팀을 만드세요.",
    "Create Account": "계정 만들기",
    "Create API Token": "API 토큰 생성",
    "Create New Team": "새 팀 생성",
    "Create Team": "팀 생성",
    "Created.": "생성됨.",
    "Croatia": "Croatia",
    "Cuba": "Cuba",
    "Curaçao": "Curaçao",
    "Current Password": "현재 비밀번호",
    "Customize": "Customize",
    "Cyprus": "Cyprus",
    "Czech Republic": "Czechia",
    "Dashboard": "대시보드",
    "December": "December",
    "Decrease": "Decrease",
    "Delete": "삭제",
    "Delete Account": "계정 삭제",
    "Delete API Token": "API 토큰 삭제",
    "Delete File": "Delete File",
    "Delete Resource": "Delete Resource",
    "Delete Selected": "Delete Selected",
    "Delete Team": "팀 삭제",
    "Denmark": "Denmark",
    "Detach": "Detach",
    "Detach Resource": "Detach Resource",
    "Detach Selected": "Detach Selected",
    "Details": "Details",
    "Disable": "비활성화",
    "Djibouti": "Djibouti",
    "Do you really want to leave? You have unsaved changes.": "Do you really want to leave? You have unsaved changes.",
    "Dominica": "Dominica",
    "Dominican Republic": "Dominican Republic",
    "Done.": "완료됨.",
    "Download": "Download",
    "E-Mail Address": "이메일 주소",
    "Ecuador": "Ecuador",
    "Edit": "Edit",
    "Edit :resource": "Edit :resource",
    "Edit Attached": "Edit Attached",
    "Editor": "편집자",
    "Editor users have the ability to read, create, and update.": "편집자는 읽기, 쓰기, 편집을 할 수 있습니다.",
    "Egypt": "Egypt",
    "El Salvador": "El Salvador",
    "Email": "이메일",
    "Email Address": "Email Address",
    "Email Password Reset Link": "이메일 비밀번호 재설정 링크",
    "Enable": "활성화",
    "Ensure your account is using a long, random password to stay secure.": "계정을 안전하게 지키기 위해 길고 랜덤한 암호를 사용하고 있는지 확인하세요.",
    "Equatorial Guinea": "Equatorial Guinea",
    "Eritrea": "Eritrea",
    "Estonia": "Estonia",
    "Ethiopia": "Ethiopia",
    "Extra confirmation is needed to process your payment. Please confirm your payment by filling out your payment details below.": "Extra confirmation is needed to process your payment. Please confirm your payment by filling out your payment details below.",
    "Extra confirmation is needed to process your payment. Please continue to the payment page by clicking on the button below.": "Extra confirmation is needed to process your payment. Please continue to the payment page by clicking on the button below.",
    "Falkland Islands (Malvinas)": "Falkland Islands (Malvinas)",
    "Faroe Islands": "Faroe Islands",
    "February": "February",
    "Fiji": "Fiji",
    "Finland": "Finland",
    "For your security, please confirm your password to continue.": "보안을 위해, 계속하려면 비밀번호를 확인하세요.",
    "Forbidden": "권한 없음",
    "Force Delete": "Force Delete",
    "Force Delete Resource": "Force Delete Resource",
    "Force Delete Selected": "Force Delete Selected",
    "Forgot Your Password?": "비밀번호를 잊으셨나요?",
    "Forgot your password?": "비밀번호를 잊으셨나요?",
    "Forgot your password? No problem. Just let us know your email address and we will email you a password reset link that will allow you to choose a new one.": "비밀번호를 잊으셨습니까? 이메일 주소를 입력하시면 새 비밀번호를 설정 할 수 있는 링크를 이메일로 보내드립니다.",
    "France": "France",
    "French Guiana": "French Guiana",
    "French Polynesia": "French Polynesia",
    "French Southern Territories": "French Southern Territories",
    "Full name": "Full name",
    "Gabon": "Gabon",
    "Gambia": "Gambia",
    "Georgia": "Georgia",
    "Germany": "Germany",
    "Ghana": "Ghana",
    "Gibraltar": "Gibraltar",
    "Go back": "Go back",
    "Go Home": "홈으로 이동",
    "Go to page :page": ":page 페이지로 이동",
    "Great! You have accepted the invitation to join the :team team.": ":team 팀의 초대를 수락하셨습니다!",
    "Greece": "Greece",
    "Greenland": "Greenland",
    "Grenada": "Grenada",
    "Guadeloupe": "Guadeloupe",
    "Guam": "Guam",
    "Guatemala": "Guatemala",
    "Guernsey": "Guernsey",
    "Guinea": "Guinea",
    "Guinea-Bissau": "Guinea-Bissau",
    "Guyana": "Guyana",
    "Haiti": "Haiti",
    "Heard Island & Mcdonald Islands": "Heard Island and McDonald Islands",
    "Hello!": "안녕하세요!",
    "Hide Content": "Hide Content",
    "Hold Up!": "Hold Up!",
    "Holy See (Vatican City State)": "Vatican City",
    "Honduras": "Honduras",
    "Hong Kong": "Hong Kong",
    "Hungary": "Hungary",
    "I agree to the :terms_of_service and :privacy_policy": ":terms_of_service와 :privacy_policy에 동의합니다.",
    "Iceland": "Iceland",
    "ID": "ID",
    "If necessary, you may log out of all of your other browser sessions across all of your devices. Some of your recent sessions are listed below; however, this list may not be exhaustive. If you feel your account has been compromised, you should also update your password.": "If necessary, you may log out of all of your other browser sessions across all of your devices. Some of your recent sessions are listed below; however, this list may not be exhaustive. If you feel your account has been compromised, you should also update your password.",
    "If necessary, you may logout of all of your other browser sessions across all of your devices. Some of your recent sessions are listed below; however, this list may not be exhaustive. If you feel your account has been compromised, you should also update your password.": "필요한 경우 다른 모든 세션에서 로그아웃 할 수 있습니다. 최근 세션 중 일부는 다음과 같습니다. 그러나 이 목록은 완전하지 않을 수 있습니다. 계정을 탈취당했다고 생각하면 비밀번호도 변경하셔야 합니다.",
    "If you already have an account, you may accept this invitation by clicking the button below:": "이미 계정을 가지고 계신다면, 아래 버튼을 눌러 초대를 수락 할 수 있습니다.",
    "If you did not create an account, no further action is required.": "계정을 생성하지 않았다면 추가 조치가 필요하지 않습니다.",
    "If you did not expect to receive an invitation to this team, you may discard this email.": "이 팀에서 초대를 받기로 하시지 않으셨다면, 무시하셔도 됩니다.",
    "If you did not receive the email": "이메일을 받지 못한 경우",
    "If you did not request a password reset, no further action is required.": "귀하께서 비밀번호 재설정을 요청하지 않으셨다면, 추가 조치가 필요하지 않습니다.",
    "If you do not have an account, you may create one by clicking the button below. After creating an account, you may click the invitation acceptance button in this email to accept the team invitation:": "계정이 없으시다면 아래 버튼을 눌러 계정을 만들고, 이 메일에 있는 수락 버튼을 눌러 팀 초대를 수락 할 수 있습니다:",
    "If you’re having trouble clicking the \":actionText\" button, copy and paste the URL below\ninto your web browser:": "\":actionText\" 버튼을 클릭하는 중에 문제가 있는 경우 아래 URL을 복사하여\n웹 브라우저에 붙여넣으십시오:",
    "Increase": "Increase",
    "India": "India",
    "Indonesia": "Indonesia",
    "Invalid signature.": "잘못된 서명입니다.",
    "Iran, Islamic Republic Of": "Iran",
    "Iraq": "Iraq",
    "Ireland": "Ireland",
    "Isle Of Man": "Isle of Man",
    "Israel": "Israel",
    "Italy": "Italy",
    "Jamaica": "Jamaica",
    "January": "January",
    "Japan": "Japan",
    "Jersey": "Jersey",
    "Jordan": "Jordan",
    "July": "July",
    "June": "June",
    "Kazakhstan": "Kazakhstan",
    "Kenya": "Kenya",
    "Key": "Key",
    "Kiribati": "Kiribati",
    "Korea": "South Korea",
    "Korea, Democratic People's Republic of": "North Korea",
    "Kosovo": "Kosovo",
    "Kuwait": "Kuwait",
    "Kyrgyzstan": "Kyrgyzstan",
    "Lao People's Democratic Republic": "Laos",
    "Last active": "마지막 행동",
    "Last used": "마지막 사용",
    "Latvia": "Latvia",
    "Leave": "떠나기",
    "Leave Team": "팀 탈퇴하기",
    "Lebanon": "Lebanon",
    "Lens": "Lens",
    "Lesotho": "Lesotho",
    "Liberia": "Liberia",
    "Libyan Arab Jamahiriya": "Libya",
    "Liechtenstein": "Liechtenstein",
    "Lithuania": "Lithuania",
    "Load :perPage More": "Load :perPage More",
    "Log in": "Log in",
    "Log out": "Log out",
    "Log Out": "Log Out",
    "Log Out Other Browser Sessions": "Log Out Other Browser Sessions",
    "Login": "로그인",
    "Logout": "로그아웃",
    "Logout Other Browser Sessions": "다른 브라우저 세션에서 로그아웃",
    "Luxembourg": "Luxembourg",
    "Macao": "Macao",
    "Macedonia": "North Macedonia",
    "Madagascar": "Madagascar",
    "Malawi": "Malawi",
    "Malaysia": "Malaysia",
    "Maldives": "Maldives",
    "Mali": "Mali",
    "Malta": "Malta",
    "Manage Account": "계정 관리",
    "Manage and log out your active sessions on other browsers and devices.": "Manage and log out your active sessions on other browsers and devices.",
    "Manage and logout your active sessions on other browsers and devices.": "다른 활성 세션을 관리하고 로그아웃합니다.",
    "Manage API Tokens": "API 토큰 관리",
    "Manage Role": "역할 관리",
    "Manage Team": "팀 관리",
    "March": "March",
    "Marshall Islands": "Marshall Islands",
    "Martinique": "Martinique",
    "Mauritania": "Mauritania",
    "Mauritius": "Mauritius",
    "May": "May",
    "Mayotte": "Mayotte",
    "Mexico": "Mexico",
    "Micronesia, Federated States Of": "Micronesia",
    "Moldova": "Moldova",
    "Monaco": "Monaco",
    "Mongolia": "Mongolia",
    "Montenegro": "Montenegro",
    "Month To Date": "Month To Date",
    "Montserrat": "Montserrat",
    "Morocco": "Morocco",
    "Mozambique": "Mozambique",
    "Myanmar": "Myanmar",
    "Name": "이름",
    "Namibia": "Namibia",
    "Nauru": "Nauru",
    "Nepal": "Nepal",
    "Netherlands": "Netherlands",
    "Nevermind": "괜찮습니다",
    "New": "New",
    "New :resource": "New :resource",
    "New Caledonia": "New Caledonia",
    "New Password": "새 비밀번호",
    "New Zealand": "New Zealand",
    "Next": "Next",
    "Nicaragua": "Nicaragua",
    "Niger": "Niger",
    "Nigeria": "Nigeria",
    "Niue": "Niue",
    "No": "No",
    "No :resource matched the given criteria.": "No :resource matched the given criteria.",
    "No additional information...": "No additional information...",
    "No Current Data": "No Current Data",
    "No Data": "No Data",
    "no file selected": "no file selected",
    "No Increase": "No Increase",
    "No Prior Data": "No Prior Data",
    "No Results Found.": "No Results Found.",
    "Norfolk Island": "Norfolk Island",
    "Northern Mariana Islands": "Northern Mariana Islands",
    "Norway": "Norway",
    "Not Found": "찾을 수 없습니다",
    "Nova User": "Nova User",
    "November": "November",
    "October": "October",
    "of": "의",
    "Oh no": "저런!",
    "Oman": "Oman",
    "Once a team is deleted, all of its resources and data will be permanently deleted. Before deleting this team, please download any data or information regarding this team that you wish to retain.": "팀을 삭제하면 모든 리소스와 데이터가 영구적으로 삭제됩니다. 팀을 삭제하기 전에 이 팀에 관한 필요한 데이터 또는 정보를 다운로드하세요.",
    "Once your account is deleted, all of its resources and data will be permanently deleted. Before deleting your account, please download any data or information that you wish to retain.": "계정을 삭제하면 모든 리소스와 데이터가 영구적으로 삭제됩니다. 계정을 삭제하기 전에 유지하려는 필요한 데이터 또는 정보를 다운로드하세요.",
    "Only Trashed": "Only Trashed",
    "Original": "Original",
    "Page Expired": "만료된 페이지",
    "Pagination Navigation": "페이지네이션 내비게이션",
    "Pakistan": "Pakistan",
    "Palau": "Palau",
    "Palestinian Territory, Occupied": "Palestinian Territories",
    "Panama": "Panama",
    "Papua New Guinea": "Papua New Guinea",
    "Paraguay": "Paraguay",
    "Password": "비밀번호",
    "Pay :amount": "Pay :amount",
    "Payment Cancelled": "Payment Cancelled",
    "Payment Confirmation": "Payment Confirmation",
    "Payment Successful": "Payment Successful",
    "Pending Team Invitations": "대기 중인 팀 초대",
    "Per Page": "Per Page",
    "Permanently delete this team.": "이 팀을 영구적으로 삭제합니다.",
    "Permanently delete your account.": "계정을 영구적으로 삭제합니다.",
    "Permissions": "권한",
    "Peru": "Peru",
    "Philippines": "Philippines",
    "Photo": "사진",
    "Pitcairn": "Pitcairn Islands",
    "Please click the button below to verify your email address.": "이메일 주소를 확인하려면 아래 버튼을 클릭하십시오.",
    "Please confirm access to your account by entering one of your emergency recovery codes.": "긴급 복구 코드 중 하나를 입력하여 계정에 대한 액세스를 확인하세요.",
    "Please confirm access to your account by entering the authentication code provided by your authenticator application.": "인증 프로그램에서 제공한 코드를 입력하여 계정에 대한 액세스를 확인하세요.",
    "Please confirm your password before continuing.": "계속하기 전에 암호를 확인하십시오.",
    "Please copy your new API token. For your security, it won't be shown again.": "새 API 토큰을 복사하십시오. 보안을 위해 다시 보여드리지 않습니다.",
    "Please enter your password to confirm you would like to log out of your other browser sessions across all of your devices.": "Please enter your password to confirm you would like to log out of your other browser sessions across all of your devices.",
    "Please enter your password to confirm you would like to logout of your other browser sessions across all of your devices.": "다른 모든 세션에서 로그아웃할 것인지 확인하기 위해 암호를 입력하세요.",
    "Please provide the email address of the person you would like to add to this team.": "팀에 추가하시고 싶은 사람의 이메일 주소를 적어주세요.",
    "Please provide the email address of the person you would like to add to this team. The email address must be associated with an existing account.": "이 팀에 추가할 사람의 이메일 주소를 입력하세요. 이메일 주소는 기존 계정과 연결되어 있어야 합니다.",
    "Please provide your name.": "Please provide your name.",
    "Poland": "Poland",
    "Portugal": "Portugal",
    "Press \/ to search": "Press \/ to search",
    "Preview": "Preview",
    "Previous": "Previous",
    "Privacy Policy": "개인정보 보호 정책",
    "Profile": "프로필",
    "Profile Information": "프로필 정보",
    "Puerto Rico": "Puerto Rico",
    "Qatar": "Qatar",
    "Quarter To Date": "Quarter To Date",
    "Recovery Code": "복구 코드",
    "Regards": "안부",
    "Regenerate Recovery Codes": "복구 코드 재생성",
    "Register": "회원가입",
    "Reload": "Reload",
    "Remember me": "로그인 상태 유지",
    "Remember Me": "로그인 상태 유지",
    "Remove": "제거",
    "Remove Photo": "사진 제거",
    "Remove Team Member": "팀 멤버 제거",
    "Resend Verification Email": "확인 메일 다시 보내기",
    "Reset Filters": "Reset Filters",
    "Reset Password": "비밀번호 재설정",
    "Reset Password Notification": "비밀번호 재설정 알림",
    "resource": "resource",
    "Resources": "Resources",
    "resources": "resources",
    "Restore": "Restore",
    "Restore Resource": "Restore Resource",
    "Restore Selected": "Restore Selected",
    "results": "결과",
    "Reunion": "Réunion",
    "Role": "역할",
    "Romania": "Romania",
    "Run Action": "Run Action",
    "Russian Federation": "Russian Federation",
    "Rwanda": "Rwanda",
    "Saint Barthelemy": "St. Barthélemy",
    "Saint Helena": "St. Helena",
    "Saint Kitts And Nevis": "St. Kitts and Nevis",
    "Saint Lucia": "St. Lucia",
    "Saint Martin": "St. Martin",
    "Saint Pierre And Miquelon": "St. Pierre and Miquelon",
    "Saint Vincent And Grenadines": "St. Vincent and Grenadines",
    "Samoa": "Samoa",
    "San Marino": "San Marino",
    "Sao Tome And Principe": "São Tomé and Príncipe",
    "Saudi Arabia": "Saudi Arabia",
    "Save": "저장",
    "Saved.": "저장됨.",
    "Search": "Search",
    "Select A New Photo": "새로운 사진 선택",
    "Select Action": "Select Action",
    "Select All": "Select All",
    "Select All Matching": "Select All Matching",
    "Send Password Reset Link": "비밀번호 재설정 링크 보내기",
    "Senegal": "Senegal",
    "September": "September",
    "Serbia": "Serbia",
    "Server Error": "서버 오류",
    "Service Unavailable": "서비스를 사용할 수 없습니다.",
    "Seychelles": "Seychelles",
    "Show All Fields": "Show All Fields",
    "Show Content": "Show Content",
    "Show Recovery Codes": "재설정 코드 보기",
    "Showing": "보기",
    "Sierra Leone": "Sierra Leone",
    "Singapore": "Singapore",
    "Sint Maarten (Dutch part)": "Sint Maarten",
    "Slovakia": "Slovakia",
    "Slovenia": "Slovenia",
    "Solomon Islands": "Solomon Islands",
    "Somalia": "Somalia",
    "Something went wrong.": "Something went wrong.",
    "Sorry! You are not authorized to perform this action.": "Sorry! You are not authorized to perform this action.",
    "Sorry, your session has expired.": "Sorry, your session has expired.",
    "South Africa": "South Africa",
    "South Georgia And Sandwich Isl.": "South Georgia and South Sandwich Islands",
    "South Sudan": "South Sudan",
    "Spain": "Spain",
    "Sri Lanka": "Sri Lanka",
    "Start Polling": "Start Polling",
    "Stop Polling": "Stop Polling",
    "Store these recovery codes in a secure password manager. They can be used to recover access to your account if your two factor authentication device is lost.": "이 복구 코드를 안전한 암호 관리자에 저장하세요. 2단계 인증 장치를 분실한 경우 계정에 대한 액세스를 복구하기 위해 사용할 수 있습니다.",
    "Sudan": "Sudan",
    "Suriname": "Suriname",
    "Svalbard And Jan Mayen": "Svalbard and Jan Mayen",
    "Swaziland": "Eswatini",
    "Sweden": "Sweden",
    "Switch Teams": "팀 전환",
    "Switzerland": "Switzerland",
    "Syrian Arab Republic": "Syria",
    "Taiwan": "Taiwan",
    "Tajikistan": "Tajikistan",
    "Tanzania": "Tanzania",
    "Team Details": "팀 상세",
    "Team Invitation": "팀 초대",
    "Team Members": "팀 멤버",
    "Team Name": "팀 이름",
    "Team Owner": "팀장",
    "Team Settings": "팀 설정",
    "Terms of Service": "이용 약관",
    "Thailand": "Thailand",
    "Thanks for signing up! Before getting started, could you verify your email address by clicking on the link we just emailed to you? If you didn't receive the email, we will gladly send you another.": "가입해 주셔서 감사합니다! 시작하시기 전에 방금 이메일로 보낸 링크를 클릭하여 이메일 주소를 확인해 주시겠습니까? 이메일을 받지 못한 경우 새 이메일을 보내 드리겠습니다.",
    "The :attribute must be a valid role.": ":attribute 는 반드시 유효한 역할이어야 합니다.",
    "The :attribute must be at least :length characters and contain at least one number.": ":attribute는 반드시 적어도 :length글자 이상이면서 하나 이상의 숫자를 포함해야 합니다.",
    "The :attribute must be at least :length characters and contain at least one special character and one number.": "The :attribute must be at least :length characters and contain at least one special character and one number.",
    "The :attribute must be at least :length characters and contain at least one special character.": ":attribute는 반드시 :length글자 이상이면서 하나 이상의 특수 문자를 포함해야 합니다.",
    "The :attribute must be at least :length characters and contain at least one uppercase character and one number.": ":attribute는 반드시 :length글자 이상이면서 하나 이상의 대문자, 숫자를 포함해야 합니다.",
    "The :attribute must be at least :length characters and contain at least one uppercase character and one special character.": ":attribute는 반드시 :length글자 이상이면서 하나 이상의 대문자, 특수문자를 포함해야 합니다.",
    "The :attribute must be at least :length characters and contain at least one uppercase character, one number, and one special character.": ":attribute는 반드시 :length글자 이상이면서 하나 이상의 대문자, 숫자, 그리고 특수문자를 포함해야 합니다.",
    "The :attribute must be at least :length characters and contain at least one uppercase character.": ":attribute는 반드시 :length글자 이상이면서 하나 이상의 대문자를 포함해야 합니다.",
    "The :attribute must be at least :length characters.": ":attribute는 반드시 :length글자 이상이어야 합니다.",
    "The :resource was created!": "The :resource was created!",
    "The :resource was deleted!": "The :resource was deleted!",
    "The :resource was restored!": "The :resource was restored!",
    "The :resource was updated!": "The :resource was updated!",
    "The action ran successfully!": "The action ran successfully!",
    "The file was deleted!": "The file was deleted!",
    "The government won't let us show you what's behind these doors": "The government won't let us show you what's behind these doors",
    "The HasOne relationship has already been filled.": "The HasOne relationship has already been filled.",
    "The payment was successful.": "The payment was successful.",
    "The provided password does not match your current password.": "입력하신 비밀번호가 현재 비밀번호와 일치하지 않습니다.",
    "The provided password was incorrect.": "입력하신 비밀번호가 올바르지 않습니다.",
    "The provided two factor authentication code was invalid.": "입력하신 2단계 인증 코드가 올바르지 않습니다.",
    "The resource was updated!": "The resource was updated!",
    "The team's name and owner information.": "팀의 이름과 팀장 정보.",
    "There are no available options for this resource.": "There are no available options for this resource.",
    "There was a problem executing the action.": "There was a problem executing the action.",
    "There was a problem submitting the form.": "There was a problem submitting the form.",
    "These people have been invited to your team and have been sent an invitation email. They may join the team by accepting the email invitation.": "이분들은 팀에 초대되어 초대 메일이 발송되었고, 초대를 수락하여 팀에 들어 올 수 있습니다.",
    "This action is unauthorized.": "이 행동에 대한 권한이 없습니다.",
    "This device": "이 기기",
    "This file field is read-only.": "This file field is read-only.",
    "This image": "This image",
    "This is a secure area of the application. Please confirm your password before continuing.": "이곳은 보안 구역입니다. 진행하기 위해서 비밀번호를 입력해주세요.",
    "This password does not match our records.": "비밀번호가 일치하지 않습니다.",
    "This password reset link will expire in :count minutes.": "이 비밀번호 재설정 링크는 :count분 후에 만료됩니다.",
    "This payment was already successfully confirmed.": "This payment was already successfully confirmed.",
    "This payment was cancelled.": "This payment was cancelled.",
    "This resource no longer exists": "This resource no longer exists",
    "This user already belongs to the team.": "이 사용자는 이미 팀에 속해 있습니다.",
    "This user has already been invited to the team.": "이미 이 팀에 초대하신 분입니다.",
    "Timor-Leste": "Timor-Leste",
    "to": "에",
    "Today": "Today",
    "Toggle navigation": "내비게이션 전환",
    "Togo": "Togo",
    "Tokelau": "Tokelau",
    "Token Name": "토큰 이름",
    "Tonga": "Tonga",
    "Too Many Attempts.": "너무 많이 시도하셨습니다.",
    "Too Many Requests": "너무 많은 요청",
    "total": "total",
    "Trashed": "Trashed",
    "Trinidad And Tobago": "Trinidad and Tobago",
    "Tunisia": "Tunisia",
    "Turkey": "Turkey",
    "Turkmenistan": "Turkmenistan",
    "Turks And Caicos Islands": "Turks and Caicos Islands",
    "Tuvalu": "Tuvalu",
    "Two Factor Authentication": "2단계 인증",
    "Two factor authentication is now enabled. Scan the following QR code using your phone's authenticator application.": "이제 2단계 인증이 활성화되었습니다. 휴대전화의 인증 애플리케이션을 사용하여 다음 QR 코드를 스캔하세요.",
    "Uganda": "Uganda",
    "Ukraine": "Ukraine",
    "Unauthorized": "인증되지 않음",
    "United Arab Emirates": "United Arab Emirates",
    "United Kingdom": "United Kingdom",
    "United States": "United States",
    "United States Outlying Islands": "U.S. Outlying Islands",
    "Update": "Update",
    "Update & Continue Editing": "Update & Continue Editing",
    "Update :resource": "Update :resource",
    "Update :resource: :title": "Update :resource: :title",
    "Update attached :resource: :title": "Update attached :resource: :title",
    "Update Password": "비밀번호 업데이트",
    "Update your account's profile information and email address.": "계정의 프로필 정보와 이메일 주소를 업데이트하세요.",
    "Uruguay": "Uruguay",
    "Use a recovery code": "복구 코드 사용",
    "Use an authentication code": "인증 코드 사용",
    "Uzbekistan": "Uzbekistan",
    "Value": "Value",
    "Vanuatu": "Vanuatu",
    "Venezuela": "Venezuela",
    "Verify Email Address": "이메일 주소 확인",
    "Verify Your Email Address": "이메일 주소 확인",
    "Viet Nam": "Vietnam",
    "View": "View",
    "Virgin Islands, British": "British Virgin Islands",
    "Virgin Islands, U.S.": "U.S. Virgin Islands",
    "Wallis And Futuna": "Wallis and Futuna",
    "We were unable to find a registered user with this email address.": "이 이메일 주소로 등록된 사용자를 찾을 수 없습니다.",
    "We won't ask for your password again for a few hours.": "몇 시간 동안 비밀번호를 다시 확인하지 않습니다.",
    "We're lost in space. The page you were trying to view does not exist.": "We're lost in space. The page you were trying to view does not exist.",
    "Welcome Back!": "Welcome Back!",
    "Western Sahara": "Western Sahara",
    "When two factor authentication is enabled, you will be prompted for a secure, random token during authentication. You may retrieve this token from your phone's Google Authenticator application.": "2단계 인증이 활성화되면 인증 중에 코드를 입력하라는 메시지가 표시됩니다. 휴대전화의 Google Authenticator 애플리케이션에서 이 코드를 확인 할 수 있습니다.",
    "Whoops": "Whoops",
    "Whoops!": "저런!",
    "Whoops! Something went wrong.": "저런! 뭔가 잘못되었습니다.",
    "With Trashed": "With Trashed",
    "Write": "Write",
    "Year To Date": "Year To Date",
    "Yemen": "Yemen",
    "Yes": "Yes",
    "You are logged in!": "로그인되었습니다!",
    "You are receiving this email because we received a password reset request for your account.": "귀하의 계정에 대한 비밀번호 재설정이 요청되어 이 메일이 발송되었습니다.",
    "You have been invited to join the :team team!": ":team 팀에 초대되셨습니다!",
    "You have enabled two factor authentication.": "2단계 인증을 활성화했습니다.",
    "You have not enabled two factor authentication.": "2단계 인증을 활성화하지 않았습니다.",
    "You may delete any of your existing tokens if they are no longer needed.": "더 필요하지 않은 경우 기존 토큰을 삭제할 수 있습니다.",
    "You may not delete your personal team.": "개인 팀을 삭제할 수 없습니다.",
    "You may not leave a team that you created.": "자신이 만든 팀을 탈퇴할 수 없습니다.",
    "Your email address is not verified.": "이메일 주소가 확인되지 않습니다.",
    "Zambia": "Zambia",
    "Zimbabwe": "Zimbabwe"
}
