{
    "30 Days": "30 Days",
    "60 Days": "60 Days",
    "90 Days": "90 Days",
    ":amount Total": ":amount Total",
    ":resource Details": ":resource Details",
    ":resource Details: :title": ":resource Details: :title",
    "A fresh verification link has been sent to your email address.": "Patvirtinimo nuoroda buvo išsiųsta į jūsų el. paštą",
    "A new verification link has been sent to the email address you provided during registration.": "Nauja patvirtinimo nuoroda buvo išsiųsta el. pašto adresu, kurį pateikėte registruojantis.",
    "Accept Invitation": "Accept Invitation",
    "Action": "Action",
    "Action Happened At": "Happened At",
    "Action Initiated By": "Initiated By",
    "Action Name": "Name",
    "Action Status": "Status",
    "Action Target": "Target",
    "Actions": "Actions",
    "Add": "Pridėti",
    "Add a new team member to your team, allowing them to collaborate with you.": "Pridėkite naują komandos narį prie savo komandos, leisdami jam bendradarbiauti su jumis.",
    "Add additional security to your account using two factor authentication.": "Papildomai apsaugokite savo paskyrą naudojant dviejų veiksnių autentifikavimą.",
    "Add row": "Add row",
    "Add Team Member": "Pridėti komandos narį",
    "Added.": "Pridėta.",
    "Administrator": "Administratorius",
    "Administrator users can perform any action.": "Administratoriai gali atlikti bet kokius veiksmus.",
    "Afghanistan": "Afghanistan",
    "Aland Islands": "Åland Islands",
    "Albania": "Albania",
    "Algeria": "Algeria",
    "All of the people that are part of this team.": "Visi žmonės yra jūsų komandos nariai.",
    "All resources loaded.": "All resources loaded.",
    "All rights reserved.": "Visos teisės saugomos.",
    "Already registered?": "Jau užsiregistravote?",
    "American Samoa": "American Samoa",
    "An error occured while uploading the file.": "An error occured while uploading the file.",
    "Andorra": "Andorra",
    "Angola": "Angola",
    "Anguilla": "Anguilla",
    "Another user has updated this resource since this page was loaded. Please refresh the page and try again.": "Another user has updated this resource since this page was loaded. Please refresh the page and try again.",
    "Antarctica": "Antarctica",
    "Antigua And Barbuda": "Antigua and Barbuda",
    "API Token": "API raktas",
    "API Token Permissions": "API rakto teisės",
    "API Tokens": "API raktai",
    "API tokens allow third-party services to authenticate with our application on your behalf.": "API raktai leidžia kitoms paslaugoms jūsų vardu naudotis mūsų aplikacija.",
    "April": "April",
    "Are you sure you want to delete the selected resources?": "Are you sure you want to delete the selected resources?",
    "Are you sure you want to delete this file?": "Are you sure you want to delete this file?",
    "Are you sure you want to delete this resource?": "Are you sure you want to delete this resource?",
    "Are you sure you want to delete this team? Once a team is deleted, all of its resources and data will be permanently deleted.": "Ar jūs tikrai norite ištrinti šią komandą? Vos ištrynus komandą, visi jos duomenys bus ištrinti visam laikui.",
    "Are you sure you want to delete your account? Once your account is deleted, all of its resources and data will be permanently deleted. Please enter your password to confirm you would like to permanently delete your account.": "Ar jūs tikrai norite ištrinti šią komandą? Vos ištrynus komandą, visi jos duomenys bus ištrinti visam laikui. Įveskite savo slaptažodį, jei tikrai norite ištrinti savo paskyrą visam laikui.",
    "Are you sure you want to detach the selected resources?": "Are you sure you want to detach the selected resources?",
    "Are you sure you want to detach this resource?": "Are you sure you want to detach this resource?",
    "Are you sure you want to force delete the selected resources?": "Are you sure you want to force delete the selected resources?",
    "Are you sure you want to force delete this resource?": "Are you sure you want to force delete this resource?",
    "Are you sure you want to restore the selected resources?": "Are you sure you want to restore the selected resources?",
    "Are you sure you want to restore this resource?": "Are you sure you want to restore this resource?",
    "Are you sure you want to run this action?": "Are you sure you want to run this action?",
    "Are you sure you would like to delete this API token?": "Ar jūs tikrai norite ištrinti šį API raktą?",
    "Are you sure you would like to leave this team?": "Ar jūs tikrai norite palikti šią komandą?",
    "Are you sure you would like to remove this person from the team?": "Ar jūs tikrai norite pašalinti šį žmogų iš komandos?",
    "Argentina": "Argentina",
    "Armenia": "Armenia",
    "Aruba": "Aruba",
    "Attach": "Attach",
    "Attach & Attach Another": "Attach & Attach Another",
    "Attach :resource": "Attach :resource",
    "August": "August",
    "Australia": "Australia",
    "Austria": "Austria",
    "Azerbaijan": "Azerbaijan",
    "Bahamas": "Bahamas",
    "Bahrain": "Bahrain",
    "Bangladesh": "Bangladesh",
    "Barbados": "Barbados",
    "Before proceeding, please check your email for a verification link.": "Prieš tęsdami, patikrinkite savo el. pašto dežutę, ar nėra patvirtinimo nuorodos.",
    "Belarus": "Belarus",
    "Belgium": "Belgium",
    "Belize": "Belize",
    "Benin": "Benin",
    "Bermuda": "Bermuda",
    "Bhutan": "Bhutan",
    "Bolivia": "Bolivia",
    "Bonaire, Sint Eustatius and Saba": "Bonaire, Sint Eustatius and Saba",
    "Bosnia And Herzegovina": "Bosnia and Herzegovina",
    "Botswana": "Botswana",
    "Bouvet Island": "Bouvet Island",
    "Brazil": "Brazil",
    "British Indian Ocean Territory": "British Indian Ocean Territory",
    "Browser Sessions": "Naršyklės sesijos",
    "Brunei Darussalam": "Brunei",
    "Bulgaria": "Bulgaria",
    "Burkina Faso": "Burkina Faso",
    "Burundi": "Burundi",
    "Cambodia": "Cambodia",
    "Cameroon": "Cameroon",
    "Canada": "Canada",
    "Cancel": "Cancel",
    "Cape Verde": "Cape Verde",
    "Card": "Card",
    "Cayman Islands": "Cayman Islands",
    "Central African Republic": "Central African Republic",
    "Chad": "Chad",
    "Changes": "Changes",
    "Chile": "Chile",
    "China": "China",
    "Choose": "Choose",
    "Choose :field": "Choose :field",
    "Choose :resource": "Choose :resource",
    "Choose an option": "Choose an option",
    "Choose date": "Choose date",
    "Choose File": "Choose File",
    "Choose Type": "Choose Type",
    "Christmas Island": "Christmas Island",
    "click here to request another": "spauskite čia, kad gauti kitą",
    "Click to choose": "Click to choose",
    "Close": "Uždaryti",
    "Cocos (Keeling) Islands": "Cocos (Keeling) Islands",
    "Code": "Kodas",
    "Colombia": "Colombia",
    "Comoros": "Comoros",
    "Confirm": "Patvirtinti",
    "Confirm Password": "Pakartokite slaptažodį",
    "Confirm Payment": "Confirm Payment",
    "Confirm your :amount payment": "Confirm your :amount payment",
    "Congo": "Congo",
    "Congo, Democratic Republic": "Congo, Democratic Republic",
    "Constant": "Constant",
    "Cook Islands": "Cook Islands",
    "Costa Rica": "Costa Rica",
    "Cote D'Ivoire": "Côte d'Ivoire",
    "could not be found.": "could not be found.",
    "Create": "Sukurti",
    "Create & Add Another": "Create & Add Another",
    "Create :resource": "Create :resource",
    "Create a new team to collaborate with others on projects.": "Sukurkite naują komandą norint bendradarbiauti su kitais.",
    "Create Account": "Create Account",
    "Create API Token": "Sukurti API raktą",
    "Create New Team": "Sukurti naują komandą",
    "Create Team": "Sukurti komandą",
    "Created.": "Sukurta.",
    "Croatia": "Croatia",
    "Cuba": "Cuba",
    "Curaçao": "Curaçao",
    "Current Password": "Dabartinis slaptažodis",
    "Customize": "Customize",
    "Cyprus": "Cyprus",
    "Czech Republic": "Czechia",
    "Dashboard": "Pagrindinis puslapis",
    "December": "December",
    "Decrease": "Decrease",
    "Delete": "Ištrinti",
    "Delete Account": "Ištrinkite paskyrą",
    "Delete API Token": "Ištrinti API raktą",
    "Delete File": "Delete File",
    "Delete Resource": "Delete Resource",
    "Delete Selected": "Delete Selected",
    "Delete Team": "Ištrinti komandą",
    "Denmark": "Denmark",
    "Detach": "Detach",
    "Detach Resource": "Detach Resource",
    "Detach Selected": "Detach Selected",
    "Details": "Details",
    "Disable": "Išjungti",
    "Djibouti": "Djibouti",
    "Do you really want to leave? You have unsaved changes.": "Do you really want to leave? You have unsaved changes.",
    "Dominica": "Dominica",
    "Dominican Republic": "Dominican Republic",
    "Done.": "Atlikta.",
    "Download": "Download",
    "E-Mail Address": "El. pašto adresas",
    "Ecuador": "Ecuador",
    "Edit": "Edit",
    "Edit :resource": "Edit :resource",
    "Edit Attached": "Edit Attached",
    "Editor": "Redaguotojas",
    "Editor users have the ability to read, create, and update.": "Redaguotojai turi teisę skaityti, sukurti ir redaguoti.",
    "Egypt": "Egypt",
    "El Salvador": "El Salvador",
    "Email": "El. pašto adresas",
    "Email Address": "Email Address",
    "Email Password Reset Link": "Atsiųsti slaptažodžio atstatymo nuorodą",
    "Enable": "Įjungti",
    "Ensure your account is using a long, random password to stay secure.": "Įsitikinkite, kad jūsų slapažodis yra ilgas, atsitiktinis dėl paskyros saugumo.",
    "Equatorial Guinea": "Equatorial Guinea",
    "Eritrea": "Eritrea",
    "Estonia": "Estonia",
    "Ethiopia": "Ethiopia",
    "Extra confirmation is needed to process your payment. Please confirm your payment by filling out your payment details below.": "Extra confirmation is needed to process your payment. Please confirm your payment by filling out your payment details below.",
    "Extra confirmation is needed to process your payment. Please continue to the payment page by clicking on the button below.": "Extra confirmation is needed to process your payment. Please continue to the payment page by clicking on the button below.",
    "Falkland Islands (Malvinas)": "Falkland Islands (Malvinas)",
    "Faroe Islands": "Faroe Islands",
    "February": "February",
    "Fiji": "Fiji",
    "Finland": "Finland",
    "For your security, please confirm your password to continue.": "Dėl jūsų saugumo prašome įvesti slaptažodį, jog tęsti.",
    "Forbidden": "Draudžiama",
    "Force Delete": "Force Delete",
    "Force Delete Resource": "Force Delete Resource",
    "Force Delete Selected": "Force Delete Selected",
    "Forgot Your Password?": "Pamiršote slaptažodį?",
    "Forgot your password?": "Pamiršote slaptažodį?",
    "Forgot your password? No problem. Just let us know your email address and we will email you a password reset link that will allow you to choose a new one.": "Pamiršote savo slaptažodį? Jokių problemų. Įveskite savo el. pašto adresą ir atsiųsime slaptažodžio atstatymo nuorodą, kuri leis jums pasirinkti naują.",
    "France": "France",
    "French Guiana": "French Guiana",
    "French Polynesia": "French Polynesia",
    "French Southern Territories": "French Southern Territories",
    "Full name": "Full name",
    "Gabon": "Gabon",
    "Gambia": "Gambia",
    "Georgia": "Georgia",
    "Germany": "Germany",
    "Ghana": "Ghana",
    "Gibraltar": "Gibraltar",
    "Go back": "Go back",
    "Go Home": "Eiti į pradinį puslapį",
    "Go to page :page": "Eiti į puslapį Nr. :page",
    "Great! You have accepted the invitation to join the :team team.": "Great! You have accepted the invitation to join the :team team.",
    "Greece": "Greece",
    "Greenland": "Greenland",
    "Grenada": "Grenada",
    "Guadeloupe": "Guadeloupe",
    "Guam": "Guam",
    "Guatemala": "Guatemala",
    "Guernsey": "Guernsey",
    "Guinea": "Guinea",
    "Guinea-Bissau": "Guinea-Bissau",
    "Guyana": "Guyana",
    "Haiti": "Haiti",
    "Heard Island & Mcdonald Islands": "Heard Island and McDonald Islands",
    "Hello!": "Sveiki!",
    "Hide Content": "Hide Content",
    "Hold Up!": "Hold Up!",
    "Holy See (Vatican City State)": "Vatican City",
    "Honduras": "Honduras",
    "Hong Kong": "Hong Kong",
    "Hungary": "Hungary",
    "I agree to the :terms_of_service and :privacy_policy": "I agree to the :terms_of_service and :privacy_policy",
    "Iceland": "Iceland",
    "ID": "ID",
    "If necessary, you may log out of all of your other browser sessions across all of your devices. Some of your recent sessions are listed below; however, this list may not be exhaustive. If you feel your account has been compromised, you should also update your password.": "If necessary, you may log out of all of your other browser sessions across all of your devices. Some of your recent sessions are listed below; however, this list may not be exhaustive. If you feel your account has been compromised, you should also update your password.",
    "If necessary, you may logout of all of your other browser sessions across all of your devices. Some of your recent sessions are listed below; however, this list may not be exhaustive. If you feel your account has been compromised, you should also update your password.": "Jei reikia, jūs galite atsijungti iš visų kitų naršyklės sesijų tarp visų jūsų įrenginių. Kai kurios paskutinės jūsų sesijos yra išvardytos žemiau, tačiau šis sąrašas gali būti neišsamus. Jeigu jaučiate, kad jūsų paskyra galėjo būti pažeista, jums taip pat reikėtų pasikeisti slaptažodį.",
    "If you already have an account, you may accept this invitation by clicking the button below:": "If you already have an account, you may accept this invitation by clicking the button below:",
    "If you did not create an account, no further action is required.": "Jeigu paskyrą kūrėte ne jūs, papildomų veiksmų atlikti nereikia.",
    "If you did not expect to receive an invitation to this team, you may discard this email.": "If you did not expect to receive an invitation to this team, you may discard this email.",
    "If you did not receive the email": "Jei negavote el. laiško",
    "If you did not request a password reset, no further action is required.": "Jeigu neprašėte atstatyti slaptažodį, jokių veiksmų atlikti nereikia.",
    "If you do not have an account, you may create one by clicking the button below. After creating an account, you may click the invitation acceptance button in this email to accept the team invitation:": "If you do not have an account, you may create one by clicking the button below. After creating an account, you may click the invitation acceptance button in this email to accept the team invitation:",
    "If you’re having trouble clicking the \":actionText\" button, copy and paste the URL below\ninto your web browser:": "Jeigu nepavyksta paspausti \":actionText\" mygtuko, nukopijuokite ir įklijuokite nuorodą, kuri pateikta žemiau,\nį savo naršyklę:",
    "Increase": "Increase",
    "India": "India",
    "Indonesia": "Indonesia",
    "Invalid signature.": "Neteisingas parašas.",
    "Iran, Islamic Republic Of": "Iran",
    "Iraq": "Iraq",
    "Ireland": "Ireland",
    "Isle Of Man": "Isle of Man",
    "Israel": "Israel",
    "Italy": "Italy",
    "Jamaica": "Jamaica",
    "January": "January",
    "Japan": "Japan",
    "Jersey": "Jersey",
    "Jordan": "Jordan",
    "July": "July",
    "June": "June",
    "Kazakhstan": "Kazakhstan",
    "Kenya": "Kenya",
    "Key": "Key",
    "Kiribati": "Kiribati",
    "Korea": "South Korea",
    "Korea, Democratic People's Republic of": "North Korea",
    "Kosovo": "Kosovo",
    "Kuwait": "Kuwait",
    "Kyrgyzstan": "Kyrgyzstan",
    "Lao People's Democratic Republic": "Laos",
    "Last active": "Paskutinį kartą prisijungta",
    "Last used": "Paskutinį kartą naudotas",
    "Latvia": "Latvia",
    "Leave": "Palikti",
    "Leave Team": "Palikti komandą",
    "Lebanon": "Lebanon",
    "Lens": "Lens",
    "Lesotho": "Lesotho",
    "Liberia": "Liberia",
    "Libyan Arab Jamahiriya": "Libya",
    "Liechtenstein": "Liechtenstein",
    "Lithuania": "Lithuania",
    "Load :perPage More": "Load :perPage More",
    "Log in": "Log in",
    "Log out": "Log out",
    "Log Out": "Log Out",
    "Log Out Other Browser Sessions": "Log Out Other Browser Sessions",
    "Login": "Prisijungti",
    "Logout": "Atsijungti",
    "Logout Other Browser Sessions": "Atsijungti iš kitų naršyklių",
    "Luxembourg": "Luxembourg",
    "Macao": "Macao",
    "Macedonia": "North Macedonia",
    "Madagascar": "Madagascar",
    "Malawi": "Malawi",
    "Malaysia": "Malaysia",
    "Maldives": "Maldives",
    "Mali": "Mali",
    "Malta": "Malta",
    "Manage Account": "Tvarkyti paskyrą",
    "Manage and log out your active sessions on other browsers and devices.": "Manage and log out your active sessions on other browsers and devices.",
    "Manage and logout your active sessions on other browsers and devices.": "Tvarkykite ir atjunkite aktyvias sesijas iš kitų naršyklių ir įrenginių.",
    "Manage API Tokens": "Tvarkyti API raktus",
    "Manage Role": "Tvarkyti roles",
    "Manage Team": "Tvarkyti komandas",
    "March": "March",
    "Marshall Islands": "Marshall Islands",
    "Martinique": "Martinique",
    "Mauritania": "Mauritania",
    "Mauritius": "Mauritius",
    "May": "May",
    "Mayotte": "Mayotte",
    "Mexico": "Mexico",
    "Micronesia, Federated States Of": "Micronesia",
    "Moldova": "Moldova",
    "Monaco": "Monaco",
    "Mongolia": "Mongolia",
    "Montenegro": "Montenegro",
    "Month To Date": "Month To Date",
    "Montserrat": "Montserrat",
    "Morocco": "Morocco",
    "Mozambique": "Mozambique",
    "Myanmar": "Myanmar",
    "Name": "Vardas",
    "Namibia": "Namibia",
    "Nauru": "Nauru",
    "Nepal": "Nepal",
    "Netherlands": "Netherlands",
    "Nevermind": "Uždaryti",
    "New": "New",
    "New :resource": "New :resource",
    "New Caledonia": "New Caledonia",
    "New Password": "Naujas slaptažodis",
    "New Zealand": "New Zealand",
    "Next": "Next",
    "Nicaragua": "Nicaragua",
    "Niger": "Niger",
    "Nigeria": "Nigeria",
    "Niue": "Niue",
    "No": "No",
    "No :resource matched the given criteria.": "No :resource matched the given criteria.",
    "No additional information...": "No additional information...",
    "No Current Data": "No Current Data",
    "No Data": "No Data",
    "no file selected": "no file selected",
    "No Increase": "No Increase",
    "No Prior Data": "No Prior Data",
    "No Results Found.": "No Results Found.",
    "Norfolk Island": "Norfolk Island",
    "Northern Mariana Islands": "Northern Mariana Islands",
    "Norway": "Norway",
    "Not Found": "Nerasta",
    "Nova User": "Nova User",
    "November": "November",
    "October": "October",
    "of": "iš",
    "Oh no": "O ne",
    "Oman": "Oman",
    "Once a team is deleted, all of its resources and data will be permanently deleted. Before deleting this team, please download any data or information regarding this team that you wish to retain.": "Vos ištrynus komandą, visi jos resursai ir duomenys bus visam laikui ištrinti. Prieš ištrinant komandą parsisiųskite visus duomenis, kuriuos norėsite pasiekti.",
    "Once your account is deleted, all of its resources and data will be permanently deleted. Before deleting your account, please download any data or information that you wish to retain.": "Vos ištrynus paskyrą, visi jos resursai ir duomenys bus visam laikui ištrinti. Prieš ištrinant paskyrą parsisiųskite visus duomenis, kuriuos norėsite pasiekti.",
    "Only Trashed": "Only Trashed",
    "Original": "Original",
    "Page Expired": "Galiojimo laikas pasibaigė",
    "Pagination Navigation": "Puslapių navigacija",
    "Pakistan": "Pakistan",
    "Palau": "Palau",
    "Palestinian Territory, Occupied": "Palestinian Territories",
    "Panama": "Panama",
    "Papua New Guinea": "Papua New Guinea",
    "Paraguay": "Paraguay",
    "Password": "Slaptažodis",
    "Pay :amount": "Pay :amount",
    "Payment Cancelled": "Payment Cancelled",
    "Payment Confirmation": "Payment Confirmation",
    "Payment Successful": "Payment Successful",
    "Pending Team Invitations": "Pending Team Invitations",
    "Per Page": "Per Page",
    "Permanently delete this team.": "Galite ištrinti visam laikui šią komandą.",
    "Permanently delete your account.": "Galite ištrinti visam laikui savo paskyrą.",
    "Permissions": "Teisės",
    "Peru": "Peru",
    "Philippines": "Philippines",
    "Photo": "Nuotrauka",
    "Pitcairn": "Pitcairn Islands",
    "Please click the button below to verify your email address.": "Spauskite mygtuką žemiau, norėdami patvirtinti savo el. pašto adresą.",
    "Please confirm access to your account by entering one of your emergency recovery codes.": "Prašome patvirtinti prisijungimą į paskyrą įvedant vieną iš jūsų atkūrimo kodų.",
    "Please confirm access to your account by entering the authentication code provided by your authenticator application.": "Prašome patvirtinti prisijungimą į paskyrą įvedant autentifikavimo kodą iš jūsų autentifikavimo programėlės.",
    "Please confirm your password before continuing.": "Įveskite savo slaptažodį prieš tęsiant.",
    "Please copy your new API token. For your security, it won't be shown again.": "Nusikopijuokite savo naują API raktą. Dėl jūsų saugumo daugiau jo nerodysime.",
    "Please enter your password to confirm you would like to log out of your other browser sessions across all of your devices.": "Please enter your password to confirm you would like to log out of your other browser sessions across all of your devices.",
    "Please enter your password to confirm you would like to logout of your other browser sessions across all of your devices.": "Prašome įvesti slaptažodį, jei tikrai norite atsijungti iš kitų naršyklių visuose jūsų įrenginiuose.",
    "Please provide the email address of the person you would like to add to this team.": "Please provide the email address of the person you would like to add to this team.",
    "Please provide the email address of the person you would like to add to this team. The email address must be associated with an existing account.": "Įveskite el. pašto adresą nario, kurį norite pridėti prie savo komandos. El. pašto adresas turi būti jau susietas su jau egzistuojančia paskyra.",
    "Please provide your name.": "Please provide your name.",
    "Poland": "Poland",
    "Portugal": "Portugal",
    "Press \/ to search": "Press \/ to search",
    "Preview": "Preview",
    "Previous": "Previous",
    "Privacy Policy": "Privacy Policy",
    "Profile": "Profilis",
    "Profile Information": "Profilio informacija",
    "Puerto Rico": "Puerto Rico",
    "Qatar": "Qatar",
    "Quarter To Date": "Quarter To Date",
    "Recovery Code": "Atkūrimo kodas",
    "Regards": "Pagarbiai",
    "Regenerate Recovery Codes": "Iš naujo sugeneruoti atkūrimo kodus",
    "Register": "Registruotis",
    "Reload": "Reload",
    "Remember me": "Atsiminti mane",
    "Remember Me": "Atsiminti",
    "Remove": "Pašalinti",
    "Remove Photo": "Pašalinti nuotrauką",
    "Remove Team Member": "Pašalinti komandos narį",
    "Resend Verification Email": "Persiųsti patvirtinimo el. laišką",
    "Reset Filters": "Reset Filters",
    "Reset Password": "Slaptažodžio atstatymas",
    "Reset Password Notification": "Slaptažodžio atstatymo pranešimas",
    "resource": "resource",
    "Resources": "Resources",
    "resources": "resources",
    "Restore": "Restore",
    "Restore Resource": "Restore Resource",
    "Restore Selected": "Restore Selected",
    "results": "rezultatai",
    "Reunion": "Réunion",
    "Role": "Rolė",
    "Romania": "Romania",
    "Run Action": "Run Action",
    "Russian Federation": "Russian Federation",
    "Rwanda": "Rwanda",
    "Saint Barthelemy": "St. Barthélemy",
    "Saint Helena": "St. Helena",
    "Saint Kitts And Nevis": "St. Kitts and Nevis",
    "Saint Lucia": "St. Lucia",
    "Saint Martin": "St. Martin",
    "Saint Pierre And Miquelon": "St. Pierre and Miquelon",
    "Saint Vincent And Grenadines": "St. Vincent and Grenadines",
    "Samoa": "Samoa",
    "San Marino": "San Marino",
    "Sao Tome And Principe": "São Tomé and Príncipe",
    "Saudi Arabia": "Saudi Arabia",
    "Save": "Išsaugoti",
    "Saved.": "Išsaugota.",
    "Search": "Search",
    "Select A New Photo": "Pasirinkti naują nuotrauką",
    "Select Action": "Select Action",
    "Select All": "Select All",
    "Select All Matching": "Select All Matching",
    "Send Password Reset Link": "Siųsti slaptažodžio atstatymo nuorodą",
    "Senegal": "Senegal",
    "September": "September",
    "Serbia": "Serbia",
    "Server Error": "Serverio klaida",
    "Service Unavailable": "Paslauga negalima",
    "Seychelles": "Seychelles",
    "Show All Fields": "Show All Fields",
    "Show Content": "Show Content",
    "Show Recovery Codes": "Rodyti atkūrimo kodus",
    "Showing": "Rodomi nuo",
    "Sierra Leone": "Sierra Leone",
    "Singapore": "Singapore",
    "Sint Maarten (Dutch part)": "Sint Maarten",
    "Slovakia": "Slovakia",
    "Slovenia": "Slovenia",
    "Solomon Islands": "Solomon Islands",
    "Somalia": "Somalia",
    "Something went wrong.": "Something went wrong.",
    "Sorry! You are not authorized to perform this action.": "Sorry! You are not authorized to perform this action.",
    "Sorry, your session has expired.": "Sorry, your session has expired.",
    "South Africa": "South Africa",
    "South Georgia And Sandwich Isl.": "South Georgia and South Sandwich Islands",
    "South Sudan": "South Sudan",
    "Spain": "Spain",
    "Sri Lanka": "Sri Lanka",
    "Start Polling": "Start Polling",
    "Stop Polling": "Stop Polling",
    "Store these recovery codes in a secure password manager. They can be used to recover access to your account if your two factor authentication device is lost.": "Išsisaugokite šiuos atkūrimo kodus saugioje slaptažodžių tvarkyklėje. Jie bus reikalaujami norint susigrąžinti prieigą prie paskyros jei dviejų veiksnių apsaugos įrenginys bus prarastas.",
    "Sudan": "Sudan",
    "Suriname": "Suriname",
    "Svalbard And Jan Mayen": "Svalbard and Jan Mayen",
    "Swaziland": "Eswatini",
    "Sweden": "Sweden",
    "Switch Teams": "Pakeisti komandą",
    "Switzerland": "Switzerland",
    "Syrian Arab Republic": "Syria",
    "Taiwan": "Taiwan",
    "Tajikistan": "Tajikistan",
    "Tanzania": "Tanzania",
    "Team Details": "Komandos informacija",
    "Team Invitation": "Team Invitation",
    "Team Members": "Komandos nariai",
    "Team Name": "Komandos pavadinimas",
    "Team Owner": "Komandos savininkas",
    "Team Settings": "Komandos nustatymai",
    "Terms of Service": "Terms of Service",
    "Thailand": "Thailand",
    "Thanks for signing up! Before getting started, could you verify your email address by clicking on the link we just emailed to you? If you didn't receive the email, we will gladly send you another.": "Ačiū, kad užsiregistravote! Prieš pradedant, gal galite patvirtinti savo el. pašto adresą paspaudžiant ant nuorodos, kurią jums ką tik atsiuntėme? Jeigu negavote el. laiško, mes jums atsiųsime kitą.",
    "The :attribute must be a valid role.": "Laukas :attribute turi būti tinkama rolė.",
    "The :attribute must be at least :length characters and contain at least one number.": "Laukas :attribute turi būti bent :length simbolių ilgio ir turėti bent vieną numerį.",
    "The :attribute must be at least :length characters and contain at least one special character and one number.": "The :attribute must be at least :length characters and contain at least one special character and one number.",
    "The :attribute must be at least :length characters and contain at least one special character.": "Laukas :attribute turi būti bent :length simbolių ilgio ir turėti bent vieną specialių simbolį.",
    "The :attribute must be at least :length characters and contain at least one uppercase character and one number.": "Laukas :attribute turi būti bent :length sibmolių ilgio ir turėti bent vieną didžiąją raidę bei skaičių.",
    "The :attribute must be at least :length characters and contain at least one uppercase character and one special character.": "Laukas :attribute turi būti bent :length simbolių ilgio ir turėti bent vieną didžiąją raidę bei vieną specialų simbolį.",
    "The :attribute must be at least :length characters and contain at least one uppercase character, one number, and one special character.": "Laukas :attribute turi būti bent :length simbolių ilgio ir turėti bent vieną didžiają raidę, vieną skaičių bei vieną specialų simbolį.",
    "The :attribute must be at least :length characters and contain at least one uppercase character.": "Laukas :attribute turi būti bent :length simbolių ilgio ir turėti bent vieną didžiąją raidę.",
    "The :attribute must be at least :length characters.": "Laukas :attribute turi būti bent :length simbolių ilgio.",
    "The :resource was created!": "The :resource was created!",
    "The :resource was deleted!": "The :resource was deleted!",
    "The :resource was restored!": "The :resource was restored!",
    "The :resource was updated!": "The :resource was updated!",
    "The action ran successfully!": "The action ran successfully!",
    "The file was deleted!": "The file was deleted!",
    "The government won't let us show you what's behind these doors": "The government won't let us show you what's behind these doors",
    "The HasOne relationship has already been filled.": "The HasOne relationship has already been filled.",
    "The payment was successful.": "The payment was successful.",
    "The provided password does not match your current password.": "Pateiktas slaptažodis nesutampa su jūsų dabartiniu slaptažodžiu.",
    "The provided password was incorrect.": "Pateiktas slaptažodis buvo neteisingas.",
    "The provided two factor authentication code was invalid.": "Pateiktas autentifikavimo kodas buvo neteisingas.",
    "The resource was updated!": "The resource was updated!",
    "The team's name and owner information.": "Komandos pavadinimas ir savininko informacija.",
    "There are no available options for this resource.": "There are no available options for this resource.",
    "There was a problem executing the action.": "There was a problem executing the action.",
    "There was a problem submitting the form.": "There was a problem submitting the form.",
    "These people have been invited to your team and have been sent an invitation email. They may join the team by accepting the email invitation.": "These people have been invited to your team and have been sent an invitation email. They may join the team by accepting the email invitation.",
    "This action is unauthorized.": "Jūs neturite leidimo atlikti šį veiksmą.",
    "This device": "Šis įrenginys",
    "This file field is read-only.": "This file field is read-only.",
    "This image": "This image",
    "This is a secure area of the application. Please confirm your password before continuing.": "This is a secure area of the application. Please confirm your password before continuing.",
    "This password does not match our records.": "Šis slaptažodis neatitinka mūsų įrašų.",
    "This password reset link will expire in :count minutes.": "Ši slaptažodžio nustatymo nuoroda galios :count min.",
    "This payment was already successfully confirmed.": "This payment was already successfully confirmed.",
    "This payment was cancelled.": "This payment was cancelled.",
    "This resource no longer exists": "This resource no longer exists",
    "This user already belongs to the team.": "Šis vartotojas jau priklauso komandai.",
    "This user has already been invited to the team.": "This user has already been invited to the team.",
    "Timor-Leste": "Timor-Leste",
    "to": "iki",
    "Today": "Today",
    "Toggle navigation": "Perjungti navigaciją",
    "Togo": "Togo",
    "Tokelau": "Tokelau",
    "Token Name": "Rakto vardas",
    "Tonga": "Tonga",
    "Too Many Attempts.": "Per daug bandymų.",
    "Too Many Requests": "Per daug užklausų",
    "total": "total",
    "Trashed": "Trashed",
    "Trinidad And Tobago": "Trinidad and Tobago",
    "Tunisia": "Tunisia",
    "Turkey": "Turkey",
    "Turkmenistan": "Turkmenistan",
    "Turks And Caicos Islands": "Turks and Caicos Islands",
    "Tuvalu": "Tuvalu",
    "Two Factor Authentication": "Dviejų veiksnių autentifikavimas",
    "Two factor authentication is now enabled. Scan the following QR code using your phone's authenticator application.": "Dviejų veiksnių autentifikacija jau įjungta. Nuskanuokite šį QR kodą savo telefono autentifikavimo programėle.",
    "Uganda": "Uganda",
    "Ukraine": "Ukraine",
    "Unauthorized": "Neturite leidimo",
    "United Arab Emirates": "United Arab Emirates",
    "United Kingdom": "United Kingdom",
    "United States": "United States",
    "United States Outlying Islands": "U.S. Outlying Islands",
    "Update": "Update",
    "Update & Continue Editing": "Update & Continue Editing",
    "Update :resource": "Update :resource",
    "Update :resource: :title": "Update :resource: :title",
    "Update attached :resource: :title": "Update attached :resource: :title",
    "Update Password": "Slaptažodžio keitimas",
    "Update your account's profile information and email address.": "Pakeiskite savo profilio informaciją ir el. pašto adresą.",
    "Uruguay": "Uruguay",
    "Use a recovery code": "Naudoti atkūrimo kodą",
    "Use an authentication code": "Naudoti autentifikavimo kodą",
    "Uzbekistan": "Uzbekistan",
    "Value": "Value",
    "Vanuatu": "Vanuatu",
    "Venezuela": "Venezuela",
    "Verify Email Address": "El. pašto adreso patvirtinimas",
    "Verify Your Email Address": "Patvirtinkite savo el. pašto adresą",
    "Viet Nam": "Vietnam",
    "View": "View",
    "Virgin Islands, British": "British Virgin Islands",
    "Virgin Islands, U.S.": "U.S. Virgin Islands",
    "Wallis And Futuna": "Wallis and Futuna",
    "We were unable to find a registered user with this email address.": "Mums nepavyko rasti registruoto vartotojo su šiuo el. pašto adresu.",
    "We won't ask for your password again for a few hours.": "Mes neprašysime įvesti slaptažodžio kelias valandas.",
    "We're lost in space. The page you were trying to view does not exist.": "We're lost in space. The page you were trying to view does not exist.",
    "Welcome Back!": "Welcome Back!",
    "Western Sahara": "Western Sahara",
    "When two factor authentication is enabled, you will be prompted for a secure, random token during authentication. You may retrieve this token from your phone's Google Authenticator application.": "Kai įjungsite dviejų veiksnių apsaugą, jūsų prašysime įvesti saugų, atsitiktinį kodą. Šį kodą galėsite gauti Google Authenticator programėlėje.",
    "Whoops": "Whoops",
    "Whoops!": "Ups!",
    "Whoops! Something went wrong.": "Ups! Kažkas atsitiko.",
    "With Trashed": "With Trashed",
    "Write": "Write",
    "Year To Date": "Year To Date",
    "Yemen": "Yemen",
    "Yes": "Yes",
    "You are logged in!": "Jūs esate prisijungęs!",
    "You are receiving this email because we received a password reset request for your account.": "Jūs gavote šį el. laišką, nes buvo išsiųsta jūsų paskyros slaptažodžio atstatymo užklausa.",
    "You have been invited to join the :team team!": "You have been invited to join the :team team!",
    "You have enabled two factor authentication.": "Jūs įjungęs dviejų veiksnių autentifikaciją.",
    "You have not enabled two factor authentication.": "Jūs nesate įjungęs dviejų veiksnių autentifikacijos.",
    "You may delete any of your existing tokens if they are no longer needed.": "Jūs galite ištrinti savo raktus, jei jie jums bus nereikalingi.",
    "You may not delete your personal team.": "Jūs negalite ištrinti savo asmeninės komandos.",
    "You may not leave a team that you created.": "Jūs negalite palikti komandos, kurią sukūrėte.",
    "Your email address is not verified.": "Jūsų el. pašto adresas nėra patvirtintas.",
    "Zambia": "Zambia",
    "Zimbabwe": "Zimbabwe"
}
