{
    "30 Days": "30 Days",
    "60 Days": "60 Days",
    "90 Days": "90 Days",
    ":amount Total": ":amount Total",
    ":resource Details": ":resource Details",
    ":resource Details: :title": ":resource Details: :title",
    "A fresh verification link has been sent to your email address.": "Испратен е нов линк за потврда на вашата e-mail адреса.",
    "A new verification link has been sent to the email address you provided during registration.": "Испратен е нов линк за потврда до e-mail адресата што ја внесовте при регистрацијата.",
    "Accept Invitation": "Прифатете ја поканата",
    "Action": "Action",
    "Action Happened At": "Happened At",
    "Action Initiated By": "Initiated By",
    "Action Name": "Name",
    "Action Status": "Status",
    "Action Target": "Target",
    "Actions": "Actions",
    "Add": "Додади",
    "Add a new team member to your team, allowing them to collaborate with you.": "Додадете нов член во вашиот тим, дозволувајќи му да работи со вас.",
    "Add additional security to your account using two factor authentication.": "Додадете дополнителна безбедност на вашата сметка користејќи проверка во два чекори (two factor authentication).",
    "Add row": "Add row",
    "Add Team Member": "Додадете нов член на тимот.",
    "Added.": "Додадено.",
    "Administrator": "Администратор",
    "Administrator users can perform any action.": "Корисниците со улога Администратор може да вршат било каква акција.",
    "Afghanistan": "Afghanistan",
    "Aland Islands": "Åland Islands",
    "Albania": "Albania",
    "Algeria": "Algeria",
    "All of the people that are part of this team.": "Сите луѓе кои се дел од овој тим.",
    "All resources loaded.": "All resources loaded.",
    "All rights reserved.": "Сите права се задржани.",
    "Already registered?": "Веќе сте регистрирани?",
    "American Samoa": "American Samoa",
    "An error occured while uploading the file.": "An error occured while uploading the file.",
    "Andorra": "Andorra",
    "Angola": "Angola",
    "Anguilla": "Anguilla",
    "Another user has updated this resource since this page was loaded. Please refresh the page and try again.": "Another user has updated this resource since this page was loaded. Please refresh the page and try again.",
    "Antarctica": "Antarctica",
    "Antigua And Barbuda": "Antigua and Barbuda",
    "API Token": "API Токен",
    "API Token Permissions": "API токен пермисии",
    "API Tokens": "API Токени",
    "API tokens allow third-party services to authenticate with our application on your behalf.": "API токените овозможуваат автентикација на услугите на трети лица со нашата апликација во ваше име.",
    "April": "April",
    "Are you sure you want to delete the selected resources?": "Are you sure you want to delete the selected resources?",
    "Are you sure you want to delete this file?": "Are you sure you want to delete this file?",
    "Are you sure you want to delete this resource?": "Are you sure you want to delete this resource?",
    "Are you sure you want to delete this team? Once a team is deleted, all of its resources and data will be permanently deleted.": "Дали сте сигурни дека сакате да го избришете овој тим? Штом тимот е избришан, сите негови ресурси и податоци ќе бидат трајно избришани.",
    "Are you sure you want to delete your account? Once your account is deleted, all of its resources and data will be permanently deleted. Please enter your password to confirm you would like to permanently delete your account.": "Дали сте сигурни дека сакате да ја избришете вашата сметка? Откако вашата сметка е избришана, сите нејзини ресурси и податоци трајно ќе бидат избришани. Внесете ја вашата лозинка за да потврдите дека сакате трајно да ја избришете вашата сметка.",
    "Are you sure you want to detach the selected resources?": "Are you sure you want to detach the selected resources?",
    "Are you sure you want to detach this resource?": "Are you sure you want to detach this resource?",
    "Are you sure you want to force delete the selected resources?": "Are you sure you want to force delete the selected resources?",
    "Are you sure you want to force delete this resource?": "Are you sure you want to force delete this resource?",
    "Are you sure you want to restore the selected resources?": "Are you sure you want to restore the selected resources?",
    "Are you sure you want to restore this resource?": "Are you sure you want to restore this resource?",
    "Are you sure you want to run this action?": "Are you sure you want to run this action?",
    "Are you sure you would like to delete this API token?": "Дали сте сигурни дека сакате да го избришете овој API токен?",
    "Are you sure you would like to leave this team?": "Дали сте сигурни дека сакате да го напуштите овој тим?",
    "Are you sure you would like to remove this person from the team?": "Дали сте сигурни дека сакате да го отстраните ова лице од тимот?",
    "Argentina": "Argentina",
    "Armenia": "Armenia",
    "Aruba": "Aruba",
    "Attach": "Attach",
    "Attach & Attach Another": "Attach & Attach Another",
    "Attach :resource": "Attach :resource",
    "August": "August",
    "Australia": "Australia",
    "Austria": "Austria",
    "Azerbaijan": "Azerbaijan",
    "Bahamas": "Bahamas",
    "Bahrain": "Bahrain",
    "Bangladesh": "Bangladesh",
    "Barbados": "Barbados",
    "Before proceeding, please check your email for a verification link.": "Пред да продолжите, проверете на вашата e-mail адреса за линк за верификација.",
    "Belarus": "Belarus",
    "Belgium": "Belgium",
    "Belize": "Belize",
    "Benin": "Benin",
    "Bermuda": "Bermuda",
    "Bhutan": "Bhutan",
    "Bolivia": "Bolivia",
    "Bonaire, Sint Eustatius and Saba": "Bonaire, Sint Eustatius and Saba",
    "Bosnia And Herzegovina": "Bosnia and Herzegovina",
    "Botswana": "Botswana",
    "Bouvet Island": "Bouvet Island",
    "Brazil": "Brazil",
    "British Indian Ocean Territory": "British Indian Ocean Territory",
    "Browser Sessions": "Сесии на веб прелистувачи",
    "Brunei Darussalam": "Brunei",
    "Bulgaria": "Bulgaria",
    "Burkina Faso": "Burkina Faso",
    "Burundi": "Burundi",
    "Cambodia": "Cambodia",
    "Cameroon": "Cameroon",
    "Canada": "Canada",
    "Cancel": "Откажи",
    "Cape Verde": "Cape Verde",
    "Card": "Картичка",
    "Cayman Islands": "Cayman Islands",
    "Central African Republic": "Central African Republic",
    "Chad": "Chad",
    "Changes": "Changes",
    "Chile": "Chile",
    "China": "China",
    "Choose": "Choose",
    "Choose :field": "Choose :field",
    "Choose :resource": "Choose :resource",
    "Choose an option": "Choose an option",
    "Choose date": "Choose date",
    "Choose File": "Choose File",
    "Choose Type": "Choose Type",
    "Christmas Island": "Christmas Island",
    "click here to request another": "кликнете овде за да побарате друга",
    "Click to choose": "Click to choose",
    "Close": "Затвори",
    "Cocos (Keeling) Islands": "Cocos (Keeling) Islands",
    "Code": "Код",
    "Colombia": "Colombia",
    "Comoros": "Comoros",
    "Confirm": "Потврди",
    "Confirm Password": "Потврди ја лозинката",
    "Confirm Payment": "Потврдете плаќање",
    "Confirm your :amount payment": "Потврдете ја вашата уплата со износ :amount",
    "Congo": "Congo",
    "Congo, Democratic Republic": "Congo, Democratic Republic",
    "Constant": "Constant",
    "Cook Islands": "Cook Islands",
    "Costa Rica": "Costa Rica",
    "Cote D'Ivoire": "Côte d'Ivoire",
    "could not be found.": "could not be found.",
    "Create": "Креирај",
    "Create & Add Another": "Create & Add Another",
    "Create :resource": "Create :resource",
    "Create a new team to collaborate with others on projects.": "Креирај нов тим за да соработувате со други на проекти.",
    "Create Account": "Креирај сметка",
    "Create API Token": "Креирај API токен",
    "Create New Team": "Креирај нов тим",
    "Create Team": "Креирај тим",
    "Created.": "Креиран.",
    "Croatia": "Croatia",
    "Cuba": "Cuba",
    "Curaçao": "Curaçao",
    "Current Password": "Сегашна лозинка",
    "Customize": "Customize",
    "Cyprus": "Cyprus",
    "Czech Republic": "Czechia",
    "Dashboard": "Контролна табла",
    "December": "December",
    "Decrease": "Decrease",
    "Delete": "Избриши",
    "Delete Account": "Избриши сметкас",
    "Delete API Token": "Избриши API токен",
    "Delete File": "Delete File",
    "Delete Resource": "Delete Resource",
    "Delete Selected": "Delete Selected",
    "Delete Team": "Избриши тим",
    "Denmark": "Denmark",
    "Detach": "Detach",
    "Detach Resource": "Detach Resource",
    "Detach Selected": "Detach Selected",
    "Details": "Details",
    "Disable": "Оневозможи",
    "Djibouti": "Djibouti",
    "Do you really want to leave? You have unsaved changes.": "Do you really want to leave? You have unsaved changes.",
    "Dominica": "Dominica",
    "Dominican Republic": "Dominican Republic",
    "Done.": "Направено.",
    "Download": "Download",
    "E-Mail Address": "E-mail адреса",
    "Ecuador": "Ecuador",
    "Edit": "Edit",
    "Edit :resource": "Edit :resource",
    "Edit Attached": "Edit Attached",
    "Editor": "Уредник",
    "Editor users have the ability to read, create, and update.": "Корисниците со улога Уредник може да читаат, креираат и ажурираат.",
    "Egypt": "Egypt",
    "El Salvador": "El Salvador",
    "Email": "Е-маил",
    "Email Address": "Email Address",
    "Email Password Reset Link": "Линк за ресетирање на лозинка по e-пошта",
    "Enable": "Овозможи",
    "Ensure your account is using a long, random password to stay secure.": "Осигурете се дека вашата сметка користи долга, случајно избрана лозинка за да биде безбедна",
    "Equatorial Guinea": "Equatorial Guinea",
    "Eritrea": "Eritrea",
    "Estonia": "Estonia",
    "Ethiopia": "Ethiopia",
    "Extra confirmation is needed to process your payment. Please confirm your payment by filling out your payment details below.": "Потребна е дополнителна потврда за процесирање на вашето плаќање. Ве молиме, потврдете ја вашата исплата со пополнување на деталите за плаќање подолу.",
    "Extra confirmation is needed to process your payment. Please continue to the payment page by clicking on the button below.": "Потребна е дополнителна потврда за процесирање на вашето плаќање. Продолжете на страницата за плаќање со кликнување на копчето подолу.",
    "Falkland Islands (Malvinas)": "Falkland Islands (Malvinas)",
    "Faroe Islands": "Faroe Islands",
    "February": "February",
    "Fiji": "Fiji",
    "Finland": "Finland",
    "For your security, please confirm your password to continue.": "За ваша безбедност, потврдете ја вашата лозинка за да продолжите.",
    "Forbidden": "Забрането",
    "Force Delete": "Force Delete",
    "Force Delete Resource": "Force Delete Resource",
    "Force Delete Selected": "Force Delete Selected",
    "Forgot Your Password?": "Заборавена лозинка?",
    "Forgot your password?": "Ја заборави лозинката?",
    "Forgot your password? No problem. Just let us know your email address and we will email you a password reset link that will allow you to choose a new one.": "Ја заборави лозинката? Нема проблем. Само кажете ни ја вашата e-mail адреса и ќе ви испратиме линк за ресетирање на лозинката што ќе ви овозможи да изберете нова.",
    "France": "France",
    "French Guiana": "French Guiana",
    "French Polynesia": "French Polynesia",
    "French Southern Territories": "French Southern Territories",
    "Full name": "Целосно име",
    "Gabon": "Gabon",
    "Gambia": "Gambia",
    "Georgia": "Georgia",
    "Germany": "Germany",
    "Ghana": "Ghana",
    "Gibraltar": "Gibraltar",
    "Go back": "Врати се назад",
    "Go Home": "Оди на почеток",
    "Go to page :page": "Оди на страна :page",
    "Great! You have accepted the invitation to join the :team team.": "Одлично! Ја прифативте поканата да се придружите на :team тимот.",
    "Greece": "Greece",
    "Greenland": "Greenland",
    "Grenada": "Grenada",
    "Guadeloupe": "Guadeloupe",
    "Guam": "Guam",
    "Guatemala": "Guatemala",
    "Guernsey": "Guernsey",
    "Guinea": "Guinea",
    "Guinea-Bissau": "Guinea-Bissau",
    "Guyana": "Guyana",
    "Haiti": "Haiti",
    "Heard Island & Mcdonald Islands": "Heard Island and McDonald Islands",
    "Hello!": "Здраво!",
    "Hide Content": "Hide Content",
    "Hold Up!": "Hold Up!",
    "Holy See (Vatican City State)": "Vatican City",
    "Honduras": "Honduras",
    "Hong Kong": "Hong Kong",
    "Hungary": "Hungary",
    "I agree to the :terms_of_service and :privacy_policy": "Се согласувам со :terms_of_service и :privacy_policy",
    "Iceland": "Iceland",
    "ID": "ID",
    "If necessary, you may log out of all of your other browser sessions across all of your devices. Some of your recent sessions are listed below; however, this list may not be exhaustive. If you feel your account has been compromised, you should also update your password.": "Доколку е потребно, можете да се одјавите од сите други сесии на прелистувачот на сите ваши уреди. Некои од вашите неодамнешни сесии се наведени подолу; Сепак, оваа листа не може да биде сеопфатна. Ако сметате дека вашата сметка е компромитирана, треба да ја ажурирате и вашата лозинка.",
    "If necessary, you may logout of all of your other browser sessions across all of your devices. Some of your recent sessions are listed below; however, this list may not be exhaustive. If you feel your account has been compromised, you should also update your password.": "Доколку е потребно, можете да се одјавите од сите други сесии на прелистувачот на сите ваши уреди. Некои од вашите неодамнешни сесии се наведени подолу; Сепак, оваа листа не може да биде сеопфатна. Ако сметате дека вашата сметка е компромитирана, треба да ја ажурирате и вашата лозинка.",
    "If you already have an account, you may accept this invitation by clicking the button below:": "Ако веќе имате сметка, може да ја прифатите оваа покана со кликнување на копчето подолу:",
    "If you did not create an account, no further action is required.": "Ако не создадовте сметка, не е потребно понатамошно дејство.",
    "If you did not expect to receive an invitation to this team, you may discard this email.": "Ако не очекувавте да добиете покана до овој тим, може да ја игнорирате оваа e-mail порака.",
    "If you did not receive the email": "Ако не сте ја добиле e-mail пораката",
    "If you did not request a password reset, no further action is required.": "Ако не побаравте ресетирање на лозинка, не е потребно понатамошно дејство.",
    "If you do not have an account, you may create one by clicking the button below. After creating an account, you may click the invitation acceptance button in this email to accept the team invitation:": "Ако немате сметка, можете да креирате една со кликнување на копчето подолу. Откако ќе креирате сметка, можете да кликнете на копчето за прифаќање покана во оваа e-mail порака за да ја прифатите поканата за тимот:",
    "If you’re having trouble clicking the \":actionText\" button, copy and paste the URL below\ninto your web browser:": "Ако имате проблем со кликнување на копчето \":actionText\", копирајте ја и залепете ја URL адресата подолу\nво вашиот веб прелистувач:",
    "Increase": "Increase",
    "India": "India",
    "Indonesia": "Indonesia",
    "Invalid signature.": "Невалиден потпис.",
    "Iran, Islamic Republic Of": "Iran",
    "Iraq": "Iraq",
    "Ireland": "Ireland",
    "Isle Of Man": "Isle of Man",
    "Israel": "Israel",
    "Italy": "Italy",
    "Jamaica": "Jamaica",
    "January": "January",
    "Japan": "Japan",
    "Jersey": "Jersey",
    "Jordan": "Jordan",
    "July": "July",
    "June": "June",
    "Kazakhstan": "Kazakhstan",
    "Kenya": "Kenya",
    "Key": "Key",
    "Kiribati": "Kiribati",
    "Korea": "South Korea",
    "Korea, Democratic People's Republic of": "North Korea",
    "Kosovo": "Kosovo",
    "Kuwait": "Kuwait",
    "Kyrgyzstan": "Kyrgyzstan",
    "Lao People's Democratic Republic": "Laos",
    "Last active": "Последно активен",
    "Last used": "Последен пат користен",
    "Latvia": "Latvia",
    "Leave": "Замини",
    "Leave Team": "Заминете од тимот",
    "Lebanon": "Lebanon",
    "Lens": "Lens",
    "Lesotho": "Lesotho",
    "Liberia": "Liberia",
    "Libyan Arab Jamahiriya": "Libya",
    "Liechtenstein": "Liechtenstein",
    "Lithuania": "Lithuania",
    "Load :perPage More": "Load :perPage More",
    "Log in": "Најави се",
    "Log out": "Одјави се",
    "Log Out": "Одјавете се",
    "Log Out Other Browser Sessions": "Одјавете се од други сесии на веб прелистувачи",
    "Login": "Најави се",
    "Logout": "Одјави се",
    "Logout Other Browser Sessions": "Одјавете се од други сесии на веб прелистувачи",
    "Luxembourg": "Luxembourg",
    "Macao": "Macao",
    "Macedonia": "North Macedonia",
    "Madagascar": "Madagascar",
    "Malawi": "Malawi",
    "Malaysia": "Malaysia",
    "Maldives": "Maldives",
    "Mali": "Mali",
    "Malta": "Malta",
    "Manage Account": "Управувајте со сметката",
    "Manage and log out your active sessions on other browsers and devices.": "Управувајте и одјавете се од активните сесии на други прелистувачи и уреди.",
    "Manage and logout your active sessions on other browsers and devices.": "Управувајте и одјавете се од активните сесии на други прелистувачи и уреди.",
    "Manage API Tokens": "Управувајте со API токените",
    "Manage Role": "Управувајте со ројли",
    "Manage Team": "Управувајте со тимот",
    "March": "March",
    "Marshall Islands": "Marshall Islands",
    "Martinique": "Martinique",
    "Mauritania": "Mauritania",
    "Mauritius": "Mauritius",
    "May": "May",
    "Mayotte": "Mayotte",
    "Mexico": "Mexico",
    "Micronesia, Federated States Of": "Micronesia",
    "Moldova": "Moldova",
    "Monaco": "Monaco",
    "Mongolia": "Mongolia",
    "Montenegro": "Montenegro",
    "Month To Date": "Month To Date",
    "Montserrat": "Montserrat",
    "Morocco": "Morocco",
    "Mozambique": "Mozambique",
    "Myanmar": "Myanmar",
    "Name": "Име",
    "Namibia": "Namibia",
    "Nauru": "Nauru",
    "Nepal": "Nepal",
    "Netherlands": "Netherlands",
    "Nevermind": "Не е важно",
    "New": "New",
    "New :resource": "New :resource",
    "New Caledonia": "New Caledonia",
    "New Password": "Нова лозинка",
    "New Zealand": "New Zealand",
    "Next": "Next",
    "Nicaragua": "Nicaragua",
    "Niger": "Niger",
    "Nigeria": "Nigeria",
    "Niue": "Niue",
    "No": "No",
    "No :resource matched the given criteria.": "No :resource matched the given criteria.",
    "No additional information...": "No additional information...",
    "No Current Data": "No Current Data",
    "No Data": "No Data",
    "no file selected": "no file selected",
    "No Increase": "No Increase",
    "No Prior Data": "No Prior Data",
    "No Results Found.": "No Results Found.",
    "Norfolk Island": "Norfolk Island",
    "Northern Mariana Islands": "Northern Mariana Islands",
    "Norway": "Norway",
    "Not Found": "Не е пронајдено",
    "Nova User": "Nova User",
    "November": "November",
    "October": "October",
    "of": "од",
    "Oh no": "Ох не",
    "Oman": "Oman",
    "Once a team is deleted, all of its resources and data will be permanently deleted. Before deleting this team, please download any data or information regarding this team that you wish to retain.": "Штом тимот е избришан, сите негови ресурси и податоци трајно ќе бидат избришани. Пред да го избришете овој тим, преземете ги сите податоци или информации во врска со овој тим што сакате да ги задржите.",
    "Once your account is deleted, all of its resources and data will be permanently deleted. Before deleting your account, please download any data or information that you wish to retain.": "Откако вашата сметка е избришана, сите нејзини ресурси и податоци трајно ќе бидат избришани. Пред да ја избришете вашата сметка, преземете ги сите податоци или информации што сакате да ги задржите.",
    "Only Trashed": "Only Trashed",
    "Original": "Original",
    "Page Expired": "Рокот на важење на страницата помина",
    "Pagination Navigation": "Навигација на пагинацијата",
    "Pakistan": "Pakistan",
    "Palau": "Palau",
    "Palestinian Territory, Occupied": "Palestinian Territories",
    "Panama": "Panama",
    "Papua New Guinea": "Papua New Guinea",
    "Paraguay": "Paraguay",
    "Password": "Лозинка",
    "Pay :amount": "Плати :amount",
    "Payment Cancelled": "Плаќањето е откажано",
    "Payment Confirmation": "Потврда за плаќање",
    "Payment Successful": "Плаќањето е успешно",
    "Pending Team Invitations": "Покани за тим во очекување",
    "Per Page": "Per Page",
    "Permanently delete this team.": "Трајно избришете го овој тим.",
    "Permanently delete your account.": "Трајно избришете ја вашата сметка.",
    "Permissions": "Пермисии",
    "Peru": "Peru",
    "Philippines": "Philippines",
    "Photo": "Фотографија",
    "Pitcairn": "Pitcairn Islands",
    "Please click the button below to verify your email address.": "Кликнете на копчето подолу за да ја потврдите вашата e-mail адреса.",
    "Please confirm access to your account by entering one of your emergency recovery codes.": "Ве молиме потврдете пристап до вашата сметка со внесување на еден од вашите кодови за обновување.",
    "Please confirm access to your account by entering the authentication code provided by your authenticator application.": "Ве молиме потврдете пристап до вашата сметка со внесување на кодот за идентификација обезбедени од страна на вашата апликација за автентикација.",
    "Please confirm your password before continuing.": "Ве молиме потврдете ја вашата лозинка пред да продолжите.",
    "Please copy your new API token. For your security, it won't be shown again.": "Копирајте го вашиот нов API токен. За ваша безбедност, нема да биде прикажан повторно.",
    "Please enter your password to confirm you would like to log out of your other browser sessions across all of your devices.": "Внесете ја вашата лозинка за да потврдите дека сакате да се одјавите од другите сесии на прелистувачот на сите ваши уреди.",
    "Please enter your password to confirm you would like to logout of your other browser sessions across all of your devices.": "Внесете ја вашата лозинка за да потврдите дека сакате да се одјавите од другите сесии на прелистувачот на сите ваши уреди.",
    "Please provide the email address of the person you would like to add to this team.": "Ве молиме внесете e-mail адреса од лицето што би сакале да го додадете на овој тим.",
    "Please provide the email address of the person you would like to add to this team. The email address must be associated with an existing account.": "Please provide the email address of the person you would like to add to this team. The email address must be associated with an existing account.",
    "Please provide your name.": "Ве молиме наведете го вашето име.",
    "Poland": "Poland",
    "Portugal": "Portugal",
    "Press \/ to search": "Press \/ to search",
    "Preview": "Preview",
    "Previous": "Previous",
    "Privacy Policy": "Политика на приватност",
    "Profile": "Профил",
    "Profile Information": "Информации за профилот",
    "Puerto Rico": "Puerto Rico",
    "Qatar": "Qatar",
    "Quarter To Date": "Quarter To Date",
    "Recovery Code": "Код за обновување",
    "Regards": "Со почит",
    "Regenerate Recovery Codes": "Регенерирајте ги кодовите за обновување",
    "Register": "Регистрирај се",
    "Reload": "Reload",
    "Remember me": "Запомни ме",
    "Remember Me": "Запомни ме",
    "Remove": "Отстрани",
    "Remove Photo": "Отстрани фотографија",
    "Remove Team Member": "Отстрани член на тимот",
    "Resend Verification Email": "Испрати повторно e-mail за верификација",
    "Reset Filters": "Reset Filters",
    "Reset Password": "Ресетирај лозинка",
    "Reset Password Notification": "Известување за ресетирање на лозинка",
    "resource": "resource",
    "Resources": "Resources",
    "resources": "resources",
    "Restore": "Restore",
    "Restore Resource": "Restore Resource",
    "Restore Selected": "Restore Selected",
    "results": "резултати",
    "Reunion": "Réunion",
    "Role": "Ролја",
    "Romania": "Romania",
    "Run Action": "Run Action",
    "Russian Federation": "Russian Federation",
    "Rwanda": "Rwanda",
    "Saint Barthelemy": "St. Barthélemy",
    "Saint Helena": "St. Helena",
    "Saint Kitts And Nevis": "St. Kitts and Nevis",
    "Saint Lucia": "St. Lucia",
    "Saint Martin": "St. Martin",
    "Saint Pierre And Miquelon": "St. Pierre and Miquelon",
    "Saint Vincent And Grenadines": "St. Vincent and Grenadines",
    "Samoa": "Samoa",
    "San Marino": "San Marino",
    "Sao Tome And Principe": "São Tomé and Príncipe",
    "Saudi Arabia": "Saudi Arabia",
    "Save": "Зачувај",
    "Saved.": "Зачувано.",
    "Search": "Search",
    "Select A New Photo": "Изберете нова фотографија",
    "Select Action": "Select Action",
    "Select All": "Select All",
    "Select All Matching": "Select All Matching",
    "Send Password Reset Link": "Испрати линк за ресетирање на лозинка",
    "Senegal": "Senegal",
    "September": "September",
    "Serbia": "Serbia",
    "Server Error": "Серверска грешка",
    "Service Unavailable": "Сервисот е недостапен",
    "Seychelles": "Seychelles",
    "Show All Fields": "Show All Fields",
    "Show Content": "Show Content",
    "Show Recovery Codes": "Покажете ги кодовите за обновување",
    "Showing": "Прикажани се",
    "Sierra Leone": "Sierra Leone",
    "Singapore": "Singapore",
    "Sint Maarten (Dutch part)": "Sint Maarten",
    "Slovakia": "Slovakia",
    "Slovenia": "Slovenia",
    "Solomon Islands": "Solomon Islands",
    "Somalia": "Somalia",
    "Something went wrong.": "Something went wrong.",
    "Sorry! You are not authorized to perform this action.": "Sorry! You are not authorized to perform this action.",
    "Sorry, your session has expired.": "Sorry, your session has expired.",
    "South Africa": "South Africa",
    "South Georgia And Sandwich Isl.": "South Georgia and South Sandwich Islands",
    "South Sudan": "South Sudan",
    "Spain": "Spain",
    "Sri Lanka": "Sri Lanka",
    "Start Polling": "Start Polling",
    "Stop Polling": "Stop Polling",
    "Store these recovery codes in a secure password manager. They can be used to recover access to your account if your two factor authentication device is lost.": "Чивајте ги овие кодови за обновување во безбеден менаџер на лозинки. Тие можат да се искористат за враќање на пристап до вашата сметка во случај да се изгуби вашиот уред за дуо фактор (two factor) автентикација.",
    "Sudan": "Sudan",
    "Suriname": "Suriname",
    "Svalbard And Jan Mayen": "Svalbard and Jan Mayen",
    "Swaziland": "Eswatini",
    "Sweden": "Sweden",
    "Switch Teams": "Промени тимови",
    "Switzerland": "Switzerland",
    "Syrian Arab Republic": "Syria",
    "Taiwan": "Taiwan",
    "Tajikistan": "Tajikistan",
    "Tanzania": "Tanzania",
    "Team Details": "Детали за тимот",
    "Team Invitation": "Покана за тим",
    "Team Members": "Членови на тимот",
    "Team Name": "Име на тимот",
    "Team Owner": "Сопственик на тимот",
    "Team Settings": "Поставки на тимот",
    "Terms of Service": "Услови за користење",
    "Thailand": "Thailand",
    "Thanks for signing up! Before getting started, could you verify your email address by clicking on the link we just emailed to you? If you didn't receive the email, we will gladly send you another.": "Ви благодариме за пријавувањето! Пред да започнете, дали би можеле да ја потврдите вашата e-mail адреса со кликнување на линкот што ви го испративме преку e-mail порака? Ако не сте ја добиле e-mail пораката, со задоволство ќе ви испратиме друга.",
    "The :attribute must be a valid role.": ":attribute мора да биде валидна ролја.",
    "The :attribute must be at least :length characters and contain at least one number.": "Полето :attribute мора да содржи најмалку :length карактери и да содржи најмалку еден број.",
    "The :attribute must be at least :length characters and contain at least one special character and one number.": "Полето :attribute мора да содржи најмалку :length карактери и да содржи најмалку еден специјален знак и еден број.",
    "The :attribute must be at least :length characters and contain at least one special character.": "Полето :attribute мора да содржи најмалку :length карактери и да содржи најмалку еден специјален знак.",
    "The :attribute must be at least :length characters and contain at least one uppercase character and one number.": "Полето :attribute мора да содржи најмалку :length карактери и да содржи најмалку една голема буква и еден број.",
    "The :attribute must be at least :length characters and contain at least one uppercase character and one special character.": "Полето :attribute мора да содржи најмалку :length карактери и да содржи најмалку една голема буква и еден специјален знак.",
    "The :attribute must be at least :length characters and contain at least one uppercase character, one number, and one special character.": "Полето :attribute мора да содржи најмалку :length карактери и да содржи најмалку една голема буква, еден број, и еден специјален знак.",
    "The :attribute must be at least :length characters and contain at least one uppercase character.": "Полето :attribute мора да содржи најмалку :length карактери и да содржи најмалку една голема буква.",
    "The :attribute must be at least :length characters.": "Полето :attribute мора да содржи најмалку :length карактери.",
    "The :resource was created!": "The :resource was created!",
    "The :resource was deleted!": "The :resource was deleted!",
    "The :resource was restored!": "The :resource was restored!",
    "The :resource was updated!": "The :resource was updated!",
    "The action ran successfully!": "The action ran successfully!",
    "The file was deleted!": "The file was deleted!",
    "The government won't let us show you what's behind these doors": "The government won't let us show you what's behind these doors",
    "The HasOne relationship has already been filled.": "The HasOne relationship has already been filled.",
    "The payment was successful.": "Плаќањето беше успешно.",
    "The provided password does not match your current password.": "Внесената лозинка не се совпаѓа со вашата тековна лозинка.",
    "The provided password was incorrect.": "Внесената лозинка не беше точна.",
    "The provided two factor authentication code was invalid.": "Внесениот код за дуо фактор (two factor) автентикација е невалиден.",
    "The resource was updated!": "The resource was updated!",
    "The team's name and owner information.": "Името на тимот и ифнормации за сопственикот.",
    "There are no available options for this resource.": "There are no available options for this resource.",
    "There was a problem executing the action.": "There was a problem executing the action.",
    "There was a problem submitting the form.": "There was a problem submitting the form.",
    "These people have been invited to your team and have been sent an invitation email. They may join the team by accepting the email invitation.": "Овие луѓе се поканети во вашиот тим и им е испратена e-mail порака за покана. Тие можат да се придружат на тимот со прифаќање на e-mail поканата.",
    "This action is unauthorized.": "Оваа акција е неовластена.",
    "This device": "Овој уред",
    "This file field is read-only.": "This file field is read-only.",
    "This image": "This image",
    "This is a secure area of the application. Please confirm your password before continuing.": "Ова е заштитена област на апликацијата. Ве молиме потврдете ја вашата лозинка пред да продолжите.",
    "This password does not match our records.": "Оваа лозинка не се совпаѓа со записите во нашата база.",
    "This password reset link will expire in :count minutes.": "Линкот за промена на лозинката ќе истече за :count минути.",
    "This payment was already successfully confirmed.": "Оваа уплата е веќе успешно потврдена.",
    "This payment was cancelled.": "Оваа уплата е откажана.",
    "This resource no longer exists": "This resource no longer exists",
    "This user already belongs to the team.": "Овој корисник веќе припаѓа на овој тим.",
    "This user has already been invited to the team.": "Овој корисник е веќе поканет во тимот.",
    "Timor-Leste": "Timor-Leste",
    "to": "до",
    "Today": "Today",
    "Toggle navigation": "Вклучи навигација",
    "Togo": "Togo",
    "Tokelau": "Tokelau",
    "Token Name": "Име на токен",
    "Tonga": "Tonga",
    "Too Many Attempts.": "Премногу обиди.",
    "Too Many Requests": "Премногу барања",
    "total": "total",
    "Trashed": "Trashed",
    "Trinidad And Tobago": "Trinidad and Tobago",
    "Tunisia": "Tunisia",
    "Turkey": "Turkey",
    "Turkmenistan": "Turkmenistan",
    "Turks And Caicos Islands": "Turks and Caicos Islands",
    "Tuvalu": "Tuvalu",
    "Two Factor Authentication": "Дуо фактор автентикација",
    "Two factor authentication is now enabled. Scan the following QR code using your phone's authenticator application.": "Дуо фактор автентикацијата сега е овозможена. Скенирајте го следниот QR-код користејќи ја апликацијата за автентикација на вашиот телефон.",
    "Uganda": "Uganda",
    "Ukraine": "Ukraine",
    "Unauthorized": "Неовластен пристап",
    "United Arab Emirates": "United Arab Emirates",
    "United Kingdom": "United Kingdom",
    "United States": "United States",
    "United States Outlying Islands": "U.S. Outlying Islands",
    "Update": "Update",
    "Update & Continue Editing": "Update & Continue Editing",
    "Update :resource": "Update :resource",
    "Update :resource: :title": "Update :resource: :title",
    "Update attached :resource: :title": "Update attached :resource: :title",
    "Update Password": "Ажурирај лозинка",
    "Update your account's profile information and email address.": "Ажурирајте ги информациите и e-mail адресата за вашата сметка.",
    "Uruguay": "Uruguay",
    "Use a recovery code": "Користете код за враќање на сметката",
    "Use an authentication code": "Користете код за автентикација на сметката",
    "Uzbekistan": "Uzbekistan",
    "Value": "Value",
    "Vanuatu": "Vanuatu",
    "Venezuela": "Venezuela",
    "Verify Email Address": "Потврдија Е-маил Адресата",
    "Verify Your Email Address": "Потврдија Вашата Е-маил Адреса",
    "Viet Nam": "Vietnam",
    "View": "View",
    "Virgin Islands, British": "British Virgin Islands",
    "Virgin Islands, U.S.": "U.S. Virgin Islands",
    "Wallis And Futuna": "Wallis and Futuna",
    "We were unable to find a registered user with this email address.": "Не можевме да најдеме регистриран корисник со оваа e-mail адреса.",
    "We won't ask for your password again for a few hours.": "Нема да ве прашаме за вашата лозинка повторно во наредните неколку часа.",
    "We're lost in space. The page you were trying to view does not exist.": "We're lost in space. The page you were trying to view does not exist.",
    "Welcome Back!": "Welcome Back!",
    "Western Sahara": "Western Sahara",
    "When two factor authentication is enabled, you will be prompted for a secure, random token during authentication. You may retrieve this token from your phone's Google Authenticator application.": "Кога е овозможена дуо фактор автентикацијата, ќе ви биде побарано безбеден, случаен токен за време на автентикацијата. Може да го најдете овој токен од апликацијата Google Authenticator на вашиот телефон.",
    "Whoops": "Whoops",
    "Whoops!": "Упс!",
    "Whoops! Something went wrong.": "Упс! Нешто не беше во ред.",
    "With Trashed": "With Trashed",
    "Write": "Write",
    "Year To Date": "Year To Date",
    "Yemen": "Yemen",
    "Yes": "Yes",
    "You are logged in!": "Најавени сте!",
    "You are receiving this email because we received a password reset request for your account.": "Ја добивате оваа e-mail порака затоа што добивме барање за ресетирање на лозинка за вашата сметка.",
    "You have been invited to join the :team team!": "Вие сте поканети да се придружите на следниот тим :team!",
    "You have enabled two factor authentication.": "Овозможивте дуо фактор автентикација.",
    "You have not enabled two factor authentication.": "Немате овозможено дуо фактор автентикација.",
    "You may delete any of your existing tokens if they are no longer needed.": "Може да избришете било кој од вашите постоечки токени ако тие повеќе не се потребни.",
    "You may not delete your personal team.": "Не можете да го избришете валиот личен тим.",
    "You may not leave a team that you created.": "Не можете да го напуштите тимот што Вие го имате креирано.",
    "Your email address is not verified.": "Вашата e-mail адреса не е потврдена.",
    "Zambia": "Zambia",
    "Zimbabwe": "Zimbabwe"
}
