{
    "30 Days": "30 Days",
    "60 Days": "60 Days",
    "90 Days": "90 Days",
    ":amount Total": ":amount Total",
    ":resource Details": ":resource Details",
    ":resource Details: :title": ":resource Details: :title",
    "A fresh verification link has been sent to your email address.": "Er is een nieuwe verificatielink naar je e-mailadres verstuurd.",
    "A new verification link has been sent to the email address you provided during registration.": "Er is een nieuwe verificatielink verstuurd naar het e-mailadres dat je ingegeven hebt tijdens de registratie.",
    "Accept Invitation": "Uitnodiging accepteren",
    "Action": "Action",
    "Action Happened At": "Happened At",
    "Action Initiated By": "Initiated By",
    "Action Name": "Name",
    "Action Status": "Status",
    "Action Target": "Target",
    "Actions": "Actions",
    "Add": "Toevoegen",
    "Add a new team member to your team, allowing them to collaborate with you.": "Voeg een nieuw teamlid toe aan je team, zodat ze met je kunnen samenwerken.",
    "Add additional security to your account using two factor authentication.": "Voeg extra beveiliging toe aan je account met tweefactorauthenticatie.",
    "Add row": "Add row",
    "Add Team Member": "Teamlid toevoegen",
    "Added.": "Toegevoegd",
    "Administrator": "Beheerder",
    "Administrator users can perform any action.": "Beheerders kunnen elke actie uitvoeren.",
    "Afghanistan": "Afghanistan",
    "Aland Islands": "Åland Islands",
    "Albania": "Albania",
    "Algeria": "Algeria",
    "All of the people that are part of this team.": "Alle mensen die deel uitmaken van dit team.",
    "All resources loaded.": "All resources loaded.",
    "All rights reserved.": "Alle rechten voorbehouden.",
    "Already registered?": "Al geregistreerd?",
    "American Samoa": "American Samoa",
    "An error occured while uploading the file.": "An error occured while uploading the file.",
    "Andorra": "Andorra",
    "Angola": "Angola",
    "Anguilla": "Anguilla",
    "Another user has updated this resource since this page was loaded. Please refresh the page and try again.": "Another user has updated this resource since this page was loaded. Please refresh the page and try again.",
    "Antarctica": "Antarctica",
    "Antigua And Barbuda": "Antigua and Barbuda",
    "API Token": "API-token",
    "API Token Permissions": "API-tokenrechten",
    "API Tokens": "API-tokens",
    "API tokens allow third-party services to authenticate with our application on your behalf.": "Met API-tokens kunnen andere services zich als jou authenticeren in onze applicatie.",
    "April": "April",
    "Are you sure you want to delete the selected resources?": "Are you sure you want to delete the selected resources?",
    "Are you sure you want to delete this file?": "Are you sure you want to delete this file?",
    "Are you sure you want to delete this resource?": "Are you sure you want to delete this resource?",
    "Are you sure you want to delete this team? Once a team is deleted, all of its resources and data will be permanently deleted.": "Weet je zeker dat je dit team wilt verwijderen? Zodra een team is verwijderd, worden alle bronnen en gegevens ook permanent verwijderd.",
    "Are you sure you want to delete your account? Once your account is deleted, all of its resources and data will be permanently deleted. Please enter your password to confirm you would like to permanently delete your account.": "Weet je zeker dat je je account permanent wilt verwijderen? Als je account wordt verwijderd, worden alle gekoppelde bestanden en gegevens ook permanent verwijderd. Voer alsjeblieft je wachtwoord in, om te bevestigen dat je je account permanent wilt verwijderen.",
    "Are you sure you want to detach the selected resources?": "Are you sure you want to detach the selected resources?",
    "Are you sure you want to detach this resource?": "Are you sure you want to detach this resource?",
    "Are you sure you want to force delete the selected resources?": "Are you sure you want to force delete the selected resources?",
    "Are you sure you want to force delete this resource?": "Are you sure you want to force delete this resource?",
    "Are you sure you want to restore the selected resources?": "Are you sure you want to restore the selected resources?",
    "Are you sure you want to restore this resource?": "Are you sure you want to restore this resource?",
    "Are you sure you want to run this action?": "Are you sure you want to run this action?",
    "Are you sure you would like to delete this API token?": "Weet je zeker dat je deze API-token wilt verwijderen?",
    "Are you sure you would like to leave this team?": "Weet je zeker dat je dit team wilt verlaten?",
    "Are you sure you would like to remove this person from the team?": "Weet je zeker dat je deze persoon uit het team wilt verwijderen?",
    "Argentina": "Argentina",
    "Armenia": "Armenia",
    "Aruba": "Aruba",
    "Attach": "Attach",
    "Attach & Attach Another": "Attach & Attach Another",
    "Attach :resource": "Attach :resource",
    "August": "August",
    "Australia": "Australia",
    "Austria": "Austria",
    "Azerbaijan": "Azerbaijan",
    "Bahamas": "Bahamas",
    "Bahrain": "Bahrain",
    "Bangladesh": "Bangladesh",
    "Barbados": "Barbados",
    "Before proceeding, please check your email for a verification link.": "Om verder te gaan, check je e-mail voor een verificatielink.",
    "Belarus": "Belarus",
    "Belgium": "Belgium",
    "Belize": "Belize",
    "Benin": "Benin",
    "Bermuda": "Bermuda",
    "Bhutan": "Bhutan",
    "Bolivia": "Bolivia",
    "Bonaire, Sint Eustatius and Saba": "Bonaire, Sint Eustatius and Saba",
    "Bosnia And Herzegovina": "Bosnia and Herzegovina",
    "Botswana": "Botswana",
    "Bouvet Island": "Bouvet Island",
    "Brazil": "Brazil",
    "British Indian Ocean Territory": "British Indian Ocean Territory",
    "Browser Sessions": "Browsersessies",
    "Brunei Darussalam": "Brunei",
    "Bulgaria": "Bulgaria",
    "Burkina Faso": "Burkina Faso",
    "Burundi": "Burundi",
    "Cambodia": "Cambodia",
    "Cameroon": "Cameroon",
    "Canada": "Canada",
    "Cancel": "Annuleren",
    "Cape Verde": "Cape Verde",
    "Card": "Card",
    "Cayman Islands": "Cayman Islands",
    "Central African Republic": "Central African Republic",
    "Chad": "Chad",
    "Changes": "Changes",
    "Chile": "Chile",
    "China": "China",
    "Choose": "Choose",
    "Choose :field": "Choose :field",
    "Choose :resource": "Choose :resource",
    "Choose an option": "Choose an option",
    "Choose date": "Choose date",
    "Choose File": "Choose File",
    "Choose Type": "Choose Type",
    "Christmas Island": "Christmas Island",
    "click here to request another": "vraag hier een andere aan",
    "Click to choose": "Click to choose",
    "Close": "Sluit",
    "Cocos (Keeling) Islands": "Cocos (Keeling) Islands",
    "Code": "Code",
    "Colombia": "Colombia",
    "Comoros": "Comoros",
    "Confirm": "Bevestig",
    "Confirm Password": "Bevestig wachtwoord",
    "Confirm Payment": "Confirm Payment",
    "Confirm your :amount payment": "Confirm your :amount payment",
    "Congo": "Congo",
    "Congo, Democratic Republic": "Congo, Democratic Republic",
    "Constant": "Constant",
    "Cook Islands": "Cook Islands",
    "Costa Rica": "Costa Rica",
    "Cote D'Ivoire": "Côte d'Ivoire",
    "could not be found.": "could not be found.",
    "Create": "Maak aan",
    "Create & Add Another": "Create & Add Another",
    "Create :resource": "Create :resource",
    "Create a new team to collaborate with others on projects.": "Maak een nieuw team aan om met anderen aan projecten samen te werken.",
    "Create Account": "Account aanmaken",
    "Create API Token": "Maak een API-token",
    "Create New Team": "Maak nieuw team aan",
    "Create Team": "Maak team aan",
    "Created.": "Aangemaakt.",
    "Croatia": "Croatia",
    "Cuba": "Cuba",
    "Curaçao": "Curaçao",
    "Current Password": "Huidig wachtwoord",
    "Customize": "Customize",
    "Cyprus": "Cyprus",
    "Czech Republic": "Czechia",
    "Dashboard": "Dashboard",
    "December": "December",
    "Decrease": "Decrease",
    "Delete": "Verwijder",
    "Delete Account": "Account Verwijderen",
    "Delete API Token": "API-token Verwijderen",
    "Delete File": "Delete File",
    "Delete Resource": "Delete Resource",
    "Delete Selected": "Delete Selected",
    "Delete Team": "Team Verwijderen",
    "Denmark": "Denmark",
    "Detach": "Detach",
    "Detach Resource": "Detach Resource",
    "Detach Selected": "Detach Selected",
    "Details": "Details",
    "Disable": "Schakel uit",
    "Djibouti": "Djibouti",
    "Do you really want to leave? You have unsaved changes.": "Do you really want to leave? You have unsaved changes.",
    "Dominica": "Dominica",
    "Dominican Republic": "Dominican Republic",
    "Done.": "Klaar.",
    "Download": "Download",
    "E-Mail Address": "E-mailadres",
    "Ecuador": "Ecuador",
    "Edit": "Edit",
    "Edit :resource": "Edit :resource",
    "Edit Attached": "Edit Attached",
    "Editor": "Redacteur",
    "Editor users have the ability to read, create, and update.": "Redacteurs hebben de bevoegdheid om te lezen, te creëren en te bewerken.",
    "Egypt": "Egypt",
    "El Salvador": "El Salvador",
    "Email": "Email",
    "Email Address": "Email Address",
    "Email Password Reset Link": "Verstuur link",
    "Enable": "Schakel in",
    "Ensure your account is using a long, random password to stay secure.": "Zorg ervoor dat je account een lang, willekeurig wachtwoord gebruikt om veilig te blijven.",
    "Equatorial Guinea": "Equatorial Guinea",
    "Eritrea": "Eritrea",
    "Estonia": "Estonia",
    "Ethiopia": "Ethiopia",
    "Extra confirmation is needed to process your payment. Please confirm your payment by filling out your payment details below.": "Extra confirmation is needed to process your payment. Please confirm your payment by filling out your payment details below.",
    "Extra confirmation is needed to process your payment. Please continue to the payment page by clicking on the button below.": "Extra confirmation is needed to process your payment. Please continue to the payment page by clicking on the button below.",
    "Falkland Islands (Malvinas)": "Falkland Islands (Malvinas)",
    "Faroe Islands": "Faroe Islands",
    "February": "February",
    "Fiji": "Fiji",
    "Finland": "Finland",
    "For your security, please confirm your password to continue.": "Bevestig voor de zekerheid je wachtwoord om door te gaan.",
    "Forbidden": "Geen toegang",
    "Force Delete": "Force Delete",
    "Force Delete Resource": "Force Delete Resource",
    "Force Delete Selected": "Force Delete Selected",
    "Forgot Your Password?": "Wachtwoord Vergeten?",
    "Forgot your password?": "Wachtwoord vergeten?",
    "Forgot your password? No problem. Just let us know your email address and we will email you a password reset link that will allow you to choose a new one.": "Wachtwoord vergeten? Geen probleem. Geef hier je e-mailadres in en we sturen je een link via mail waarmee je een nieuw wachtwoord kan instellen.",
    "France": "France",
    "French Guiana": "French Guiana",
    "French Polynesia": "French Polynesia",
    "French Southern Territories": "French Southern Territories",
    "Full name": "Full name",
    "Gabon": "Gabon",
    "Gambia": "Gambia",
    "Georgia": "Georgia",
    "Germany": "Germany",
    "Ghana": "Ghana",
    "Gibraltar": "Gibraltar",
    "Go back": "Go back",
    "Go Home": "Terug naar de voorpagina",
    "Go to page :page": "Ga naar pagina :page",
    "Great! You have accepted the invitation to join the :team team.": "Mooizo! Je hebt de uitnodiging om deel te nemen aan :team geaccepteerd.",
    "Greece": "Greece",
    "Greenland": "Greenland",
    "Grenada": "Grenada",
    "Guadeloupe": "Guadeloupe",
    "Guam": "Guam",
    "Guatemala": "Guatemala",
    "Guernsey": "Guernsey",
    "Guinea": "Guinea",
    "Guinea-Bissau": "Guinea-Bissau",
    "Guyana": "Guyana",
    "Haiti": "Haiti",
    "Heard Island & Mcdonald Islands": "Heard Island and McDonald Islands",
    "Hello!": "Hallo!",
    "Hide Content": "Hide Content",
    "Hold Up!": "Hold Up!",
    "Holy See (Vatican City State)": "Vatican City",
    "Honduras": "Honduras",
    "Hong Kong": "Hong Kong",
    "Hungary": "Hungary",
    "I agree to the :terms_of_service and :privacy_policy": "Ik ga akkoord met de :terms_of_service en de :privacy_policy",
    "Iceland": "Iceland",
    "ID": "ID",
    "If necessary, you may log out of all of your other browser sessions across all of your devices. Some of your recent sessions are listed below; however, this list may not be exhaustive. If you feel your account has been compromised, you should also update your password.": "If necessary, you may log out of all of your other browser sessions across all of your devices. Some of your recent sessions are listed below; however, this list may not be exhaustive. If you feel your account has been compromised, you should also update your password.",
    "If necessary, you may logout of all of your other browser sessions across all of your devices. Some of your recent sessions are listed below; however, this list may not be exhaustive. If you feel your account has been compromised, you should also update your password.": "Indien nodig kan je je afmelden op alle andere browser sessies op al je apparaten. Enkele van je recente sessies staan hieronder vermeld. Het is echter mogelijk dat deze lijst niet volledig is. Als je denkt dat je account is gehackt, is het ook verstandig om je wachtwoord aan te passen.",
    "If you already have an account, you may accept this invitation by clicking the button below:": "Als je al een account hebt, kan je deze uitnodiging accepteren door op onderstaande knop te klikken:",
    "If you did not create an account, no further action is required.": "Als je geen account hebt aangemaakt hoef je verder niets te doen.",
    "If you did not expect to receive an invitation to this team, you may discard this email.": "Als je geen uitnodiging voor dit team verwachtte, mag je deze mail negeren.",
    "If you did not receive the email": "Als je de e-mail niet hebt ontvangen:",
    "If you did not request a password reset, no further action is required.": "Als je geen wachtwoordherstel hebt aangevraagd, hoef je verder niets te doen.",
    "If you do not have an account, you may create one by clicking the button below. After creating an account, you may click the invitation acceptance button in this email to accept the team invitation:": "Als je nog geen account hebt, kan je er een aanmaken door op onderstaande knop te klikken. Na het aanmaken van je account kan je op de uitnodiging in deze mail klikken om die te accepteren:",
    "If you’re having trouble clicking the \":actionText\" button, copy and paste the URL below\ninto your web browser:": "Als je problemen hebt met de \":actionText\" knop, kopieer en plak de URL hieronder\nin je webbrowser:",
    "Increase": "Increase",
    "India": "India",
    "Indonesia": "Indonesia",
    "Invalid signature.": "Ongeldige handtekening.",
    "Iran, Islamic Republic Of": "Iran",
    "Iraq": "Iraq",
    "Ireland": "Ireland",
    "Isle Of Man": "Isle of Man",
    "Israel": "Israel",
    "Italy": "Italy",
    "Jamaica": "Jamaica",
    "January": "January",
    "Japan": "Japan",
    "Jersey": "Jersey",
    "Jordan": "Jordan",
    "July": "July",
    "June": "June",
    "Kazakhstan": "Kazakhstan",
    "Kenya": "Kenya",
    "Key": "Key",
    "Kiribati": "Kiribati",
    "Korea": "South Korea",
    "Korea, Democratic People's Republic of": "North Korea",
    "Kosovo": "Kosovo",
    "Kuwait": "Kuwait",
    "Kyrgyzstan": "Kyrgyzstan",
    "Lao People's Democratic Republic": "Laos",
    "Last active": "Laatst actief",
    "Last used": "Laatst gebruikt",
    "Latvia": "Latvia",
    "Leave": "Verlaat",
    "Leave Team": "Team Verlaten",
    "Lebanon": "Lebanon",
    "Lens": "Lens",
    "Lesotho": "Lesotho",
    "Liberia": "Liberia",
    "Libyan Arab Jamahiriya": "Libya",
    "Liechtenstein": "Liechtenstein",
    "Lithuania": "Lithuania",
    "Load :perPage More": "Load :perPage More",
    "Log in": "Log in",
    "Log out": "Log out",
    "Log Out": "Log Out",
    "Log Out Other Browser Sessions": "Log Out Other Browser Sessions",
    "Login": "Inloggen",
    "Logout": "Uitloggen",
    "Logout Other Browser Sessions": "Afmelden bij alle sessies",
    "Luxembourg": "Luxembourg",
    "Macao": "Macao",
    "Macedonia": "North Macedonia",
    "Madagascar": "Madagascar",
    "Malawi": "Malawi",
    "Malaysia": "Malaysia",
    "Maldives": "Maldives",
    "Mali": "Mali",
    "Malta": "Malta",
    "Manage Account": "Accountbeheer",
    "Manage and log out your active sessions on other browsers and devices.": "Manage and log out your active sessions on other browsers and devices.",
    "Manage and logout your active sessions on other browsers and devices.": "Beheer je actieve sessies op andere browsers en andere apparaten.",
    "Manage API Tokens": "Beheer API-tokens",
    "Manage Role": "Beheer Rol",
    "Manage Team": "Beheer Team",
    "March": "March",
    "Marshall Islands": "Marshall Islands",
    "Martinique": "Martinique",
    "Mauritania": "Mauritania",
    "Mauritius": "Mauritius",
    "May": "May",
    "Mayotte": "Mayotte",
    "Mexico": "Mexico",
    "Micronesia, Federated States Of": "Micronesia",
    "Moldova": "Moldova",
    "Monaco": "Monaco",
    "Mongolia": "Mongolia",
    "Montenegro": "Montenegro",
    "Month To Date": "Month To Date",
    "Montserrat": "Montserrat",
    "Morocco": "Morocco",
    "Mozambique": "Mozambique",
    "Myanmar": "Myanmar",
    "Name": "Naam",
    "Namibia": "Namibia",
    "Nauru": "Nauru",
    "Nepal": "Nepal",
    "Netherlands": "Netherlands",
    "Nevermind": "Laat maar",
    "New": "New",
    "New :resource": "New :resource",
    "New Caledonia": "New Caledonia",
    "New Password": "Nieuw wachtwoord",
    "New Zealand": "New Zealand",
    "Next": "Next",
    "Nicaragua": "Nicaragua",
    "Niger": "Niger",
    "Nigeria": "Nigeria",
    "Niue": "Niue",
    "No": "No",
    "No :resource matched the given criteria.": "No :resource matched the given criteria.",
    "No additional information...": "No additional information...",
    "No Current Data": "No Current Data",
    "No Data": "No Data",
    "no file selected": "no file selected",
    "No Increase": "No Increase",
    "No Prior Data": "No Prior Data",
    "No Results Found.": "No Results Found.",
    "Norfolk Island": "Norfolk Island",
    "Northern Mariana Islands": "Northern Mariana Islands",
    "Norway": "Norway",
    "Not Found": "Niet gevonden",
    "Nova User": "Nova User",
    "November": "November",
    "October": "October",
    "of": "van",
    "Oh no": "Oh nee",
    "Oman": "Oman",
    "Once a team is deleted, all of its resources and data will be permanently deleted. Before deleting this team, please download any data or information regarding this team that you wish to retain.": "Zodra een team is verwijderd, worden alle bronnen en gegevens permanent verwijderd. Download voordat je dit team verwijdert alle gegevens of informatie over dit team die je wilt behouden.",
    "Once your account is deleted, all of its resources and data will be permanently deleted. Before deleting your account, please download any data or information that you wish to retain.": "Als je account wordt verwijderd, worden alle gekoppelde bestanden en gegevens ook permanent verwijderd. Sla alsjeblieft alle data op die je wilt behouden, voordat je je account verwijderd.",
    "Only Trashed": "Only Trashed",
    "Original": "Original",
    "Page Expired": "Pagina niet meer geldig",
    "Pagination Navigation": "Paginanavigatie",
    "Pakistan": "Pakistan",
    "Palau": "Palau",
    "Palestinian Territory, Occupied": "Palestinian Territories",
    "Panama": "Panama",
    "Papua New Guinea": "Papua New Guinea",
    "Paraguay": "Paraguay",
    "Password": "Wachtwoord",
    "Pay :amount": "Pay :amount",
    "Payment Cancelled": "Payment Cancelled",
    "Payment Confirmation": "Payment Confirmation",
    "Payment Successful": "Payment Successful",
    "Pending Team Invitations": "Openstaande Team uitnodigingen",
    "Per Page": "Per Page",
    "Permanently delete this team.": "Verwijder dit team definitief.",
    "Permanently delete your account.": "Verwijder je account permanent.",
    "Permissions": "Rechten",
    "Peru": "Peru",
    "Philippines": "Philippines",
    "Photo": "foto",
    "Pitcairn": "Pitcairn Islands",
    "Please click the button below to verify your email address.": "Klik op de knop hieronder om je e-mailadres te verifiëren.",
    "Please confirm access to your account by entering one of your emergency recovery codes.": "Bevestig de toegang tot je account door een van je noodherstelcodes in te voeren.",
    "Please confirm access to your account by entering the authentication code provided by your authenticator application.": "Bevestig de toegang tot je account door de authenticatiecode in te voeren die door je authenticator-applicatie is aangemaakt.",
    "Please confirm your password before continuing.": "Bevestig je wachtwoord om verder te gaan.",
    "Please copy your new API token. For your security, it won't be shown again.": "Kopieer je nieuwe API-token. Voor de veiligheid zal het niet opnieuw getoond worden.",
    "Please enter your password to confirm you would like to log out of your other browser sessions across all of your devices.": "Please enter your password to confirm you would like to log out of your other browser sessions across all of your devices.",
    "Please enter your password to confirm you would like to logout of your other browser sessions across all of your devices.": "Voer je wachtwoord in om te bevestigen dat je je wilt afmelden van je andere browsersessies op al je apparaten.",
    "Please provide the email address of the person you would like to add to this team.": "Geef het e-mailadres op van de persoon die je aan dit team wilt toevoegen.",
    "Please provide the email address of the person you would like to add to this team. The email address must be associated with an existing account.": "Geef het e-mailadres op van de persoon die je aan dit team wilt toevoegen. Het e-mailadres moet zijn gekoppeld aan een bestaand account.",
    "Please provide your name.": "Please provide your name.",
    "Poland": "Poland",
    "Portugal": "Portugal",
    "Press \/ to search": "Press \/ to search",
    "Preview": "Preview",
    "Previous": "Previous",
    "Privacy Policy": "Privacybeleid",
    "Profile": "Profiel",
    "Profile Information": "Profiel Informatie",
    "Puerto Rico": "Puerto Rico",
    "Qatar": "Qatar",
    "Quarter To Date": "Quarter To Date",
    "Recovery Code": "Herstelcode",
    "Regards": "Met vriendelijke groet",
    "Regenerate Recovery Codes": "Herstelcodes Opnieuw Genereren",
    "Register": "Registreren",
    "Reload": "Reload",
    "Remember me": "Onthouden",
    "Remember Me": "Onthoud mij",
    "Remove": "Verwijder",
    "Remove Photo": "Foto Verwijderen",
    "Remove Team Member": "Teamlid Verwijderen",
    "Resend Verification Email": "Verificatiemail opnieuw versturen",
    "Reset Filters": "Reset Filters",
    "Reset Password": "Wachtwoord herstellen",
    "Reset Password Notification": "Wachtwoordherstel notificatie",
    "resource": "resource",
    "Resources": "Resources",
    "resources": "resources",
    "Restore": "Restore",
    "Restore Resource": "Restore Resource",
    "Restore Selected": "Restore Selected",
    "results": "resultaten",
    "Reunion": "Réunion",
    "Role": "Rol",
    "Romania": "Romania",
    "Run Action": "Run Action",
    "Russian Federation": "Russian Federation",
    "Rwanda": "Rwanda",
    "Saint Barthelemy": "St. Barthélemy",
    "Saint Helena": "St. Helena",
    "Saint Kitts And Nevis": "St. Kitts and Nevis",
    "Saint Lucia": "St. Lucia",
    "Saint Martin": "St. Martin",
    "Saint Pierre And Miquelon": "St. Pierre and Miquelon",
    "Saint Vincent And Grenadines": "St. Vincent and Grenadines",
    "Samoa": "Samoa",
    "San Marino": "San Marino",
    "Sao Tome And Principe": "São Tomé and Príncipe",
    "Saudi Arabia": "Saudi Arabia",
    "Save": "Opslaan",
    "Saved.": "Opgeslagen.",
    "Search": "Search",
    "Select A New Photo": "Selecteer Een Nieuwe Foto",
    "Select Action": "Select Action",
    "Select All": "Select All",
    "Select All Matching": "Select All Matching",
    "Send Password Reset Link": "Verstuur link voor wachtwoordherstel",
    "Senegal": "Senegal",
    "September": "September",
    "Serbia": "Serbia",
    "Server Error": "Server fout",
    "Service Unavailable": "Website onbeschikbaar",
    "Seychelles": "Seychelles",
    "Show All Fields": "Show All Fields",
    "Show Content": "Show Content",
    "Show Recovery Codes": "Toon herstelcodes",
    "Showing": "Toont",
    "Sierra Leone": "Sierra Leone",
    "Singapore": "Singapore",
    "Sint Maarten (Dutch part)": "Sint Maarten",
    "Slovakia": "Slovakia",
    "Slovenia": "Slovenia",
    "Solomon Islands": "Solomon Islands",
    "Somalia": "Somalia",
    "Something went wrong.": "Something went wrong.",
    "Sorry! You are not authorized to perform this action.": "Sorry! You are not authorized to perform this action.",
    "Sorry, your session has expired.": "Sorry, your session has expired.",
    "South Africa": "South Africa",
    "South Georgia And Sandwich Isl.": "South Georgia and South Sandwich Islands",
    "South Sudan": "South Sudan",
    "Spain": "Spain",
    "Sri Lanka": "Sri Lanka",
    "Start Polling": "Start Polling",
    "Stop Polling": "Stop Polling",
    "Store these recovery codes in a secure password manager. They can be used to recover access to your account if your two factor authentication device is lost.": "Bewaar deze herstelcodes in een beveiligde wachtwoordbeheerder. Ze kunnen worden gebruikt om de toegang tot je account te herstellen als je tweefactorauthenticatieapparaat verloren is gegaan.",
    "Sudan": "Sudan",
    "Suriname": "Suriname",
    "Svalbard And Jan Mayen": "Svalbard and Jan Mayen",
    "Swaziland": "Eswatini",
    "Sweden": "Sweden",
    "Switch Teams": "Wissel Van Team",
    "Switzerland": "Switzerland",
    "Syrian Arab Republic": "Syria",
    "Taiwan": "Taiwan",
    "Tajikistan": "Tajikistan",
    "Tanzania": "Tanzania",
    "Team Details": "Teamdetails",
    "Team Invitation": "Teamuitnodiging",
    "Team Members": "Teamleden",
    "Team Name": "Teamnaam",
    "Team Owner": "Team Eigenaar",
    "Team Settings": "Team Instellingen",
    "Terms of Service": "Algemene voorwaarden",
    "Thailand": "Thailand",
    "Thanks for signing up! Before getting started, could you verify your email address by clicking on the link we just emailed to you? If you didn't receive the email, we will gladly send you another.": "Bedankt voor je registratie! Wil je voordat je begint je e-mailadres verifiëren door op de link te klikken die we je zojuist via mail hebben verstuurd? Als je de e-mail niet hebt ontvangen, sturen we je graag een nieuwe.",
    "The :attribute must be a valid role.": "Het :attribute moet een geldige rol zijn.",
    "The :attribute must be at least :length characters and contain at least one number.": "Het :attribute moet minimaal :length tekens lang zijn en minimaal één cijfer bevatten.",
    "The :attribute must be at least :length characters and contain at least one special character and one number.": "The :attribute must be at least :length characters and contain at least one special character and one number.",
    "The :attribute must be at least :length characters and contain at least one special character.": "Het :attribute moet minimaal :length tekens lang zijn en minstens één speciaal karakter bevatten.",
    "The :attribute must be at least :length characters and contain at least one uppercase character and one number.": "Het :attribute moet minstens :length tekens lang zijn en minstens één hoofdletter en één cijfer bevatten.",
    "The :attribute must be at least :length characters and contain at least one uppercase character and one special character.": "Het :attribute moet minimaal :length tekens lang zijn en minimaal één hoofdletter en één speciaal teken bevatten.",
    "The :attribute must be at least :length characters and contain at least one uppercase character, one number, and one special character.": "Het :attribute moet minstens :length tekens lang zijn en minstens één hoofdletter, één cijfer en één speciaal teken bevatten.",
    "The :attribute must be at least :length characters and contain at least one uppercase character.": "Het :attribute moet minimaal :length tekens lang zijn en minimaal één hoofdletter bevatten.",
    "The :attribute must be at least :length characters.": "Het :attribute moet minstens :length karakters lang zijn.",
    "The :resource was created!": "The :resource was created!",
    "The :resource was deleted!": "The :resource was deleted!",
    "The :resource was restored!": "The :resource was restored!",
    "The :resource was updated!": "The :resource was updated!",
    "The action ran successfully!": "The action ran successfully!",
    "The file was deleted!": "The file was deleted!",
    "The government won't let us show you what's behind these doors": "The government won't let us show you what's behind these doors",
    "The HasOne relationship has already been filled.": "The HasOne relationship has already been filled.",
    "The payment was successful.": "The payment was successful.",
    "The provided password does not match your current password.": "Het opgegeven wachtwoord komt niet overeen met je huidige wachtwoord.",
    "The provided password was incorrect.": "Het opgegeven wachtwoord is onjuist.",
    "The provided two factor authentication code was invalid.": "De opgegeven tweefactorauthenticatiecode was ongeldig.",
    "The resource was updated!": "The resource was updated!",
    "The team's name and owner information.": "De naam van het team en de informatie over de eigenaar.",
    "There are no available options for this resource.": "There are no available options for this resource.",
    "There was a problem executing the action.": "There was a problem executing the action.",
    "There was a problem submitting the form.": "There was a problem submitting the form.",
    "These people have been invited to your team and have been sent an invitation email. They may join the team by accepting the email invitation.": "Deze personen hebben een uitnodiging ontvanggen om lid te worden van je team. Ze kunnen deelnemen door de uitnodiging te accepteren.",
    "This action is unauthorized.": "Deze actie is niet toegestaan.",
    "This device": "Dit apparaat",
    "This file field is read-only.": "This file field is read-only.",
    "This image": "This image",
    "This is a secure area of the application. Please confirm your password before continuing.": "Dit is een beveiligd gedeelte van de applicatie. Bevestig je wachtwoord voordat je doorgaat.",
    "This password does not match our records.": "Het wachtwoord is onbekend.",
    "This password reset link will expire in :count minutes.": "Deze link om je wachtwoord te herstellen verloopt over :count minuten.",
    "This payment was already successfully confirmed.": "This payment was already successfully confirmed.",
    "This payment was cancelled.": "This payment was cancelled.",
    "This resource no longer exists": "This resource no longer exists",
    "This user already belongs to the team.": "Deze gebruiker is al toegewezen aan het team.",
    "This user has already been invited to the team.": "Deze gebruiker is al uitgenodigd voor het team.",
    "Timor-Leste": "Timor-Leste",
    "to": "tot",
    "Today": "Today",
    "Toggle navigation": "Schakel navigatie",
    "Togo": "Togo",
    "Tokelau": "Tokelau",
    "Token Name": "Token Naam",
    "Tonga": "Tonga",
    "Too Many Attempts.": "Te veel pogingen.",
    "Too Many Requests": "Te veel serververzoeken",
    "total": "total",
    "Trashed": "Trashed",
    "Trinidad And Tobago": "Trinidad and Tobago",
    "Tunisia": "Tunisia",
    "Turkey": "Turkey",
    "Turkmenistan": "Turkmenistan",
    "Turks And Caicos Islands": "Turks and Caicos Islands",
    "Tuvalu": "Tuvalu",
    "Two Factor Authentication": "Twee-factorenauthenticatie",
    "Two factor authentication is now enabled. Scan the following QR code using your phone's authenticator application.": "Twee-factor-authenticatie is nu ingeschakeld. Scan de volgende QR-code met de authenticatie applicatie op je telefoon.",
    "Uganda": "Uganda",
    "Ukraine": "Ukraine",
    "Unauthorized": "Onbevoegd",
    "United Arab Emirates": "United Arab Emirates",
    "United Kingdom": "United Kingdom",
    "United States": "United States",
    "United States Outlying Islands": "U.S. Outlying Islands",
    "Update": "Update",
    "Update & Continue Editing": "Update & Continue Editing",
    "Update :resource": "Update :resource",
    "Update :resource: :title": "Update :resource: :title",
    "Update attached :resource: :title": "Update attached :resource: :title",
    "Update Password": "Wachtwoord Aanpassen",
    "Update your account's profile information and email address.": "Pas je profiel informatie en e-mailadres aan.",
    "Uruguay": "Uruguay",
    "Use a recovery code": "Gebruik een herstelcode",
    "Use an authentication code": "Gebruik een autorisatiecode",
    "Uzbekistan": "Uzbekistan",
    "Value": "Value",
    "Vanuatu": "Vanuatu",
    "Venezuela": "Venezuela",
    "Verify Email Address": "Verifieer e-mailadres",
    "Verify Your Email Address": "Verifieer je e-mailadres",
    "Viet Nam": "Vietnam",
    "View": "View",
    "Virgin Islands, British": "British Virgin Islands",
    "Virgin Islands, U.S.": "U.S. Virgin Islands",
    "Wallis And Futuna": "Wallis and Futuna",
    "We were unable to find a registered user with this email address.": "Er is geen gebruiker met dit mailadres.",
    "We won't ask for your password again for a few hours.": "We zullen je de komende uren niet nogmaals om je wachtwoord vragen.",
    "We're lost in space. The page you were trying to view does not exist.": "We're lost in space. The page you were trying to view does not exist.",
    "Welcome Back!": "Welcome Back!",
    "Western Sahara": "Western Sahara",
    "When two factor authentication is enabled, you will be prompted for a secure, random token during authentication. You may retrieve this token from your phone's Google Authenticator application.": "Als tweefactorauthenticatie is ingeschakeld, wordt je tijdens de authenticatie om een veilige, willekeurige token gevraagd. Je kunt dit token ophalen uit de Google Authenticator-applicatie op je telefoon.",
    "Whoops": "Whoops",
    "Whoops!": "Oeps!",
    "Whoops! Something went wrong.": "Oeps! Er is iets misgelopen.",
    "With Trashed": "With Trashed",
    "Write": "Write",
    "Year To Date": "Year To Date",
    "Yemen": "Yemen",
    "Yes": "Yes",
    "You are logged in!": "Je bent ingelogd!",
    "You are receiving this email because we received a password reset request for your account.": "Je ontvangt deze e-mail omdat we een wachtwoordherstel verzoek hebben ontvangen voor je account.",
    "You have been invited to join the :team team!": "Je bent uitgenodigd om lid te worden van team :team!",
    "You have enabled two factor authentication.": "Je hebt tweefactorauthenticatie ingeschakeld.",
    "You have not enabled two factor authentication.": "Je hebt tweefactorauthenticatie niet ingeschakeld.",
    "You may delete any of your existing tokens if they are no longer needed.": "Je kunt al je bestaande tokens verwijderen als ze niet langer nodig zijn.",
    "You may not delete your personal team.": "Je mag je persoonlijke team niet verwijderen.",
    "You may not leave a team that you created.": "Je kan het team dat je aangemaakt hebt niet verlaten.",
    "Your email address is not verified.": "Je e-mailadres is niet geverifieerd.",
    "Zambia": "Zambia",
    "Zimbabwe": "Zimbabwe"
}
