{
    "30 Days": "30 Days",
    "60 Days": "60 Days",
    "90 Days": "90 Days",
    ":amount Total": ":amount Total",
    ":resource Details": ":resource Details",
    ":resource Details: :title": ":resource Details: :title",
    "A fresh verification link has been sent to your email address.": "Link weryfikacyjny został wysłany na twój adres email.",
    "A new verification link has been sent to the email address you provided during registration.": "Nowy link weryfikacyjny został wysłany na adres email podany podczas rejestracji.",
    "Accept Invitation": "Przyjmij zaproszenie",
    "Action": "Action",
    "Action Happened At": "Happened At",
    "Action Initiated By": "Initiated By",
    "Action Name": "Name",
    "Action Status": "Status",
    "Action Target": "Target",
    "Actions": "Actions",
    "Add": "Dodaj",
    "Add a new team member to your team, allowing them to collaborate with you.": "Dodaj nowego członka zespołu do swojego zespołu, umożliwiając mu współpracę z Tobą.",
    "Add additional security to your account using two factor authentication.": "Dodaj dodatkowe zabezpieczenia do swojego konta, korzystając z uwierzytelniania dwuskładnikowego.",
    "Add row": "Add row",
    "Add Team Member": "Dodaj członka zespołu",
    "Added.": "Dodany.",
    "Administrator": "Administrator",
    "Administrator users can perform any action.": "Użytkownicy będący Administratorem mogą wykonywać dowolne czynności.",
    "Afghanistan": "Afghanistan",
    "Aland Islands": "Åland Islands",
    "Albania": "Albania",
    "Algeria": "Algeria",
    "All of the people that are part of this team.": "Wszystkie osoby, które są częścią tego zespołu.",
    "All resources loaded.": "All resources loaded.",
    "All rights reserved.": "Wszelkie prawa zastrzeżone",
    "Already registered?": "Zarejestrowany już?",
    "American Samoa": "American Samoa",
    "An error occured while uploading the file.": "An error occured while uploading the file.",
    "Andorra": "Andorra",
    "Angola": "Angola",
    "Anguilla": "Anguilla",
    "Another user has updated this resource since this page was loaded. Please refresh the page and try again.": "Another user has updated this resource since this page was loaded. Please refresh the page and try again.",
    "Antarctica": "Antarctica",
    "Antigua And Barbuda": "Antigua and Barbuda",
    "API Token": "Token API",
    "API Token Permissions": "Uprawnienia do tokenów API",
    "API Tokens": "Tokeny API",
    "API tokens allow third-party services to authenticate with our application on your behalf.": "Tokeny API umożliwiają usługom zewnętrznym uwierzytelnianie w naszej aplikacji w Twoim imieniu.",
    "April": "April",
    "Are you sure you want to delete the selected resources?": "Are you sure you want to delete the selected resources?",
    "Are you sure you want to delete this file?": "Are you sure you want to delete this file?",
    "Are you sure you want to delete this resource?": "Are you sure you want to delete this resource?",
    "Are you sure you want to delete this team? Once a team is deleted, all of its resources and data will be permanently deleted.": "Czy na pewno chcesz usunąć ten zespół? Po usunięciu zespołu wszystkie jego zasoby i dane zostaną trwale usunięte.",
    "Are you sure you want to delete your account? Once your account is deleted, all of its resources and data will be permanently deleted. Please enter your password to confirm you would like to permanently delete your account.": "Czy na pewno chcesz usunąć swoje konto? Po usunięciu konta wszystkie jego zasoby i dane zostaną trwale usunięte. Wprowadź hasło, aby potwierdzić, że chcesz trwale usunąć swoje konto.",
    "Are you sure you want to detach the selected resources?": "Are you sure you want to detach the selected resources?",
    "Are you sure you want to detach this resource?": "Are you sure you want to detach this resource?",
    "Are you sure you want to force delete the selected resources?": "Are you sure you want to force delete the selected resources?",
    "Are you sure you want to force delete this resource?": "Are you sure you want to force delete this resource?",
    "Are you sure you want to restore the selected resources?": "Are you sure you want to restore the selected resources?",
    "Are you sure you want to restore this resource?": "Are you sure you want to restore this resource?",
    "Are you sure you want to run this action?": "Are you sure you want to run this action?",
    "Are you sure you would like to delete this API token?": "Czy na pewno chcesz usunąć ten token API?",
    "Are you sure you would like to leave this team?": "Czy na pewno chcesz opuścić ten zespół?",
    "Are you sure you would like to remove this person from the team?": "Czy na pewno chcesz usunąć tę osobę z zespołu?",
    "Argentina": "Argentina",
    "Armenia": "Armenia",
    "Aruba": "Aruba",
    "Attach": "Attach",
    "Attach & Attach Another": "Attach & Attach Another",
    "Attach :resource": "Attach :resource",
    "August": "August",
    "Australia": "Australia",
    "Austria": "Austria",
    "Azerbaijan": "Azerbaijan",
    "Bahamas": "Bahamas",
    "Bahrain": "Bahrain",
    "Bangladesh": "Bangladesh",
    "Barbados": "Barbados",
    "Before proceeding, please check your email for a verification link.": "Zanim przejdziesz dalej, sprawdź swój adres email po link weryfikacyjny.",
    "Belarus": "Belarus",
    "Belgium": "Belgium",
    "Belize": "Belize",
    "Benin": "Benin",
    "Bermuda": "Bermuda",
    "Bhutan": "Bhutan",
    "Bolivia": "Bolivia",
    "Bonaire, Sint Eustatius and Saba": "Bonaire, Sint Eustatius and Saba",
    "Bosnia And Herzegovina": "Bosnia and Herzegovina",
    "Botswana": "Botswana",
    "Bouvet Island": "Bouvet Island",
    "Brazil": "Brazil",
    "British Indian Ocean Territory": "British Indian Ocean Territory",
    "Browser Sessions": "Sesje przeglądarki",
    "Brunei Darussalam": "Brunei",
    "Bulgaria": "Bulgaria",
    "Burkina Faso": "Burkina Faso",
    "Burundi": "Burundi",
    "Cambodia": "Cambodia",
    "Cameroon": "Cameroon",
    "Canada": "Canada",
    "Cancel": "Anuluj",
    "Cape Verde": "Cape Verde",
    "Card": "Card",
    "Cayman Islands": "Cayman Islands",
    "Central African Republic": "Central African Republic",
    "Chad": "Chad",
    "Changes": "Changes",
    "Chile": "Chile",
    "China": "China",
    "Choose": "Choose",
    "Choose :field": "Choose :field",
    "Choose :resource": "Choose :resource",
    "Choose an option": "Choose an option",
    "Choose date": "Choose date",
    "Choose File": "Choose File",
    "Choose Type": "Choose Type",
    "Christmas Island": "Christmas Island",
    "click here to request another": "kliknij tutaj, aby poprosić ponownie",
    "Click to choose": "Click to choose",
    "Close": "Zamknij",
    "Cocos (Keeling) Islands": "Cocos (Keeling) Islands",
    "Code": "Kod",
    "Colombia": "Colombia",
    "Comoros": "Comoros",
    "Confirm": "Potwierdź",
    "Confirm Password": "Potwierdź hasło",
    "Confirm Payment": "Confirm Payment",
    "Confirm your :amount payment": "Confirm your :amount payment",
    "Congo": "Congo",
    "Congo, Democratic Republic": "Congo, Democratic Republic",
    "Constant": "Constant",
    "Cook Islands": "Cook Islands",
    "Costa Rica": "Costa Rica",
    "Cote D'Ivoire": "Côte d'Ivoire",
    "could not be found.": "could not be found.",
    "Create": "Utworz",
    "Create & Add Another": "Create & Add Another",
    "Create :resource": "Create :resource",
    "Create a new team to collaborate with others on projects.": "Utwórz nowy zespół do współpracy z innymi projektami.",
    "Create Account": "Utwórz konto",
    "Create API Token": "Utwórz token API",
    "Create New Team": "Utwórz nowy zespół",
    "Create Team": "Utwórz zespół",
    "Created.": "Tworzone.",
    "Croatia": "Croatia",
    "Cuba": "Cuba",
    "Curaçao": "Curaçao",
    "Current Password": "Aktualne hasło",
    "Customize": "Customize",
    "Cyprus": "Cyprus",
    "Czech Republic": "Czechia",
    "Dashboard": "Panel",
    "December": "December",
    "Decrease": "Decrease",
    "Delete": "Usuń",
    "Delete Account": "Usuń konto",
    "Delete API Token": "Usuń token API",
    "Delete File": "Delete File",
    "Delete Resource": "Delete Resource",
    "Delete Selected": "Delete Selected",
    "Delete Team": "Usuń zespół",
    "Denmark": "Denmark",
    "Detach": "Detach",
    "Detach Resource": "Detach Resource",
    "Detach Selected": "Detach Selected",
    "Details": "Details",
    "Disable": "Wyłącz",
    "Djibouti": "Djibouti",
    "Do you really want to leave? You have unsaved changes.": "Do you really want to leave? You have unsaved changes.",
    "Dominica": "Dominica",
    "Dominican Republic": "Dominican Republic",
    "Done.": "Zrobione.",
    "Download": "Download",
    "E-Mail Address": "Adres email",
    "Ecuador": "Ecuador",
    "Edit": "Edit",
    "Edit :resource": "Edit :resource",
    "Edit Attached": "Edit Attached",
    "Editor": "Edytor",
    "Editor users have the ability to read, create, and update.": "Użytkownicy Edytor mają możliwość czytania, tworzenia i aktualizowania.",
    "Egypt": "Egypt",
    "El Salvador": "El Salvador",
    "Email": "Email",
    "Email Address": "Email Address",
    "Email Password Reset Link": "Link do resetowania hasła email-em",
    "Enable": "Włącz",
    "Ensure your account is using a long, random password to stay secure.": "Upewnij się, że Twoje konto używa długiego, losowego hasła, aby zachować bezpieczeństwo.",
    "Equatorial Guinea": "Equatorial Guinea",
    "Eritrea": "Eritrea",
    "Estonia": "Estonia",
    "Ethiopia": "Ethiopia",
    "Extra confirmation is needed to process your payment. Please confirm your payment by filling out your payment details below.": "Extra confirmation is needed to process your payment. Please confirm your payment by filling out your payment details below.",
    "Extra confirmation is needed to process your payment. Please continue to the payment page by clicking on the button below.": "Extra confirmation is needed to process your payment. Please continue to the payment page by clicking on the button below.",
    "Falkland Islands (Malvinas)": "Falkland Islands (Malvinas)",
    "Faroe Islands": "Faroe Islands",
    "February": "February",
    "Fiji": "Fiji",
    "Finland": "Finland",
    "For your security, please confirm your password to continue.": "Ze względów bezpieczeństwa potwierdź hasło, aby kontynuować.",
    "Forbidden": "Zabronione",
    "Force Delete": "Force Delete",
    "Force Delete Resource": "Force Delete Resource",
    "Force Delete Selected": "Force Delete Selected",
    "Forgot Your Password?": "Nie pamiętasz hasła?",
    "Forgot your password?": "Nie pamiętasz hasła?",
    "Forgot your password? No problem. Just let us know your email address and we will email you a password reset link that will allow you to choose a new one.": "Nie pamiętasz hasła? Nie ma problemu. Podaj nam swój adres email, a wyślemy Ci link do resetowania hasła, który pozwoli Ci wprowadzić nowe.",
    "France": "France",
    "French Guiana": "French Guiana",
    "French Polynesia": "French Polynesia",
    "French Southern Territories": "French Southern Territories",
    "Full name": "Full name",
    "Gabon": "Gabon",
    "Gambia": "Gambia",
    "Georgia": "Georgia",
    "Germany": "Germany",
    "Ghana": "Ghana",
    "Gibraltar": "Gibraltar",
    "Go back": "Go back",
    "Go Home": "Przejdź do strony głównej",
    "Go to page :page": "Przejdź do strony :page",
    "Great! You have accepted the invitation to join the :team team.": "Świetny! Zaakceptowałeś zaproszenie do zespołu :team.",
    "Greece": "Greece",
    "Greenland": "Greenland",
    "Grenada": "Grenada",
    "Guadeloupe": "Guadeloupe",
    "Guam": "Guam",
    "Guatemala": "Guatemala",
    "Guernsey": "Guernsey",
    "Guinea": "Guinea",
    "Guinea-Bissau": "Guinea-Bissau",
    "Guyana": "Guyana",
    "Haiti": "Haiti",
    "Heard Island & Mcdonald Islands": "Heard Island and McDonald Islands",
    "Hello!": "Cześć!",
    "Hide Content": "Hide Content",
    "Hold Up!": "Hold Up!",
    "Holy See (Vatican City State)": "Vatican City",
    "Honduras": "Honduras",
    "Hong Kong": "Hong Kong",
    "Hungary": "Hungary",
    "I agree to the :terms_of_service and :privacy_policy": "Wyrażam zgodę na :terms_of_service i :privacy_policy",
    "Iceland": "Iceland",
    "ID": "ID",
    "If necessary, you may log out of all of your other browser sessions across all of your devices. Some of your recent sessions are listed below; however, this list may not be exhaustive. If you feel your account has been compromised, you should also update your password.": "If necessary, you may log out of all of your other browser sessions across all of your devices. Some of your recent sessions are listed below; however, this list may not be exhaustive. If you feel your account has been compromised, you should also update your password.",
    "If necessary, you may logout of all of your other browser sessions across all of your devices. Some of your recent sessions are listed below; however, this list may not be exhaustive. If you feel your account has been compromised, you should also update your password.": "W razie potrzeby możesz wylogować się ze wszystkich innych sesji przeglądarek na wszystkich swoich urządzeniach. Jeśli uważasz, że ktoś włamał się na Twoje konto, zaktualizuj również swoje hasło.",
    "If you already have an account, you may accept this invitation by clicking the button below:": "Jeśli masz już konto, możesz przyjąć zaproszenie, klikając poniższy przycisk:",
    "If you did not create an account, no further action is required.": "Jeśli nie stworzyłeś konta, zignoruj tę wiadomość.",
    "If you did not expect to receive an invitation to this team, you may discard this email.": "Jeśli nie spodziewałeś się zaproszenia do tego zespołu, możesz wyrzucić tę wiadomość.",
    "If you did not receive the email": "Jeśli nie dotarła wiadomość email",
    "If you did not request a password reset, no further action is required.": "Jeśli nie chcesz resetować hasła, zignoruj tę wiadomość.",
    "If you do not have an account, you may create one by clicking the button below. After creating an account, you may click the invitation acceptance button in this email to accept the team invitation:": "Jeśli nie masz konta, możesz je utworzyć, klikając przycisk poniżej. Po utworzeniu konta możesz kliknąć przycisk akceptacji zaproszenia w tej wiadomości e-mail, aby zaakceptować zaproszenie do zespołu:",
    "If you’re having trouble clicking the \":actionText\" button, copy and paste the URL below\ninto your web browser:": "Jeżeli masz problemy z kliknięciem przycisku \":actionText\", skopiuj i wklej poniższy adres w pasek przeglądarki:",
    "Increase": "Increase",
    "India": "India",
    "Indonesia": "Indonesia",
    "Invalid signature.": "Nieprawidłowy podpis.",
    "Iran, Islamic Republic Of": "Iran",
    "Iraq": "Iraq",
    "Ireland": "Ireland",
    "Isle Of Man": "Isle of Man",
    "Israel": "Israel",
    "Italy": "Italy",
    "Jamaica": "Jamaica",
    "January": "January",
    "Japan": "Japan",
    "Jersey": "Jersey",
    "Jordan": "Jordan",
    "July": "July",
    "June": "June",
    "Kazakhstan": "Kazakhstan",
    "Kenya": "Kenya",
    "Key": "Key",
    "Kiribati": "Kiribati",
    "Korea": "South Korea",
    "Korea, Democratic People's Republic of": "North Korea",
    "Kosovo": "Kosovo",
    "Kuwait": "Kuwait",
    "Kyrgyzstan": "Kyrgyzstan",
    "Lao People's Democratic Republic": "Laos",
    "Last active": "Ostatnio aktywny",
    "Last used": "Ostatnio używany",
    "Latvia": "Latvia",
    "Leave": "Opuszcz",
    "Leave Team": "Opuść zespół",
    "Lebanon": "Lebanon",
    "Lens": "Lens",
    "Lesotho": "Lesotho",
    "Liberia": "Liberia",
    "Libyan Arab Jamahiriya": "Libya",
    "Liechtenstein": "Liechtenstein",
    "Lithuania": "Lithuania",
    "Load :perPage More": "Load :perPage More",
    "Log in": "Log in",
    "Log out": "Log out",
    "Log Out": "Log Out",
    "Log Out Other Browser Sessions": "Log Out Other Browser Sessions",
    "Login": "Zaloguj się",
    "Logout": "Wyloguj się",
    "Logout Other Browser Sessions": "Wyloguj się z innych sesji przeglądarek",
    "Luxembourg": "Luxembourg",
    "Macao": "Macao",
    "Macedonia": "North Macedonia",
    "Madagascar": "Madagascar",
    "Malawi": "Malawi",
    "Malaysia": "Malaysia",
    "Maldives": "Maldives",
    "Mali": "Mali",
    "Malta": "Malta",
    "Manage Account": "Zarządzaj kontem",
    "Manage and log out your active sessions on other browsers and devices.": "Manage and log out your active sessions on other browsers and devices.",
    "Manage and logout your active sessions on other browsers and devices.": "Zarządzaj aktywnymi sesjami w innych przeglądarkach i urządzeniach oraz wyloguj się z nich.",
    "Manage API Tokens": "Zarządzaj tokenami API",
    "Manage Role": "Zarządzaj rolami",
    "Manage Team": "Zarządzaj zespołem",
    "March": "March",
    "Marshall Islands": "Marshall Islands",
    "Martinique": "Martinique",
    "Mauritania": "Mauritania",
    "Mauritius": "Mauritius",
    "May": "May",
    "Mayotte": "Mayotte",
    "Mexico": "Mexico",
    "Micronesia, Federated States Of": "Micronesia",
    "Moldova": "Moldova",
    "Monaco": "Monaco",
    "Mongolia": "Mongolia",
    "Montenegro": "Montenegro",
    "Month To Date": "Month To Date",
    "Montserrat": "Montserrat",
    "Morocco": "Morocco",
    "Mozambique": "Mozambique",
    "Myanmar": "Myanmar",
    "Name": "Imię i nazwisko",
    "Namibia": "Namibia",
    "Nauru": "Nauru",
    "Nepal": "Nepal",
    "Netherlands": "Netherlands",
    "Nevermind": "Nieważne",
    "New": "New",
    "New :resource": "New :resource",
    "New Caledonia": "New Caledonia",
    "New Password": "Nowe hasło",
    "New Zealand": "New Zealand",
    "Next": "Next",
    "Nicaragua": "Nicaragua",
    "Niger": "Niger",
    "Nigeria": "Nigeria",
    "Niue": "Niue",
    "No": "No",
    "No :resource matched the given criteria.": "No :resource matched the given criteria.",
    "No additional information...": "No additional information...",
    "No Current Data": "No Current Data",
    "No Data": "No Data",
    "no file selected": "no file selected",
    "No Increase": "No Increase",
    "No Prior Data": "No Prior Data",
    "No Results Found.": "No Results Found.",
    "Norfolk Island": "Norfolk Island",
    "Northern Mariana Islands": "Northern Mariana Islands",
    "Norway": "Norway",
    "Not Found": "Nie znaleziono",
    "Nova User": "Nova User",
    "November": "November",
    "October": "October",
    "of": "z",
    "Oh no": "O nie",
    "Oman": "Oman",
    "Once a team is deleted, all of its resources and data will be permanently deleted. Before deleting this team, please download any data or information regarding this team that you wish to retain.": "Po usunięciu zespołu wszystkie jego zasoby i dane zostaną trwale usunięte. Przed usunięciem tego zespołu pobierz wszelkie dane lub informacje dotyczące tego zespołu, które chcesz zachować.",
    "Once your account is deleted, all of its resources and data will be permanently deleted. Before deleting your account, please download any data or information that you wish to retain.": "Po usunięciu konta wszystkie jego zasoby i dane zostaną trwale usunięte. Przed usunięciem konta pobierz wszelkie dane albo informacje, które chcesz zachować.",
    "Only Trashed": "Only Trashed",
    "Original": "Original",
    "Page Expired": "Strona wygasła",
    "Pagination Navigation": "Paginacja",
    "Pakistan": "Pakistan",
    "Palau": "Palau",
    "Palestinian Territory, Occupied": "Palestinian Territories",
    "Panama": "Panama",
    "Papua New Guinea": "Papua New Guinea",
    "Paraguay": "Paraguay",
    "Password": "Hasło",
    "Pay :amount": "Pay :amount",
    "Payment Cancelled": "Payment Cancelled",
    "Payment Confirmation": "Payment Confirmation",
    "Payment Successful": "Payment Successful",
    "Pending Team Invitations": "Oczekujące zaproszenia do zespołu",
    "Per Page": "Per Page",
    "Permanently delete this team.": "Trwale usuń ten zespół.",
    "Permanently delete your account.": "Trwale usuń swoje konto.",
    "Permissions": "Uprawnienia",
    "Peru": "Peru",
    "Philippines": "Philippines",
    "Photo": "Zdjęcie",
    "Pitcairn": "Pitcairn Islands",
    "Please click the button below to verify your email address.": "Kliknij poniższy przycisk aby zweryfikować swój adres email.",
    "Please confirm access to your account by entering one of your emergency recovery codes.": "Potwierdź dostęp do swojego konta, wprowadzając jeden ze swoich awaryjnych kodów odzyskiwania.",
    "Please confirm access to your account by entering the authentication code provided by your authenticator application.": "Proszę potwierdzić dostęp do konta przez wprowadzenie kodu uwierzytelniającego dostarczone przez aplikację Authenticator.",
    "Please confirm your password before continuing.": "Aby kontynuować, potwierdź swoje hasło.",
    "Please copy your new API token. For your security, it won't be shown again.": "Skopiuj nowy token API. Ze względów bezpieczeństwa nie zostanie ponownie wyświetlony.",
    "Please enter your password to confirm you would like to log out of your other browser sessions across all of your devices.": "Please enter your password to confirm you would like to log out of your other browser sessions across all of your devices.",
    "Please enter your password to confirm you would like to logout of your other browser sessions across all of your devices.": "Wprowadź hasło, aby potwierdzić, że chcesz wylogować się z innych sesji przeglądarek na wszystkich urządzeniach.",
    "Please provide the email address of the person you would like to add to this team.": "Podaj adres e-mail osoby, którą chcesz dodać do tego zespołu.",
    "Please provide the email address of the person you would like to add to this team. The email address must be associated with an existing account.": "Podaj adres email osoby, którą chcesz dodać do tego zespołu. Adres email musi być powiązany z istniejącym kontem.",
    "Please provide your name.": "Please provide your name.",
    "Poland": "Poland",
    "Portugal": "Portugal",
    "Press \/ to search": "Press \/ to search",
    "Preview": "Preview",
    "Previous": "Previous",
    "Privacy Policy": "Polityka prywatności",
    "Profile": "Profil",
    "Profile Information": "Informacje o Profilu",
    "Puerto Rico": "Puerto Rico",
    "Qatar": "Qatar",
    "Quarter To Date": "Quarter To Date",
    "Recovery Code": "Kod odzyskiwania",
    "Regards": "Z poważaniem",
    "Regenerate Recovery Codes": "Regeneruj kody odzyskiwania",
    "Register": "Zarejestruj się",
    "Reload": "Reload",
    "Remember me": "Zapamiętaj mnie",
    "Remember Me": "Zapamiętaj mnie",
    "Remove": "Usuń",
    "Remove Photo": "Usuń zdjęcie",
    "Remove Team Member": "Usuń członka zespołu",
    "Resend Verification Email": "Wyślij ponownie email weryfikacyjny",
    "Reset Filters": "Reset Filters",
    "Reset Password": "Zresetuj hasło",
    "Reset Password Notification": "Zresetuj hasło",
    "resource": "resource",
    "Resources": "Resources",
    "resources": "resources",
    "Restore": "Restore",
    "Restore Resource": "Restore Resource",
    "Restore Selected": "Restore Selected",
    "results": "wyników",
    "Reunion": "Réunion",
    "Role": "Rola",
    "Romania": "Romania",
    "Run Action": "Run Action",
    "Russian Federation": "Russian Federation",
    "Rwanda": "Rwanda",
    "Saint Barthelemy": "St. Barthélemy",
    "Saint Helena": "St. Helena",
    "Saint Kitts And Nevis": "St. Kitts and Nevis",
    "Saint Lucia": "St. Lucia",
    "Saint Martin": "St. Martin",
    "Saint Pierre And Miquelon": "St. Pierre and Miquelon",
    "Saint Vincent And Grenadines": "St. Vincent and Grenadines",
    "Samoa": "Samoa",
    "San Marino": "San Marino",
    "Sao Tome And Principe": "São Tomé and Príncipe",
    "Saudi Arabia": "Saudi Arabia",
    "Save": "Zapisz",
    "Saved.": "Zapisane.",
    "Search": "Search",
    "Select A New Photo": "Wybierz nowe zdjęcie",
    "Select Action": "Select Action",
    "Select All": "Select All",
    "Select All Matching": "Select All Matching",
    "Send Password Reset Link": "Wyślij link resetujący hasło",
    "Senegal": "Senegal",
    "September": "September",
    "Serbia": "Serbia",
    "Server Error": "Błąd serwera",
    "Service Unavailable": "Serwis niedostępny",
    "Seychelles": "Seychelles",
    "Show All Fields": "Show All Fields",
    "Show Content": "Show Content",
    "Show Recovery Codes": "Pokaż kody odzyskiwania",
    "Showing": "Wyświetlanie",
    "Sierra Leone": "Sierra Leone",
    "Singapore": "Singapore",
    "Sint Maarten (Dutch part)": "Sint Maarten",
    "Slovakia": "Slovakia",
    "Slovenia": "Slovenia",
    "Solomon Islands": "Solomon Islands",
    "Somalia": "Somalia",
    "Something went wrong.": "Something went wrong.",
    "Sorry! You are not authorized to perform this action.": "Sorry! You are not authorized to perform this action.",
    "Sorry, your session has expired.": "Sorry, your session has expired.",
    "South Africa": "South Africa",
    "South Georgia And Sandwich Isl.": "South Georgia and South Sandwich Islands",
    "South Sudan": "South Sudan",
    "Spain": "Spain",
    "Sri Lanka": "Sri Lanka",
    "Start Polling": "Start Polling",
    "Stop Polling": "Stop Polling",
    "Store these recovery codes in a secure password manager. They can be used to recover access to your account if your two factor authentication device is lost.": "Przechowuj te kody odzyskiwania w bezpiecznym menedżerze haseł. Można ich użyć do odzyskania dostępu do konta w przypadku utraty urządzenia do uwierzytelniania dwuskładnikowego.",
    "Sudan": "Sudan",
    "Suriname": "Suriname",
    "Svalbard And Jan Mayen": "Svalbard and Jan Mayen",
    "Swaziland": "Eswatini",
    "Sweden": "Sweden",
    "Switch Teams": "Przełącz zespół",
    "Switzerland": "Switzerland",
    "Syrian Arab Republic": "Syria",
    "Taiwan": "Taiwan",
    "Tajikistan": "Tajikistan",
    "Tanzania": "Tanzania",
    "Team Details": "Szczegóły zespołu",
    "Team Invitation": "Zaproszenie do zespołu",
    "Team Members": "Członkowie zespołu",
    "Team Name": "Nazwa zespołu",
    "Team Owner": "Właściciel zespołu",
    "Team Settings": "Ustawienia zespołu",
    "Terms of Service": "Warunki korzystania z usługi",
    "Thailand": "Thailand",
    "Thanks for signing up! Before getting started, could you verify your email address by clicking on the link we just emailed to you? If you didn't receive the email, we will gladly send you another.": "Dziękujemy za zarejestrowanie się! Przed rozpoczęciem proszę zweryfikować swój adres e-mail, klikając w link, który właśnie wysłaliśmy do Ciebie e-mailem. Jeśli nie otrzymałeś e-maila, z przyjemnością prześlemy Ci kolejny.",
    "The :attribute must be a valid role.": "Pole :attribute musi być prawidłową rolą.",
    "The :attribute must be at least :length characters and contain at least one number.": "Pole :attribute musi mieć przynajmniej :length znaków i przynajmniej jedną cyfrę.",
    "The :attribute must be at least :length characters and contain at least one special character and one number.": "The :attribute must be at least :length characters and contain at least one special character and one number.",
    "The :attribute must be at least :length characters and contain at least one special character.": "Pole :attribute musi mieć co najmniej :length znaków i zawierać co najmniej jeden znak specjalny.",
    "The :attribute must be at least :length characters and contain at least one uppercase character and one number.": "Pole :attribute musi mieć co najmniej :length znaków i zawierać co najmniej jedną wielką literę i jedną cyfrę.",
    "The :attribute must be at least :length characters and contain at least one uppercase character and one special character.": "Pole :attribute musi mieć co najmniej :length znaków i zawierać co najmniej jedną wielką literę i jeden znak specjalny.",
    "The :attribute must be at least :length characters and contain at least one uppercase character, one number, and one special character.": "Pole :attribute musi mieć co najmniej :length znaków i zawierać co najmniej jedną wielką literę, jedną cyfrę i jeden znak specjalny.",
    "The :attribute must be at least :length characters and contain at least one uppercase character.": "Pole :attribute musi mieć co najmniej :length znaków i co najmniej jedną wielką literę.",
    "The :attribute must be at least :length characters.": "Pole :attribute musi mieć co najmniej :length znaków.",
    "The :resource was created!": "The :resource was created!",
    "The :resource was deleted!": "The :resource was deleted!",
    "The :resource was restored!": "The :resource was restored!",
    "The :resource was updated!": "The :resource was updated!",
    "The action ran successfully!": "The action ran successfully!",
    "The file was deleted!": "The file was deleted!",
    "The government won't let us show you what's behind these doors": "The government won't let us show you what's behind these doors",
    "The HasOne relationship has already been filled.": "The HasOne relationship has already been filled.",
    "The payment was successful.": "The payment was successful.",
    "The provided password does not match your current password.": "Podane hasło nie jest zgodne z aktualnym hasłem.",
    "The provided password was incorrect.": "Podany hasło jest nieprawidłowe.",
    "The provided two factor authentication code was invalid.": "Podany kod uwierzytelniania dwuskładnikowego jest nieprawidłowe.",
    "The resource was updated!": "The resource was updated!",
    "The team's name and owner information.": "Nazwa zespołu i informacje o właścicielu.",
    "There are no available options for this resource.": "There are no available options for this resource.",
    "There was a problem executing the action.": "There was a problem executing the action.",
    "There was a problem submitting the form.": "There was a problem submitting the form.",
    "These people have been invited to your team and have been sent an invitation email. They may join the team by accepting the email invitation.": "Osoby te zostały zaproszone do Twojego zespołu i został wysłany e-mail z zaproszeniem. Mogą dołączyć do zespołu, akceptując zaproszenie e-mail.",
    "This action is unauthorized.": "To działanie nie zostało autoryzowane.",
    "This device": "Te urządzenie",
    "This file field is read-only.": "This file field is read-only.",
    "This image": "This image",
    "This is a secure area of the application. Please confirm your password before continuing.": "To jest bezpieczny obszar aplikacji. Proszę potwierdzić hasło, aby kontynuować.",
    "This password does not match our records.": "To hasło nie pasuje do naszych rekordów.",
    "This password reset link will expire in :count minutes.": "Link do resetowania hasła wygaśnie za :count minut.",
    "This payment was already successfully confirmed.": "This payment was already successfully confirmed.",
    "This payment was cancelled.": "This payment was cancelled.",
    "This resource no longer exists": "This resource no longer exists",
    "This user already belongs to the team.": "Ten użytkownik jest już w zespole.",
    "This user has already been invited to the team.": "Ten użytkownik został już zaproszony do zespołu.",
    "Timor-Leste": "Timor-Leste",
    "to": "do",
    "Today": "Today",
    "Toggle navigation": "Przełącz nawigację",
    "Togo": "Togo",
    "Tokelau": "Tokelau",
    "Token Name": "Nazwa tokena",
    "Tonga": "Tonga",
    "Too Many Attempts.": "Za dużo prób.",
    "Too Many Requests": "Za dużo zapytań",
    "total": "total",
    "Trashed": "Trashed",
    "Trinidad And Tobago": "Trinidad and Tobago",
    "Tunisia": "Tunisia",
    "Turkey": "Turkey",
    "Turkmenistan": "Turkmenistan",
    "Turks And Caicos Islands": "Turks and Caicos Islands",
    "Tuvalu": "Tuvalu",
    "Two Factor Authentication": "Uwierzytelnianie dwuskładnikowe",
    "Two factor authentication is now enabled. Scan the following QR code using your phone's authenticator application.": "Uwierzytelnianie dwuskładnikowe jest teraz włączone. Uwierzytelnianie dwuskładnikowe jest teraz włączone. Zeskanować poniższy kod QR przy użyciu aplikacji Authenticator w telefonie.",
    "Uganda": "Uganda",
    "Ukraine": "Ukraine",
    "Unauthorized": "Nieautoryzowany dostęp",
    "United Arab Emirates": "United Arab Emirates",
    "United Kingdom": "United Kingdom",
    "United States": "United States",
    "United States Outlying Islands": "U.S. Outlying Islands",
    "Update": "Update",
    "Update & Continue Editing": "Update & Continue Editing",
    "Update :resource": "Update :resource",
    "Update :resource: :title": "Update :resource: :title",
    "Update attached :resource: :title": "Update attached :resource: :title",
    "Update Password": "Zaktualizuj hasło",
    "Update your account's profile information and email address.": "Zaktualizuj informacje profilowe i adres email swojego konta.",
    "Uruguay": "Uruguay",
    "Use a recovery code": "Użyj kodu odzyskiwania",
    "Use an authentication code": "Użyj kodu uwierzytelniającego",
    "Uzbekistan": "Uzbekistan",
    "Value": "Value",
    "Vanuatu": "Vanuatu",
    "Venezuela": "Venezuela",
    "Verify Email Address": "Zweryfikuj adres email",
    "Verify Your Email Address": "Zweryfikuj swój adres email",
    "Viet Nam": "Vietnam",
    "View": "View",
    "Virgin Islands, British": "British Virgin Islands",
    "Virgin Islands, U.S.": "U.S. Virgin Islands",
    "Wallis And Futuna": "Wallis and Futuna",
    "We were unable to find a registered user with this email address.": "Nie udało nam się znaleźć zarejestrowanego użytkownika z tym adresem email.",
    "We won't ask for your password again for a few hours.": "Nie będziemy prosić o kolejne hasło przez kilka następnych godzin.",
    "We're lost in space. The page you were trying to view does not exist.": "We're lost in space. The page you were trying to view does not exist.",
    "Welcome Back!": "Welcome Back!",
    "Western Sahara": "Western Sahara",
    "When two factor authentication is enabled, you will be prompted for a secure, random token during authentication. You may retrieve this token from your phone's Google Authenticator application.": "Gdy włączone jest uwierzytelnianie dwuskładnikowe, podczas uwierzytelniania zostanie wyświetlony monit o podanie bezpiecznego, losowego tokena. Możesz pobrać ten token z aplikacji Google Authenticator w telefonie.",
    "Whoops": "Whoops",
    "Whoops!": "Ups!",
    "Whoops! Something went wrong.": "Ups! Coś poszło nie tak.",
    "With Trashed": "With Trashed",
    "Write": "Write",
    "Year To Date": "Year To Date",
    "Yemen": "Yemen",
    "Yes": "Yes",
    "You are logged in!": "Jesteś zalogowany!",
    "You are receiving this email because we received a password reset request for your account.": "Otrzymujesz ten email, ponieważ otrzymaliśmy prośbę o zresetowanie hasła dla Twojego konta.",
    "You have been invited to join the :team team!": "Zostałeś zaproszony do zespołu :team!",
    "You have enabled two factor authentication.": "Włączono dwa uwierzytelnienie.",
    "You have not enabled two factor authentication.": "Nie włączono uwierzytelniania dwuskładnikowego.",
    "You may delete any of your existing tokens if they are no longer needed.": "Możesz usunąć niektóre z istniejących tokenów, jeżeli nie są już potrzebne.",
    "You may not delete your personal team.": "Nie możesz usunąć swojego osobistego zespołu.",
    "You may not leave a team that you created.": "Nie możesz opuścić zespołu, które stworzyłeś",
    "Your email address is not verified.": "Twój adres email nie jest zweryfikowany.",
    "Zambia": "Zambia",
    "Zimbabwe": "Zimbabwe"
}
