{
    "30 Days": "30 Days",
    "60 Days": "60 Days",
    "90 Days": "90 Days",
    ":amount Total": ":amount Total",
    ":resource Details": ":resource Details",
    ":resource Details: :title": ":resource Details: :title",
    "A fresh verification link has been sent to your email address.": "Um novo link de verificação foi enviado para seu endereço de e-mail.",
    "A new verification link has been sent to the email address you provided during registration.": "Um novo link de verificação foi enviado para seu endereço de e-mail fornecido durante o registo.",
    "Accept Invitation": "Accept Invitation",
    "Action": "Action",
    "Action Happened At": "Happened At",
    "Action Initiated By": "Initiated By",
    "Action Name": "Name",
    "Action Status": "Status",
    "Action Target": "Target",
    "Actions": "Actions",
    "Add": "Adicionar",
    "Add a new team member to your team, allowing them to collaborate with you.": "Adicione um novo membro à equipa, por forma a que possa colaborar consigo.",
    "Add additional security to your account using two factor authentication.": "Adicione mais segurança à sua conta utilizando autenticação de dois factores.",
    "Add row": "Add row",
    "Add Team Member": "Adicionar Membro de Equipa",
    "Added.": "Adicionado.",
    "Administrator": "Administrador",
    "Administrator users can perform any action.": "Utilizadores com privilégios de Administrador podem executar qualquer acção.",
    "Afghanistan": "Afghanistan",
    "Aland Islands": "Åland Islands",
    "Albania": "Albania",
    "Algeria": "Algeria",
    "All of the people that are part of this team.": "Todas as pessoas que fazem parte desta equipa.",
    "All resources loaded.": "All resources loaded.",
    "All rights reserved.": "Todos os direitos reservados.",
    "Already registered?": "Já está registado?",
    "American Samoa": "American Samoa",
    "An error occured while uploading the file.": "An error occured while uploading the file.",
    "Andorra": "Andorra",
    "Angola": "Angola",
    "Anguilla": "Anguilla",
    "Another user has updated this resource since this page was loaded. Please refresh the page and try again.": "Another user has updated this resource since this page was loaded. Please refresh the page and try again.",
    "Antarctica": "Antarctica",
    "Antigua And Barbuda": "Antigua and Barbuda",
    "API Token": "API Token",
    "API Token Permissions": "Permissões para API Token",
    "API Tokens": "API Tokens",
    "API tokens allow third-party services to authenticate with our application on your behalf.": "Os API Tokens permitem que serviços terceiros se possam autenticar na nossa aplicação em seu nome.",
    "April": "April",
    "Are you sure you want to delete the selected resources?": "Are you sure you want to delete the selected resources?",
    "Are you sure you want to delete this file?": "Are you sure you want to delete this file?",
    "Are you sure you want to delete this resource?": "Are you sure you want to delete this resource?",
    "Are you sure you want to delete this team? Once a team is deleted, all of its resources and data will be permanently deleted.": "Tem a certeza que pretende eliminar esta equipa? Uma vez eliminada, todos os seus recursos e dados serão permanentemente eliminados.",
    "Are you sure you want to delete your account? Once your account is deleted, all of its resources and data will be permanently deleted. Please enter your password to confirm you would like to permanently delete your account.": "Tem a certeza que deseja eliminar a conta? Uma vez eliminada a conta, todos os recursos e dados serão eliminados permanentemente. Por favor introduza a sua palavra-passe para confirmar que deseja eliminar permanentemente a sua conta.",
    "Are you sure you want to detach the selected resources?": "Are you sure you want to detach the selected resources?",
    "Are you sure you want to detach this resource?": "Are you sure you want to detach this resource?",
    "Are you sure you want to force delete the selected resources?": "Are you sure you want to force delete the selected resources?",
    "Are you sure you want to force delete this resource?": "Are you sure you want to force delete this resource?",
    "Are you sure you want to restore the selected resources?": "Are you sure you want to restore the selected resources?",
    "Are you sure you want to restore this resource?": "Are you sure you want to restore this resource?",
    "Are you sure you want to run this action?": "Are you sure you want to run this action?",
    "Are you sure you would like to delete this API token?": "Tem a certeza que pretende eliminar este API Token?",
    "Are you sure you would like to leave this team?": "Tem a certeza que pretende abandonar esta equipa?",
    "Are you sure you would like to remove this person from the team?": "Tem a certeza que pretende remover esta pessoa da equipa?",
    "Argentina": "Argentina",
    "Armenia": "Armenia",
    "Aruba": "Aruba",
    "Attach": "Attach",
    "Attach & Attach Another": "Attach & Attach Another",
    "Attach :resource": "Attach :resource",
    "August": "August",
    "Australia": "Australia",
    "Austria": "Austria",
    "Azerbaijan": "Azerbaijan",
    "Bahamas": "Bahamas",
    "Bahrain": "Bahrain",
    "Bangladesh": "Bangladesh",
    "Barbados": "Barbados",
    "Before proceeding, please check your email for a verification link.": "Antes de prosseguir, procure pelo link de verificação na sua caixa de correio.",
    "Belarus": "Belarus",
    "Belgium": "Belgium",
    "Belize": "Belize",
    "Benin": "Benin",
    "Bermuda": "Bermuda",
    "Bhutan": "Bhutan",
    "Bolivia": "Bolivia",
    "Bonaire, Sint Eustatius and Saba": "Bonaire, Sint Eustatius and Saba",
    "Bosnia And Herzegovina": "Bosnia and Herzegovina",
    "Botswana": "Botswana",
    "Bouvet Island": "Bouvet Island",
    "Brazil": "Brazil",
    "British Indian Ocean Territory": "British Indian Ocean Territory",
    "Browser Sessions": "Sessões em Browser",
    "Brunei Darussalam": "Brunei",
    "Bulgaria": "Bulgaria",
    "Burkina Faso": "Burkina Faso",
    "Burundi": "Burundi",
    "Cambodia": "Cambodia",
    "Cameroon": "Cameroon",
    "Canada": "Canada",
    "Cancel": "Cancel",
    "Cape Verde": "Cape Verde",
    "Card": "Card",
    "Cayman Islands": "Cayman Islands",
    "Central African Republic": "Central African Republic",
    "Chad": "Chad",
    "Changes": "Changes",
    "Chile": "Chile",
    "China": "China",
    "Choose": "Choose",
    "Choose :field": "Choose :field",
    "Choose :resource": "Choose :resource",
    "Choose an option": "Choose an option",
    "Choose date": "Choose date",
    "Choose File": "Choose File",
    "Choose Type": "Choose Type",
    "Christmas Island": "Christmas Island",
    "click here to request another": "clique aqui para pedir outro",
    "Click to choose": "Click to choose",
    "Close": "Fechar",
    "Cocos (Keeling) Islands": "Cocos (Keeling) Islands",
    "Code": "Código",
    "Colombia": "Colombia",
    "Comoros": "Comoros",
    "Confirm": "Confirmar",
    "Confirm Password": "Confirmar Palavra-passe",
    "Confirm Payment": "Confirm Payment",
    "Confirm your :amount payment": "Confirm your :amount payment",
    "Congo": "Congo",
    "Congo, Democratic Republic": "Congo, Democratic Republic",
    "Constant": "Constant",
    "Cook Islands": "Cook Islands",
    "Costa Rica": "Costa Rica",
    "Cote D'Ivoire": "Côte d'Ivoire",
    "could not be found.": "could not be found.",
    "Create": "Criar",
    "Create & Add Another": "Create & Add Another",
    "Create :resource": "Create :resource",
    "Create a new team to collaborate with others on projects.": "Crie uma nova equipa para colaborar com outras pessoas em projectos.",
    "Create Account": "Create Account",
    "Create API Token": "Criar um API Token",
    "Create New Team": "Criar uma Nova Equipa",
    "Create Team": "Criar Equipa",
    "Created.": "Criado.",
    "Croatia": "Croatia",
    "Cuba": "Cuba",
    "Curaçao": "Curaçao",
    "Current Password": "Palavra-Passe atual",
    "Customize": "Customize",
    "Cyprus": "Cyprus",
    "Czech Republic": "Czechia",
    "Dashboard": "Painel de Controlo",
    "December": "December",
    "Decrease": "Decrease",
    "Delete": "Eliminar",
    "Delete Account": "Eliminar Conta",
    "Delete API Token": "Eliminar API Token",
    "Delete File": "Delete File",
    "Delete Resource": "Delete Resource",
    "Delete Selected": "Delete Selected",
    "Delete Team": "Eliminar Equipa",
    "Denmark": "Denmark",
    "Detach": "Detach",
    "Detach Resource": "Detach Resource",
    "Detach Selected": "Detach Selected",
    "Details": "Details",
    "Disable": "Inativar",
    "Djibouti": "Djibouti",
    "Do you really want to leave? You have unsaved changes.": "Do you really want to leave? You have unsaved changes.",
    "Dominica": "Dominica",
    "Dominican Republic": "Dominican Republic",
    "Done.": "Feito.",
    "Download": "Download",
    "E-Mail Address": "Endereço de e-mail",
    "Ecuador": "Ecuador",
    "Edit": "Edit",
    "Edit :resource": "Edit :resource",
    "Edit Attached": "Edit Attached",
    "Editor": "Editor",
    "Editor users have the ability to read, create, and update.": "Utilizadores com privilégios de Editor podem ler, criar e atualizar.",
    "Egypt": "Egypt",
    "El Salvador": "El Salvador",
    "Email": "E-mail",
    "Email Address": "Email Address",
    "Email Password Reset Link": "E-mail para redefinir a palavra-passe",
    "Enable": "Ativar",
    "Ensure your account is using a long, random password to stay secure.": "Confirme que a sua conta está a utilizar uma palavra-passe longa e aleatória para manter a sua conta segura.",
    "Equatorial Guinea": "Equatorial Guinea",
    "Eritrea": "Eritrea",
    "Estonia": "Estonia",
    "Ethiopia": "Ethiopia",
    "Extra confirmation is needed to process your payment. Please confirm your payment by filling out your payment details below.": "Extra confirmation is needed to process your payment. Please confirm your payment by filling out your payment details below.",
    "Extra confirmation is needed to process your payment. Please continue to the payment page by clicking on the button below.": "Extra confirmation is needed to process your payment. Please continue to the payment page by clicking on the button below.",
    "Falkland Islands (Malvinas)": "Falkland Islands (Malvinas)",
    "Faroe Islands": "Faroe Islands",
    "February": "February",
    "Fiji": "Fiji",
    "Finland": "Finland",
    "For your security, please confirm your password to continue.": "Por razões de segurança, por favor confirme a sua palavra-passe antes de continuar .",
    "Forbidden": "Proibido",
    "Force Delete": "Force Delete",
    "Force Delete Resource": "Force Delete Resource",
    "Force Delete Selected": "Force Delete Selected",
    "Forgot Your Password?": "Esqueceu a Palavra-passe?",
    "Forgot your password?": "Esqueceu a Palavra-passe?",
    "Forgot your password? No problem. Just let us know your email address and we will email you a password reset link that will allow you to choose a new one.": "Esqueceu a palavra-passe? Não há problema. Indique-nos o seu e-mail e vamos enviar-lhe um link para redefinir a palavra-passe que lhe vai permitir escolher uma nova.",
    "France": "France",
    "French Guiana": "French Guiana",
    "French Polynesia": "French Polynesia",
    "French Southern Territories": "French Southern Territories",
    "Full name": "Full name",
    "Gabon": "Gabon",
    "Gambia": "Gambia",
    "Georgia": "Georgia",
    "Germany": "Germany",
    "Ghana": "Ghana",
    "Gibraltar": "Gibraltar",
    "Go back": "Go back",
    "Go Home": "Voltar ao início",
    "Go to page :page": "Ir para a página :page",
    "Great! You have accepted the invitation to join the :team team.": "Great! You have accepted the invitation to join the :team team.",
    "Greece": "Greece",
    "Greenland": "Greenland",
    "Grenada": "Grenada",
    "Guadeloupe": "Guadeloupe",
    "Guam": "Guam",
    "Guatemala": "Guatemala",
    "Guernsey": "Guernsey",
    "Guinea": "Guinea",
    "Guinea-Bissau": "Guinea-Bissau",
    "Guyana": "Guyana",
    "Haiti": "Haiti",
    "Heard Island & Mcdonald Islands": "Heard Island and McDonald Islands",
    "Hello!": "Olá!",
    "Hide Content": "Hide Content",
    "Hold Up!": "Hold Up!",
    "Holy See (Vatican City State)": "Vatican City",
    "Honduras": "Honduras",
    "Hong Kong": "Hong Kong",
    "Hungary": "Hungary",
    "I agree to the :terms_of_service and :privacy_policy": "I agree to the :terms_of_service and :privacy_policy",
    "Iceland": "Iceland",
    "ID": "ID",
    "If necessary, you may log out of all of your other browser sessions across all of your devices. Some of your recent sessions are listed below; however, this list may not be exhaustive. If you feel your account has been compromised, you should also update your password.": "If necessary, you may log out of all of your other browser sessions across all of your devices. Some of your recent sessions are listed below; however, this list may not be exhaustive. If you feel your account has been compromised, you should also update your password.",
    "If necessary, you may logout of all of your other browser sessions across all of your devices. Some of your recent sessions are listed below; however, this list may not be exhaustive. If you feel your account has been compromised, you should also update your password.": "Se necessário, pode terminar as sessões em browser em todos os dispositivos. Se achar que a sua conta foi comprometida, deve também atualizar a sua palavra-passe.",
    "If you already have an account, you may accept this invitation by clicking the button below:": "If you already have an account, you may accept this invitation by clicking the button below:",
    "If you did not create an account, no further action is required.": "Se não criou uma conta, ignore este e-mail.",
    "If you did not expect to receive an invitation to this team, you may discard this email.": "If you did not expect to receive an invitation to this team, you may discard this email.",
    "If you did not receive the email": "Se não recebeu o e-mail",
    "If you did not request a password reset, no further action is required.": "Se não pediu para redefinir a palavra-passe, ignore este e-mail.",
    "If you do not have an account, you may create one by clicking the button below. After creating an account, you may click the invitation acceptance button in this email to accept the team invitation:": "If you do not have an account, you may create one by clicking the button below. After creating an account, you may click the invitation acceptance button in this email to accept the team invitation:",
    "If you’re having trouble clicking the \":actionText\" button, copy and paste the URL below\ninto your web browser:": "Se não conseguir clicar no botão \":actionText\", copie e cole a URL abaixo\nno seu browser:",
    "Increase": "Increase",
    "India": "India",
    "Indonesia": "Indonesia",
    "Invalid signature.": "Assinatura inválida.",
    "Iran, Islamic Republic Of": "Iran",
    "Iraq": "Iraq",
    "Ireland": "Ireland",
    "Isle Of Man": "Isle of Man",
    "Israel": "Israel",
    "Italy": "Italy",
    "Jamaica": "Jamaica",
    "January": "January",
    "Japan": "Japan",
    "Jersey": "Jersey",
    "Jordan": "Jordan",
    "July": "July",
    "June": "June",
    "Kazakhstan": "Kazakhstan",
    "Kenya": "Kenya",
    "Key": "Key",
    "Kiribati": "Kiribati",
    "Korea": "South Korea",
    "Korea, Democratic People's Republic of": "North Korea",
    "Kosovo": "Kosovo",
    "Kuwait": "Kuwait",
    "Kyrgyzstan": "Kyrgyzstan",
    "Lao People's Democratic Republic": "Laos",
    "Last active": "Ativo pela última vez",
    "Last used": "Usado pela última vez",
    "Latvia": "Latvia",
    "Leave": "Sair",
    "Leave Team": "Sair da Equipa",
    "Lebanon": "Lebanon",
    "Lens": "Lens",
    "Lesotho": "Lesotho",
    "Liberia": "Liberia",
    "Libyan Arab Jamahiriya": "Libya",
    "Liechtenstein": "Liechtenstein",
    "Lithuania": "Lithuania",
    "Load :perPage More": "Load :perPage More",
    "Log in": "Log in",
    "Log out": "Log out",
    "Log Out": "Log Out",
    "Log Out Other Browser Sessions": "Log Out Other Browser Sessions",
    "Login": "Iniciar Sessão",
    "Logout": "Terminar Sessão",
    "Logout Other Browser Sessions": "Terminar as outras Sessões em Browsers",
    "Luxembourg": "Luxembourg",
    "Macao": "Macao",
    "Macedonia": "North Macedonia",
    "Madagascar": "Madagascar",
    "Malawi": "Malawi",
    "Malaysia": "Malaysia",
    "Maldives": "Maldives",
    "Mali": "Mali",
    "Malta": "Malta",
    "Manage Account": "Gerir Conta",
    "Manage and log out your active sessions on other browsers and devices.": "Manage and log out your active sessions on other browsers and devices.",
    "Manage and logout your active sessions on other browsers and devices.": "Gerir e terminar sessões activas noutros browsers ou dispositivos.",
    "Manage API Tokens": "Gerir API Tokens",
    "Manage Role": "Gerir Função",
    "Manage Team": "Gerir Equipa",
    "March": "March",
    "Marshall Islands": "Marshall Islands",
    "Martinique": "Martinique",
    "Mauritania": "Mauritania",
    "Mauritius": "Mauritius",
    "May": "May",
    "Mayotte": "Mayotte",
    "Mexico": "Mexico",
    "Micronesia, Federated States Of": "Micronesia",
    "Moldova": "Moldova",
    "Monaco": "Monaco",
    "Mongolia": "Mongolia",
    "Montenegro": "Montenegro",
    "Month To Date": "Month To Date",
    "Montserrat": "Montserrat",
    "Morocco": "Morocco",
    "Mozambique": "Mozambique",
    "Myanmar": "Myanmar",
    "Name": "Nome",
    "Namibia": "Namibia",
    "Nauru": "Nauru",
    "Nepal": "Nepal",
    "Netherlands": "Netherlands",
    "Nevermind": "Ignorar",
    "New": "New",
    "New :resource": "New :resource",
    "New Caledonia": "New Caledonia",
    "New Password": "Nova Palavra-passe",
    "New Zealand": "New Zealand",
    "Next": "Next",
    "Nicaragua": "Nicaragua",
    "Niger": "Niger",
    "Nigeria": "Nigeria",
    "Niue": "Niue",
    "No": "No",
    "No :resource matched the given criteria.": "No :resource matched the given criteria.",
    "No additional information...": "No additional information...",
    "No Current Data": "No Current Data",
    "No Data": "No Data",
    "no file selected": "no file selected",
    "No Increase": "No Increase",
    "No Prior Data": "No Prior Data",
    "No Results Found.": "No Results Found.",
    "Norfolk Island": "Norfolk Island",
    "Northern Mariana Islands": "Northern Mariana Islands",
    "Norway": "Norway",
    "Not Found": "Não encontrado",
    "Nova User": "Nova User",
    "November": "November",
    "October": "October",
    "of": "de",
    "Oh no": "Oh não",
    "Oman": "Oman",
    "Once a team is deleted, all of its resources and data will be permanently deleted. Before deleting this team, please download any data or information regarding this team that you wish to retain.": "Uma vez eliminada a equipa, todos os seus recursos e dados serão eliminados de forma permanente. Antes de eliminar esta equipa, por favor descarregue todos os dados ou informações relativos a esta equipa que deseje manter.",
    "Once your account is deleted, all of its resources and data will be permanently deleted. Before deleting your account, please download any data or information that you wish to retain.": "Uma vez eliminada a conta, todos os recursos e dados serão eliminados permanentemente. Antes de eliminar a conta, por favor descarregue quaisquer dados ou informações que deseje manter.",
    "Only Trashed": "Only Trashed",
    "Original": "Original",
    "Page Expired": "Página expirou",
    "Pagination Navigation": "Navegação em resultados paginados",
    "Pakistan": "Pakistan",
    "Palau": "Palau",
    "Palestinian Territory, Occupied": "Palestinian Territories",
    "Panama": "Panama",
    "Papua New Guinea": "Papua New Guinea",
    "Paraguay": "Paraguay",
    "Password": "Palavra-passe",
    "Pay :amount": "Pay :amount",
    "Payment Cancelled": "Payment Cancelled",
    "Payment Confirmation": "Payment Confirmation",
    "Payment Successful": "Payment Successful",
    "Pending Team Invitations": "Pending Team Invitations",
    "Per Page": "Per Page",
    "Permanently delete this team.": "Eliminar esta equipa permanentemente.",
    "Permanently delete your account.": "Eliminar a sua conta permanentemente.",
    "Permissions": "Permissões",
    "Peru": "Peru",
    "Philippines": "Philippines",
    "Photo": "Foto",
    "Pitcairn": "Pitcairn Islands",
    "Please click the button below to verify your email address.": "Por favor, clique no botão em baixo para verificar seu endereço de e-mail.",
    "Please confirm access to your account by entering one of your emergency recovery codes.": "Por favor confirme o acesso à sua conta inserindo um dos seus códigos de recuperação de emergência.",
    "Please confirm access to your account by entering the authentication code provided by your authenticator application.": "Por favor confirme o acesso à sua conta inserindo o código fornecido pela a sua aplicação de autenticação.",
    "Please confirm your password before continuing.": "Por favor, confirme sua palavra-passe antes de continuar.",
    "Please copy your new API token. For your security, it won't be shown again.": "Por favor copie o seu novo API Token. Por razões de segurança, não será mostrado novamente.",
    "Please enter your password to confirm you would like to log out of your other browser sessions across all of your devices.": "Please enter your password to confirm you would like to log out of your other browser sessions across all of your devices.",
    "Please enter your password to confirm you would like to logout of your other browser sessions across all of your devices.": "Por favor insira a sua palavra-passe para confirmar que pretende terminar as suas outras sessões em browser em todos os seus dispositivos.",
    "Please provide the email address of the person you would like to add to this team.": "Please provide the email address of the person you would like to add to this team.",
    "Please provide the email address of the person you would like to add to this team. The email address must be associated with an existing account.": "Por favor forneça o endereço de e-mail da pessoa que pretende adicionar a esta equipa. O endereço de e-mail deve estar associado a uma conta que já existe.",
    "Please provide your name.": "Please provide your name.",
    "Poland": "Poland",
    "Portugal": "Portugal",
    "Press \/ to search": "Press \/ to search",
    "Preview": "Preview",
    "Previous": "Previous",
    "Privacy Policy": "Privacy Policy",
    "Profile": "Perfil",
    "Profile Information": "Informação de Perfil",
    "Puerto Rico": "Puerto Rico",
    "Qatar": "Qatar",
    "Quarter To Date": "Quarter To Date",
    "Recovery Code": "Código de Recuperação",
    "Regards": "Atenciosamente",
    "Regenerate Recovery Codes": "Regenerar Códigos de Recuperação",
    "Register": "Registar",
    "Reload": "Reload",
    "Remember me": "Lembrar-me",
    "Remember Me": "Lembrar-me",
    "Remove": "Remover",
    "Remove Photo": "Remover Foto",
    "Remove Team Member": "Remover Membro de Equipa",
    "Resend Verification Email": "Reenviar E-mail de Verificação",
    "Reset Filters": "Reset Filters",
    "Reset Password": "Redefinir Palavra-passe",
    "Reset Password Notification": "Notificação para redefinir a Palavra-passe",
    "resource": "resource",
    "Resources": "Resources",
    "resources": "resources",
    "Restore": "Restore",
    "Restore Resource": "Restore Resource",
    "Restore Selected": "Restore Selected",
    "results": "resultados",
    "Reunion": "Réunion",
    "Role": "Função",
    "Romania": "Romania",
    "Run Action": "Run Action",
    "Russian Federation": "Russian Federation",
    "Rwanda": "Rwanda",
    "Saint Barthelemy": "St. Barthélemy",
    "Saint Helena": "St. Helena",
    "Saint Kitts And Nevis": "St. Kitts and Nevis",
    "Saint Lucia": "St. Lucia",
    "Saint Martin": "St. Martin",
    "Saint Pierre And Miquelon": "St. Pierre and Miquelon",
    "Saint Vincent And Grenadines": "St. Vincent and Grenadines",
    "Samoa": "Samoa",
    "San Marino": "San Marino",
    "Sao Tome And Principe": "São Tomé and Príncipe",
    "Saudi Arabia": "Saudi Arabia",
    "Save": "Guardar",
    "Saved.": "Guardado.",
    "Search": "Search",
    "Select A New Photo": "Selecionar uma nova Foto",
    "Select Action": "Select Action",
    "Select All": "Select All",
    "Select All Matching": "Select All Matching",
    "Send Password Reset Link": "Enviar link para redefinir a Palavra-passe",
    "Senegal": "Senegal",
    "September": "September",
    "Serbia": "Serbia",
    "Server Error": "Erro do servidor",
    "Service Unavailable": "Serviço indisponível",
    "Seychelles": "Seychelles",
    "Show All Fields": "Show All Fields",
    "Show Content": "Show Content",
    "Show Recovery Codes": "Mostrar Códigos de Recuperação",
    "Showing": "A mostrar",
    "Sierra Leone": "Sierra Leone",
    "Singapore": "Singapore",
    "Sint Maarten (Dutch part)": "Sint Maarten",
    "Slovakia": "Slovakia",
    "Slovenia": "Slovenia",
    "Solomon Islands": "Solomon Islands",
    "Somalia": "Somalia",
    "Something went wrong.": "Something went wrong.",
    "Sorry! You are not authorized to perform this action.": "Sorry! You are not authorized to perform this action.",
    "Sorry, your session has expired.": "Sorry, your session has expired.",
    "South Africa": "South Africa",
    "South Georgia And Sandwich Isl.": "South Georgia and South Sandwich Islands",
    "South Sudan": "South Sudan",
    "Spain": "Spain",
    "Sri Lanka": "Sri Lanka",
    "Start Polling": "Start Polling",
    "Stop Polling": "Stop Polling",
    "Store these recovery codes in a secure password manager. They can be used to recover access to your account if your two factor authentication device is lost.": "Guarde estes códigos de recuperação num gestor de palavras-passe seguro. Podem ser usados para recuperar o acesso à sua conta caso o dispositivo usado para autenticação de dois fatores seja perdido.",
    "Sudan": "Sudan",
    "Suriname": "Suriname",
    "Svalbard And Jan Mayen": "Svalbard and Jan Mayen",
    "Swaziland": "Eswatini",
    "Sweden": "Sweden",
    "Switch Teams": "Trocar de Equipa",
    "Switzerland": "Switzerland",
    "Syrian Arab Republic": "Syria",
    "Taiwan": "Taiwan",
    "Tajikistan": "Tajikistan",
    "Tanzania": "Tanzania",
    "Team Details": "Detalhes da Equipa",
    "Team Invitation": "Team Invitation",
    "Team Members": "Membros da Equipa",
    "Team Name": "Nome da Equipa",
    "Team Owner": "Proprietário da Equipa",
    "Team Settings": "Definições da Equipa",
    "Terms of Service": "Terms of Service",
    "Thailand": "Thailand",
    "Thanks for signing up! Before getting started, could you verify your email address by clicking on the link we just emailed to you? If you didn't receive the email, we will gladly send you another.": "Obrigado por se registar! Antes de começar, pode confirmar o seu endereço de email clicando no link presente no email que acabamos de lhe enviar? Se não recebeu o email, teremos todo o prazer em enviar-lhe outro.",
    "The :attribute must be a valid role.": "A :attribute deve ser uma função válida.",
    "The :attribute must be at least :length characters and contain at least one number.": "O campo :attribute deve ter pelo menos :length caracteres e conter pelo menos um número.",
    "The :attribute must be at least :length characters and contain at least one special character and one number.": "The :attribute must be at least :length characters and contain at least one special character and one number.",
    "The :attribute must be at least :length characters and contain at least one special character.": "O campo :attribute deve ter pelo menos :length caracteres e conter pelo menos um caractere especial.",
    "The :attribute must be at least :length characters and contain at least one uppercase character and one number.": "O campo :attribute deve ter pelo menos :length caracteres e conter pelo menos uma maiúscula e um número.",
    "The :attribute must be at least :length characters and contain at least one uppercase character and one special character.": "O campo :attribute deve ter pelo menos :length caracteres e conter pelo menos uma maiúscula e um caractere especial.",
    "The :attribute must be at least :length characters and contain at least one uppercase character, one number, and one special character.": "O campo :attribute deve ter pelo menos :length caracteres e conter pelo menos uma maiúscula, um número e um caractere especial.",
    "The :attribute must be at least :length characters and contain at least one uppercase character.": "O campo :attribute deve ter pelo menos :length caracteres e conter pelo menos uma maiúscula.",
    "The :attribute must be at least :length characters.": "O campo :attribute deve ter pelo menos :length caracteres.",
    "The :resource was created!": "The :resource was created!",
    "The :resource was deleted!": "The :resource was deleted!",
    "The :resource was restored!": "The :resource was restored!",
    "The :resource was updated!": "The :resource was updated!",
    "The action ran successfully!": "The action ran successfully!",
    "The file was deleted!": "The file was deleted!",
    "The government won't let us show you what's behind these doors": "The government won't let us show you what's behind these doors",
    "The HasOne relationship has already been filled.": "The HasOne relationship has already been filled.",
    "The payment was successful.": "The payment was successful.",
    "The provided password does not match your current password.": "A palavra-passe fornecida não corresponde à sua palavra-passe actual.",
    "The provided password was incorrect.": "A palavra-passe fornecida era incorreta.",
    "The provided two factor authentication code was invalid.": "O código fornecido para a autenticação de dois fatores é inválido.",
    "The resource was updated!": "The resource was updated!",
    "The team's name and owner information.": "Nome da equipa e do proprietário.",
    "There are no available options for this resource.": "There are no available options for this resource.",
    "There was a problem executing the action.": "There was a problem executing the action.",
    "There was a problem submitting the form.": "There was a problem submitting the form.",
    "These people have been invited to your team and have been sent an invitation email. They may join the team by accepting the email invitation.": "These people have been invited to your team and have been sent an invitation email. They may join the team by accepting the email invitation.",
    "This action is unauthorized.": "Esta ação não é autorizada.",
    "This device": "Este dispositivo",
    "This file field is read-only.": "This file field is read-only.",
    "This image": "This image",
    "This is a secure area of the application. Please confirm your password before continuing.": "This is a secure area of the application. Please confirm your password before continuing.",
    "This password does not match our records.": "Esta palavra-passe não tem correspondência nos nossos registos.",
    "This password reset link will expire in :count minutes.": "O Link para redefinir a palavra-passe vai expirar em :count minutos.",
    "This payment was already successfully confirmed.": "This payment was already successfully confirmed.",
    "This payment was cancelled.": "This payment was cancelled.",
    "This resource no longer exists": "This resource no longer exists",
    "This user already belongs to the team.": "Este utilizador já pertence à equipa.",
    "This user has already been invited to the team.": "This user has already been invited to the team.",
    "Timor-Leste": "Timor-Leste",
    "to": "até",
    "Today": "Today",
    "Toggle navigation": "Alternar navegação",
    "Togo": "Togo",
    "Tokelau": "Tokelau",
    "Token Name": "Nome do Token",
    "Tonga": "Tonga",
    "Too Many Attempts.": "Demasiadas tentativas.",
    "Too Many Requests": "Demasiados pedidos",
    "total": "total",
    "Trashed": "Trashed",
    "Trinidad And Tobago": "Trinidad and Tobago",
    "Tunisia": "Tunisia",
    "Turkey": "Turkey",
    "Turkmenistan": "Turkmenistan",
    "Turks And Caicos Islands": "Turks and Caicos Islands",
    "Tuvalu": "Tuvalu",
    "Two Factor Authentication": "Autenticação de dois fatores",
    "Two factor authentication is now enabled. Scan the following QR code using your phone's authenticator application.": "A autenticação de dois fatores está ativa. Digitalize o seguinte QR code utilizando a aplicação de autenticação do seu telefone.",
    "Uganda": "Uganda",
    "Ukraine": "Ukraine",
    "Unauthorized": "Não autorizado",
    "United Arab Emirates": "United Arab Emirates",
    "United Kingdom": "United Kingdom",
    "United States": "United States",
    "United States Outlying Islands": "U.S. Outlying Islands",
    "Update": "Update",
    "Update & Continue Editing": "Update & Continue Editing",
    "Update :resource": "Update :resource",
    "Update :resource: :title": "Update :resource: :title",
    "Update attached :resource: :title": "Update attached :resource: :title",
    "Update Password": "Atualizar palavra-passe",
    "Update your account's profile information and email address.": "Atualize a informação de perfil e mail da sua conta.",
    "Uruguay": "Uruguay",
    "Use a recovery code": "Utilize um código de recuperação",
    "Use an authentication code": "Utilize um código de autenticação",
    "Uzbekistan": "Uzbekistan",
    "Value": "Value",
    "Vanuatu": "Vanuatu",
    "Venezuela": "Venezuela",
    "Verify Email Address": "Verifique o endereço de e-mail",
    "Verify Your Email Address": "Verifique seu endereço de e-mail",
    "Viet Nam": "Vietnam",
    "View": "View",
    "Virgin Islands, British": "British Virgin Islands",
    "Virgin Islands, U.S.": "U.S. Virgin Islands",
    "Wallis And Futuna": "Wallis and Futuna",
    "We were unable to find a registered user with this email address.": "Não conseguimos encontrar um utilizador registado com este endereço de e-mail.",
    "We won't ask for your password again for a few hours.": "Não vamos pedir a sua palavra-passe novamente por algumas horas.",
    "We're lost in space. The page you were trying to view does not exist.": "We're lost in space. The page you were trying to view does not exist.",
    "Welcome Back!": "Welcome Back!",
    "Western Sahara": "Western Sahara",
    "When two factor authentication is enabled, you will be prompted for a secure, random token during authentication. You may retrieve this token from your phone's Google Authenticator application.": "Quando a autenticação de dois fatores está ativa, será pedido um token seguro e aleatório durante a autenticação. Pode obter este token a partir da aplicação Google Authenticator no seu telefone",
    "Whoops": "Whoops",
    "Whoops!": "Ops!",
    "Whoops! Something went wrong.": "Ops! Alguma coisa correu mal.",
    "With Trashed": "With Trashed",
    "Write": "Write",
    "Year To Date": "Year To Date",
    "Yemen": "Yemen",
    "Yes": "Yes",
    "You are logged in!": "A sessão foi iniciada!",
    "You are receiving this email because we received a password reset request for your account.": "Recebeu esse e-mail porque foi solicitada a redefinição da palavra-passe da sua conta.",
    "You have been invited to join the :team team!": "You have been invited to join the :team team!",
    "You have enabled two factor authentication.": "Ativou a autenticação de dois fatores.",
    "You have not enabled two factor authentication.": "Não ativou a autenticação de dois fatores.",
    "You may delete any of your existing tokens if they are no longer needed.": "Pode eliminar qualquer um dos tokens existentes caso já não sejam necessários.",
    "You may not delete your personal team.": "Não pode eliminar a sua equipa pessoal.",
    "You may not leave a team that you created.": "Não pode abandonar a equipa que criou.",
    "Your email address is not verified.": "Seu endereço de e-mail não está verificado.",
    "Zambia": "Zambia",
    "Zimbabwe": "Zimbabwe"
}
