{
    "30 Days": "30 dias",
    "60 Days": "60 dias",
    "90 Days": "90 dias",
    ":amount Total": ":amount Total",
    ":resource Details": ":resource Details",
    ":resource Details: :title": ":resource Details: :title",
    "A fresh verification link has been sent to your email address.": "Um novo link de verificação foi enviado para seu endereço de e-mail.",
    "A new verification link has been sent to the email address you provided during registration.": "Um novo link de verificação foi enviado para o endereço de e-mail que você forneceu durante o processo de cadastro.",
    "Accept Invitation": "Aceitar convite",
    "Action": "Ação",
    "Action Happened At": "Happened At",
    "Action Initiated By": "Ação iniciada por",
    "Action Name": "Nome da ação",
    "Action Status": "Status da ação",
    "Action Target": "Target",
    "Actions": "Ações",
    "Add": "Adicionar",
    "Add a new team member to your team, allowing them to collaborate with you.": "Adicionar um novo membro no seu time, permitindo que ele colabore com você.",
    "Add additional security to your account using two factor authentication.": "Adicione mais segurança à sua conta usando autenticação em dois fatores.",
    "Add row": "Adicionar linha",
    "Add Team Member": "Adicionar membro a equipe",
    "Added.": "Adicionado.",
    "Administrator": "Administrador",
    "Administrator users can perform any action.": "Usuários com privilégios de Administrador podem executar qualquer acão.",
    "Afghanistan": "Afeganistão",
    "Aland Islands": "Åland Islands",
    "Albania": "Albania",
    "Algeria": "Algeria",
    "All of the people that are part of this team.": "Todas pessoas que fazem parte dessa equipe.",
    "All resources loaded.": "All resources loaded.",
    "All rights reserved.": "Todos os direitos reservados.",
    "Already registered?": "Já registrado?",
    "American Samoa": "American Samoa",
    "An error occured while uploading the file.": "Um erro ocorreu ao subir o arquivo.",
    "Andorra": "Andorra",
    "Angola": "Angola",
    "Anguilla": "Anguilla",
    "Another user has updated this resource since this page was loaded. Please refresh the page and try again.": "Another user has updated this resource since this page was loaded. Please refresh the page and try again.",
    "Antarctica": "Antártica",
    "Antigua And Barbuda": "Antigua and Barbuda",
    "API Token": "Token da API",
    "API Token Permissions": "Permissões do Token da API",
    "API Tokens": "Tokens da API",
    "API tokens allow third-party services to authenticate with our application on your behalf.": "Tokens da API permitem que serviços de terceiros se autentiquem em nossa aplicação em seu nome.",
    "April": "Abril",
    "Are you sure you want to delete the selected resources?": "Você tem certeza que deseja apagar os recursos selecionados?",
    "Are you sure you want to delete this file?": "Você tem certeza que deseja apagar este arquivo?",
    "Are you sure you want to delete this resource?": "Você tem certeza que deseja apagar este recurso?",
    "Are you sure you want to delete this team? Once a team is deleted, all of its resources and data will be permanently deleted.": "Tem certeza que quer excluir esta equipe? Uma vez excluído, todos os dados e recursos relativos a ela serão excluídos permanentemente.",
    "Are you sure you want to delete your account? Once your account is deleted, all of its resources and data will be permanently deleted. Please enter your password to confirm you would like to permanently delete your account.": "Tem certeza que quer excluir a sua conta? Uma vez excluída, todos os dados e recursos relativos a ela serão permanentemente excluídos. Por favor informe a sua senha para confirmar que você deseja excluir permanentemente a sua conta.",
    "Are you sure you want to detach the selected resources?": "Você tem certeza que deseja liberar os recursos selecionados?",
    "Are you sure you want to detach this resource?": "Você tem certeza que deseja liberar esse recurso?",
    "Are you sure you want to force delete the selected resources?": "Vocẽ tem certeza que deseja forçar a exclusão dos recursos selecionados?",
    "Are you sure you want to force delete this resource?": "Você tem certeza que deseja forçar a exclusão deste recurso?",
    "Are you sure you want to restore the selected resources?": "Você tem certeza que deseja restaurar os recursos selecionados?",
    "Are you sure you want to restore this resource?": "Você tem certeza que deseja restaurar esse recurso?",
    "Are you sure you want to run this action?": "Você tem certeza que deseja executar essa ação?",
    "Are you sure you would like to delete this API token?": "Tem certeza de que deseja excluir este token da API?",
    "Are you sure you would like to leave this team?": "Tem certeza de que deseja sair desta equipe?",
    "Are you sure you would like to remove this person from the team?": "Tem certeza de que deseja remover esta pessoa da equipe?",
    "Argentina": "Argentina",
    "Armenia": "Armenia",
    "Aruba": "Aruba",
    "Attach": "Anexar",
    "Attach & Attach Another": "Anexar & Anexar outro",
    "Attach :resource": "Anexar :resource",
    "August": "Agosto",
    "Australia": "Austrália",
    "Austria": "Áustria",
    "Azerbaijan": "Azerbaijão",
    "Bahamas": "Bahamas",
    "Bahrain": "Bahrain",
    "Bangladesh": "Bangladesh",
    "Barbados": "Barbados",
    "Before proceeding, please check your email for a verification link.": "Antes de prosseguir, verifique seu e-mail em busca de um link de verificação.",
    "Belarus": "Belarus",
    "Belgium": "Bélgica",
    "Belize": "Belize",
    "Benin": "Benin",
    "Bermuda": "Bermuda",
    "Bhutan": "Bhutan",
    "Bolivia": "Bolívia",
    "Bonaire, Sint Eustatius and Saba": "Bonaire, Sint Eustatius and Saba",
    "Bosnia And Herzegovina": "Bosnia e Herzegovina",
    "Botswana": "Botswana",
    "Bouvet Island": "Bouvet Island",
    "Brazil": "Brasil",
    "British Indian Ocean Territory": "British Indian Ocean Territory",
    "Browser Sessions": "Sessões do navegador",
    "Brunei Darussalam": "Brunei",
    "Bulgaria": "Bulgária",
    "Burkina Faso": "Burkina Faso",
    "Burundi": "Burundi",
    "Cambodia": "Cambodia",
    "Cameroon": "Camarão",
    "Canada": "Canada",
    "Cancel": "Cancelar",
    "Cape Verde": "Cape Verde",
    "Card": "Cartão",
    "Cayman Islands": "Cayman Islands",
    "Central African Republic": "República da África Central",
    "Chad": "Chad",
    "Changes": "Alterações",
    "Chile": "Chile",
    "China": "China",
    "Choose": "Escolha",
    "Choose :field": "Escolha :field",
    "Choose :resource": "Escolha :resource",
    "Choose an option": "Escolha uma opção",
    "Choose date": "Escolha uma data",
    "Choose File": "Escolha o arquivo",
    "Choose Type": "Escolha o tipo",
    "Christmas Island": "Christmas Island",
    "click here to request another": "clique aqui para solicitar outro",
    "Click to choose": "Clique para escolher",
    "Close": "Fechar",
    "Cocos (Keeling) Islands": "Cocos (Keeling) Islands",
    "Code": "Código",
    "Colombia": "Colômbia",
    "Comoros": "Comoros",
    "Confirm": "Confirmar",
    "Confirm Password": "Confirmar senha",
    "Confirm Payment": "Confirmar pagamento",
    "Confirm your :amount payment": "Confirme seu pagamento de :amount",
    "Congo": "Congo",
    "Congo, Democratic Republic": "República Democrática do Congo",
    "Constant": "Constante",
    "Cook Islands": "Cook Islands",
    "Costa Rica": "Costa Rica",
    "Cote D'Ivoire": "Côte d'Ivoire",
    "could not be found.": "could not be found.",
    "Create": "Criar",
    "Create & Add Another": "Criar e adicionar",
    "Create :resource": "Criar :resource",
    "Create a new team to collaborate with others on projects.": "Crie uma equipe para colaborar com outros em projetos.",
    "Create Account": "Criar conta",
    "Create API Token": "Criar Token da API",
    "Create New Team": "Criar Novo Time",
    "Create Team": "Criar Time",
    "Created.": "Criado.",
    "Croatia": "Croatia",
    "Cuba": "Cuba",
    "Curaçao": "Curaçao",
    "Current Password": "Senha Atual",
    "Customize": "Customize",
    "Cyprus": "Cyprus",
    "Czech Republic": "Czechia",
    "Dashboard": "Painel",
    "December": "December",
    "Decrease": "Decrease",
    "Delete": "Excluir",
    "Delete Account": "Excluir Conta",
    "Delete API Token": "Excluir Token da API",
    "Delete File": "Delete File",
    "Delete Resource": "Delete Resource",
    "Delete Selected": "Delete Selected",
    "Delete Team": "Excluir Time",
    "Denmark": "Denmark",
    "Detach": "Detach",
    "Detach Resource": "Detach Resource",
    "Detach Selected": "Detach Selected",
    "Details": "Details",
    "Disable": "Desativar",
    "Djibouti": "Djibouti",
    "Do you really want to leave? You have unsaved changes.": "Do you really want to leave? You have unsaved changes.",
    "Dominica": "Dominica",
    "Dominican Republic": "Dominican Republic",
    "Done.": "Feito.",
    "Download": "Download",
    "E-Mail Address": "Endereço de e-mail",
    "Ecuador": "Ecuador",
    "Edit": "Edit",
    "Edit :resource": "Edit :resource",
    "Edit Attached": "Edit Attached",
    "Editor": "Editor",
    "Editor users have the ability to read, create, and update.": "Usuários com privilégios de Editor podem ler, criar e atualizar.",
    "Egypt": "Egypt",
    "El Salvador": "El Salvador",
    "Email": "E-mail",
    "Email Address": "Email Address",
    "Email Password Reset Link": "Link de redefinição de senha",
    "Enable": "Ativar",
    "Ensure your account is using a long, random password to stay secure.": "Garanta que sua conta esteja usando uma senha longa, e aleatória para se manter seguro.",
    "Equatorial Guinea": "Equatorial Guinea",
    "Eritrea": "Eritrea",
    "Estonia": "Estonia",
    "Ethiopia": "Ethiopia",
    "Extra confirmation is needed to process your payment. Please confirm your payment by filling out your payment details below.": "Extra confirmation is needed to process your payment. Please confirm your payment by filling out your payment details below.",
    "Extra confirmation is needed to process your payment. Please continue to the payment page by clicking on the button below.": "Extra confirmation is needed to process your payment. Please continue to the payment page by clicking on the button below.",
    "Falkland Islands (Malvinas)": "Falkland Islands (Malvinas)",
    "Faroe Islands": "Faroe Islands",
    "February": "February",
    "Fiji": "Fiji",
    "Finland": "Finland",
    "For your security, please confirm your password to continue.": "Para sua segurança, por favor confirme a sua senha antes de prosseguir.",
    "Forbidden": "Proibido",
    "Force Delete": "Force Delete",
    "Force Delete Resource": "Force Delete Resource",
    "Force Delete Selected": "Force Delete Selected",
    "Forgot Your Password?": "Esqueceu a Senha?",
    "Forgot your password?": "Esqueceu a senha?",
    "Forgot your password? No problem. Just let us know your email address and we will email you a password reset link that will allow you to choose a new one.": "Esqueceu sua senha? Sem problemas. É só nos informar o seu e-mail que nós enviaremos para você um link para redefinição de senha que irá permitir que você escolha uma nova senha.",
    "France": "France",
    "French Guiana": "French Guiana",
    "French Polynesia": "French Polynesia",
    "French Southern Territories": "French Southern Territories",
    "Full name": "Full name",
    "Gabon": "Gabon",
    "Gambia": "Gambia",
    "Georgia": "Georgia",
    "Germany": "Germany",
    "Ghana": "Ghana",
    "Gibraltar": "Gibraltar",
    "Go back": "Go back",
    "Go Home": "Ir para o início",
    "Go to page :page": "Ir para página :page",
    "Great! You have accepted the invitation to join the :team team.": "Great! You have accepted the invitation to join the :team team.",
    "Greece": "Greece",
    "Greenland": "Greenland",
    "Grenada": "Grenada",
    "Guadeloupe": "Guadeloupe",
    "Guam": "Guam",
    "Guatemala": "Guatemala",
    "Guernsey": "Guernsey",
    "Guinea": "Guinea",
    "Guinea-Bissau": "Guinea-Bissau",
    "Guyana": "Guyana",
    "Haiti": "Haiti",
    "Heard Island & Mcdonald Islands": "Heard Island and McDonald Islands",
    "Hello!": "Olá!",
    "Hide Content": "Hide Content",
    "Hold Up!": "Hold Up!",
    "Holy See (Vatican City State)": "Vatican City",
    "Honduras": "Honduras",
    "Hong Kong": "Hong Kong",
    "Hungary": "Hungary",
    "I agree to the :terms_of_service and :privacy_policy": "I agree to the :terms_of_service and :privacy_policy",
    "Iceland": "Iceland",
    "ID": "ID",
    "If necessary, you may log out of all of your other browser sessions across all of your devices. Some of your recent sessions are listed below; however, this list may not be exhaustive. If you feel your account has been compromised, you should also update your password.": "If necessary, you may log out of all of your other browser sessions across all of your devices. Some of your recent sessions are listed below; however, this list may not be exhaustive. If you feel your account has been compromised, you should also update your password.",
    "If necessary, you may logout of all of your other browser sessions across all of your devices. Some of your recent sessions are listed below; however, this list may not be exhaustive. If you feel your account has been compromised, you should also update your password.": "Se necessário, você pode sair de todas suas outras sessões de navegador em todos os seus dispositivos. Se você desconfiar que sua conta foi comprometida, você deve também atualizar a sua senha.",
    "If you already have an account, you may accept this invitation by clicking the button below:": "If you already have an account, you may accept this invitation by clicking the button below:",
    "If you did not create an account, no further action is required.": "Se você não criou uma conta, ignore este e-mail.",
    "If you did not expect to receive an invitation to this team, you may discard this email.": "If you did not expect to receive an invitation to this team, you may discard this email.",
    "If you did not receive the email": "Se você não recebeu o e-mail",
    "If you did not request a password reset, no further action is required.": "Se você não solicitou essa redefinição de senha, ignore este e-mail.",
    "If you do not have an account, you may create one by clicking the button below. After creating an account, you may click the invitation acceptance button in this email to accept the team invitation:": "If you do not have an account, you may create one by clicking the button below. After creating an account, you may click the invitation acceptance button in this email to accept the team invitation:",
    "If you’re having trouble clicking the \":actionText\" button, copy and paste the URL below\ninto your web browser:": "Se você estiver tendo problemas para clicar no botão \":actionText\", copie e cole a URL abaixo\nem seu navegador:",
    "Increase": "Increase",
    "India": "India",
    "Indonesia": "Indonesia",
    "Invalid signature.": "Assinatura inválida.",
    "Iran, Islamic Republic Of": "Iran",
    "Iraq": "Iraq",
    "Ireland": "Ireland",
    "Isle Of Man": "Isle of Man",
    "Israel": "Israel",
    "Italy": "Italy",
    "Jamaica": "Jamaica",
    "January": "January",
    "Japan": "Japan",
    "Jersey": "Jersey",
    "Jordan": "Jordan",
    "July": "July",
    "June": "June",
    "Kazakhstan": "Kazakhstan",
    "Kenya": "Kenya",
    "Key": "Key",
    "Kiribati": "Kiribati",
    "Korea": "South Korea",
    "Korea, Democratic People's Republic of": "North Korea",
    "Kosovo": "Kosovo",
    "Kuwait": "Kuwait",
    "Kyrgyzstan": "Kyrgyzstan",
    "Lao People's Democratic Republic": "Laos",
    "Last active": "Última atividade",
    "Last used": "Usado por último",
    "Latvia": "Latvia",
    "Leave": "Sair",
    "Leave Team": "Sair do Time",
    "Lebanon": "Lebanon",
    "Lens": "Lens",
    "Lesotho": "Lesotho",
    "Liberia": "Liberia",
    "Libyan Arab Jamahiriya": "Libya",
    "Liechtenstein": "Liechtenstein",
    "Lithuania": "Lithuania",
    "Load :perPage More": "Load :perPage More",
    "Log in": "Log in",
    "Log out": "Log out",
    "Log Out": "Log Out",
    "Log Out Other Browser Sessions": "Log Out Other Browser Sessions",
    "Login": "Entrar",
    "Logout": "Sair",
    "Logout Other Browser Sessions": "Desconectar outras sessões de navegador",
    "Luxembourg": "Luxembourg",
    "Macao": "Macao",
    "Macedonia": "North Macedonia",
    "Madagascar": "Madagascar",
    "Malawi": "Malawi",
    "Malaysia": "Malaysia",
    "Maldives": "Maldives",
    "Mali": "Mali",
    "Malta": "Malta",
    "Manage Account": "Gerenciar Conta",
    "Manage and log out your active sessions on other browsers and devices.": "Manage and log out your active sessions on other browsers and devices.",
    "Manage and logout your active sessions on other browsers and devices.": "Gerenciar e sair de suas sessões ativas em outros navegadores e dispositivos.",
    "Manage API Tokens": "Gerenciar Tokens de API",
    "Manage Role": "Gerenciar Papel",
    "Manage Team": "Gerenciar Time",
    "March": "March",
    "Marshall Islands": "Marshall Islands",
    "Martinique": "Martinique",
    "Mauritania": "Mauritania",
    "Mauritius": "Mauritius",
    "May": "May",
    "Mayotte": "Mayotte",
    "Mexico": "Mexico",
    "Micronesia, Federated States Of": "Micronesia",
    "Moldova": "Moldova",
    "Monaco": "Monaco",
    "Mongolia": "Mongolia",
    "Montenegro": "Montenegro",
    "Month To Date": "Month To Date",
    "Montserrat": "Montserrat",
    "Morocco": "Morocco",
    "Mozambique": "Mozambique",
    "Myanmar": "Myanmar",
    "Name": "Nome",
    "Namibia": "Namibia",
    "Nauru": "Nauru",
    "Nepal": "Nepal",
    "Netherlands": "Netherlands",
    "Nevermind": "Deixa pra lá",
    "New": "New",
    "New :resource": "New :resource",
    "New Caledonia": "New Caledonia",
    "New Password": "Nova Senha",
    "New Zealand": "New Zealand",
    "Next": "Next",
    "Nicaragua": "Nicaragua",
    "Niger": "Niger",
    "Nigeria": "Nigeria",
    "Niue": "Niue",
    "No": "No",
    "No :resource matched the given criteria.": "No :resource matched the given criteria.",
    "No additional information...": "No additional information...",
    "No Current Data": "No Current Data",
    "No Data": "No Data",
    "no file selected": "no file selected",
    "No Increase": "No Increase",
    "No Prior Data": "No Prior Data",
    "No Results Found.": "No Results Found.",
    "Norfolk Island": "Norfolk Island",
    "Northern Mariana Islands": "Northern Mariana Islands",
    "Norway": "Norway",
    "Not Found": "Não Encontrado",
    "Nova User": "Nova User",
    "November": "November",
    "October": "October",
    "of": "de",
    "Oh no": "Ah não",
    "Oman": "Oman",
    "Once a team is deleted, all of its resources and data will be permanently deleted. Before deleting this team, please download any data or information regarding this team that you wish to retain.": "Uma vez excluído, o time e todos os seus dados e recursos serão excluídos permanentemente. Antes de excluir este time, faça download de todos os dados e informações sobre este time que você deseje manter.",
    "Once your account is deleted, all of its resources and data will be permanently deleted. Before deleting your account, please download any data or information that you wish to retain.": "Uma vez que sua conta é excluída, todos os dados e recursos desta conta serão excluídos permanentemente. Antes de excluir a sua conta, faça download de todos os dados e informações que você deseje manter.",
    "Only Trashed": "Only Trashed",
    "Original": "Original",
    "Page Expired": "Página expirou",
    "Pagination Navigation": "Navegação da Paginação",
    "Pakistan": "Pakistan",
    "Palau": "Palau",
    "Palestinian Territory, Occupied": "Palestinian Territories",
    "Panama": "Panama",
    "Papua New Guinea": "Papua New Guinea",
    "Paraguay": "Paraguay",
    "Password": "Senha",
    "Pay :amount": "Pay :amount",
    "Payment Cancelled": "Payment Cancelled",
    "Payment Confirmation": "Payment Confirmation",
    "Payment Successful": "Payment Successful",
    "Pending Team Invitations": "Pending Team Invitations",
    "Per Page": "Per Page",
    "Permanently delete this team.": "Excluir este time permanentemente.",
    "Permanently delete your account.": "Excluir esta conta permanentemente.",
    "Permissions": "Permissões",
    "Peru": "Peru",
    "Philippines": "Philippines",
    "Photo": "Foto",
    "Pitcairn": "Pitcairn Islands",
    "Please click the button below to verify your email address.": "Por favor, clique no botão abaixo para verificar seu endereço de e-mail.",
    "Please confirm access to your account by entering one of your emergency recovery codes.": "Por favor confirme o acesso à sua conta inserindo um de seus códigos de recuperação de emergência.",
    "Please confirm access to your account by entering the authentication code provided by your authenticator application.": "Por favor confirme o acesso à sua conta informando um código de autenticação fornecido por seu aplicativo autenticador.",
    "Please confirm your password before continuing.": "Por favor, confirme sua senha antes de continuar.",
    "Please copy your new API token. For your security, it won't be shown again.": "Por favor copie seu novo token da API. Para sua segurança, ele não será mostrado novamente.",
    "Please enter your password to confirm you would like to log out of your other browser sessions across all of your devices.": "Please enter your password to confirm you would like to log out of your other browser sessions across all of your devices.",
    "Please enter your password to confirm you would like to logout of your other browser sessions across all of your devices.": "Por favor informe a sua senha para confirmar que você realmente deseja sair de todas sessões de outros navegadores em todos seus dispositivos.",
    "Please provide the email address of the person you would like to add to this team.": "Please provide the email address of the person you would like to add to this team.",
    "Please provide the email address of the person you would like to add to this team. The email address must be associated with an existing account.": "Por favor informe o e-mail da pessoa que você deseja adicionar a este time. Esse e-mail deve estar associado a uma conta existente.",
    "Please provide your name.": "Please provide your name.",
    "Poland": "Poland",
    "Portugal": "Portugal",
    "Press \/ to search": "Press \/ to search",
    "Preview": "Preview",
    "Previous": "Previous",
    "Privacy Policy": "Privacy Policy",
    "Profile": "Perfil",
    "Profile Information": "Informações do Perfil",
    "Puerto Rico": "Puerto Rico",
    "Qatar": "Qatar",
    "Quarter To Date": "Quarter To Date",
    "Recovery Code": "Código de Recuperação",
    "Regards": "Atenciosamente",
    "Regenerate Recovery Codes": "Gerar novamente os Códigos de Recuperação",
    "Register": "Registrar",
    "Reload": "Reload",
    "Remember me": "Lembre-se de mim",
    "Remember Me": "Lembre-se de mim",
    "Remove": "Remover",
    "Remove Photo": "Remover Foto",
    "Remove Team Member": "Remover Membro do Time",
    "Resend Verification Email": "Enviar novamente o e-mail de verificação",
    "Reset Filters": "Reset Filters",
    "Reset Password": "Redefinir senha",
    "Reset Password Notification": "Notificação de redefinição de senha",
    "resource": "resource",
    "Resources": "Resources",
    "resources": "resources",
    "Restore": "Restore",
    "Restore Resource": "Restore Resource",
    "Restore Selected": "Restore Selected",
    "results": "resultados",
    "Reunion": "Réunion",
    "Role": "Papel",
    "Romania": "Romania",
    "Run Action": "Run Action",
    "Russian Federation": "Russian Federation",
    "Rwanda": "Rwanda",
    "Saint Barthelemy": "St. Barthélemy",
    "Saint Helena": "St. Helena",
    "Saint Kitts And Nevis": "St. Kitts and Nevis",
    "Saint Lucia": "St. Lucia",
    "Saint Martin": "St. Martin",
    "Saint Pierre And Miquelon": "St. Pierre and Miquelon",
    "Saint Vincent And Grenadines": "St. Vincent and Grenadines",
    "Samoa": "Samoa",
    "San Marino": "San Marino",
    "Sao Tome And Principe": "São Tomé and Príncipe",
    "Saudi Arabia": "Saudi Arabia",
    "Save": "Salvar",
    "Saved.": "Salvo.",
    "Search": "Search",
    "Select A New Photo": "Selecione uma nova foto",
    "Select Action": "Select Action",
    "Select All": "Select All",
    "Select All Matching": "Select All Matching",
    "Send Password Reset Link": "Enviar link de redefinição de senha",
    "Senegal": "Senegal",
    "September": "September",
    "Serbia": "Serbia",
    "Server Error": "Erro do servidor",
    "Service Unavailable": "Serviço indisponível",
    "Seychelles": "Seychelles",
    "Show All Fields": "Show All Fields",
    "Show Content": "Show Content",
    "Show Recovery Codes": "Mostrar Códigos de Recuperação",
    "Showing": "Mostrando",
    "Sierra Leone": "Sierra Leone",
    "Singapore": "Singapore",
    "Sint Maarten (Dutch part)": "Sint Maarten",
    "Slovakia": "Slovakia",
    "Slovenia": "Slovenia",
    "Solomon Islands": "Solomon Islands",
    "Somalia": "Somalia",
    "Something went wrong.": "Something went wrong.",
    "Sorry! You are not authorized to perform this action.": "Sorry! You are not authorized to perform this action.",
    "Sorry, your session has expired.": "Sorry, your session has expired.",
    "South Africa": "South Africa",
    "South Georgia And Sandwich Isl.": "South Georgia and South Sandwich Islands",
    "South Sudan": "South Sudan",
    "Spain": "Spain",
    "Sri Lanka": "Sri Lanka",
    "Start Polling": "Start Polling",
    "Stop Polling": "Stop Polling",
    "Store these recovery codes in a secure password manager. They can be used to recover access to your account if your two factor authentication device is lost.": "Guarde estes códigos de recuperação em um gerenciador de senhas seguro. Eles podem ser usados para recuperar o acesso à sua conta se o dispositivo de autenticação em dois fatores for perdido.",
    "Sudan": "Sudan",
    "Suriname": "Suriname",
    "Svalbard And Jan Mayen": "Svalbard and Jan Mayen",
    "Swaziland": "Eswatini",
    "Sweden": "Sweden",
    "Switch Teams": "Mudar de Time",
    "Switzerland": "Switzerland",
    "Syrian Arab Republic": "Syria",
    "Taiwan": "Taiwan",
    "Tajikistan": "Tajikistan",
    "Tanzania": "Tanzania",
    "Team Details": "Detalhes do Time",
    "Team Invitation": "Team Invitation",
    "Team Members": "Membros do Time",
    "Team Name": "Nome do Time",
    "Team Owner": "Dono do Time",
    "Team Settings": "Configurações do Time",
    "Terms of Service": "Terms of Service",
    "Thailand": "Thailand",
    "Thanks for signing up! Before getting started, could you verify your email address by clicking on the link we just emailed to you? If you didn't receive the email, we will gladly send you another.": "Obrigado por se registar! Antes de começar, confirme o seu endereço de e-mail clicando no link presente no e-mail que acabamos de te enviar? Caso não tenha recebido o email, teremos o maior prazer em reenviar-lhe outro.",
    "The :attribute must be a valid role.": ":attribute deve ser um papel válido.",
    "The :attribute must be at least :length characters and contain at least one number.": "O campo :attribute deve possuir no mínimo :length caracteres e conter pelo menos um número.",
    "The :attribute must be at least :length characters and contain at least one special character and one number.": "The :attribute must be at least :length characters and contain at least one special character and one number.",
    "The :attribute must be at least :length characters and contain at least one special character.": "O campo :attribute deve possuir no mínimo :length caracteres e conter pelo menos um caractere especial.",
    "The :attribute must be at least :length characters and contain at least one uppercase character and one number.": "O campo :attribute deve possuir no mínimo :length caracteres e conter pelo menos uma letra maiúscula e um número.",
    "The :attribute must be at least :length characters and contain at least one uppercase character and one special character.": "O campo :attribute deve possuir no mínimo :length caracteres e conter pelo menos uma letra maiúscula e um caractere especial.",
    "The :attribute must be at least :length characters and contain at least one uppercase character, one number, and one special character.": "O campo :attribute deve possuir no mínimo :length caracteres e conter pelo menos uma letra maiúscula, um número, e um caractere especial.",
    "The :attribute must be at least :length characters and contain at least one uppercase character.": "O campo :attribute deve possuir no mínimo :length caracteres e conter pelo menos uma letra maiúscula.",
    "The :attribute must be at least :length characters.": "O campo :attribute deve possuir no mínimo :length caracteres.",
    "The :resource was created!": "The :resource was created!",
    "The :resource was deleted!": "The :resource was deleted!",
    "The :resource was restored!": "The :resource was restored!",
    "The :resource was updated!": "The :resource was updated!",
    "The action ran successfully!": "The action ran successfully!",
    "The file was deleted!": "The file was deleted!",
    "The government won't let us show you what's behind these doors": "The government won't let us show you what's behind these doors",
    "The HasOne relationship has already been filled.": "The HasOne relationship has already been filled.",
    "The payment was successful.": "The payment was successful.",
    "The provided password does not match your current password.": "A senha informada não corresponde à sua senha atual.",
    "The provided password was incorrect.": "A senha informada está incorreta.",
    "The provided two factor authentication code was invalid.": "O código de autenticação em dois fatores informado não é válido.",
    "The resource was updated!": "The resource was updated!",
    "The team's name and owner information.": "Nome do time e informações do dono.",
    "There are no available options for this resource.": "There are no available options for this resource.",
    "There was a problem executing the action.": "There was a problem executing the action.",
    "There was a problem submitting the form.": "There was a problem submitting the form.",
    "These people have been invited to your team and have been sent an invitation email. They may join the team by accepting the email invitation.": "These people have been invited to your team and have been sent an invitation email. They may join the team by accepting the email invitation.",
    "This action is unauthorized.": "Esta ação não é autorizada.",
    "This device": "Este dispositivo",
    "This file field is read-only.": "This file field is read-only.",
    "This image": "This image",
    "This is a secure area of the application. Please confirm your password before continuing.": "This is a secure area of the application. Please confirm your password before continuing.",
    "This password does not match our records.": "Esta senha não corresponde aos nossos registros.",
    "This password reset link will expire in :count minutes.": "O Link de redefinição de senha irá expirar em :count minutos.",
    "This payment was already successfully confirmed.": "This payment was already successfully confirmed.",
    "This payment was cancelled.": "This payment was cancelled.",
    "This resource no longer exists": "This resource no longer exists",
    "This user already belongs to the team.": "Este usuário já pertence a um time.",
    "This user has already been invited to the team.": "This user has already been invited to the team.",
    "Timor-Leste": "Timor-Leste",
    "to": "até",
    "Today": "Today",
    "Toggle navigation": "Alternar navegação",
    "Togo": "Togo",
    "Tokelau": "Tokelau",
    "Token Name": "Nome do Token",
    "Tonga": "Tonga",
    "Too Many Attempts.": "Muitas tentativas.",
    "Too Many Requests": "Muitas solicitações",
    "total": "total",
    "Trashed": "Trashed",
    "Trinidad And Tobago": "Trinidad and Tobago",
    "Tunisia": "Tunisia",
    "Turkey": "Turkey",
    "Turkmenistan": "Turkmenistan",
    "Turks And Caicos Islands": "Turks and Caicos Islands",
    "Tuvalu": "Tuvalu",
    "Two Factor Authentication": "Autenticação em dois fatores",
    "Two factor authentication is now enabled. Scan the following QR code using your phone's authenticator application.": "A autenticação em dois fatores está ativa agora. Escaneie o código QR a seguir com o aplicativo do autenticador em seu telefone.",
    "Uganda": "Uganda",
    "Ukraine": "Ukraine",
    "Unauthorized": "Não autorizado",
    "United Arab Emirates": "United Arab Emirates",
    "United Kingdom": "United Kingdom",
    "United States": "United States",
    "United States Outlying Islands": "U.S. Outlying Islands",
    "Update": "Update",
    "Update & Continue Editing": "Update & Continue Editing",
    "Update :resource": "Update :resource",
    "Update :resource: :title": "Update :resource: :title",
    "Update attached :resource: :title": "Update attached :resource: :title",
    "Update Password": "Atualizar senha",
    "Update your account's profile information and email address.": "Atualize as informações do seu perfil e endereço de e-mail.",
    "Uruguay": "Uruguay",
    "Use a recovery code": "Use um código de recuperação",
    "Use an authentication code": "Use um código de autenticação",
    "Uzbekistan": "Uzbekistan",
    "Value": "Value",
    "Vanuatu": "Vanuatu",
    "Venezuela": "Venezuela",
    "Verify Email Address": "Verifique o endereço de e-mail",
    "Verify Your Email Address": "Verifique seu endereço de e-mail",
    "Viet Nam": "Vietnam",
    "View": "View",
    "Virgin Islands, British": "British Virgin Islands",
    "Virgin Islands, U.S.": "U.S. Virgin Islands",
    "Wallis And Futuna": "Wallis and Futuna",
    "We were unable to find a registered user with this email address.": "Não pudemos encontrar um usuário com esse endereço de e-mail.",
    "We won't ask for your password again for a few hours.": "Não solicitaremos sua senha novamente por algumas horas.",
    "We're lost in space. The page you were trying to view does not exist.": "We're lost in space. The page you were trying to view does not exist.",
    "Welcome Back!": "Welcome Back!",
    "Western Sahara": "Western Sahara",
    "When two factor authentication is enabled, you will be prompted for a secure, random token during authentication. You may retrieve this token from your phone's Google Authenticator application.": "Quando a autenticação em dois fatores está ativa, um token seguro e aleatório será solicitado durante a autenticação. Você deve obter este token em seu aplicativo Google Authenticator em seu telefone.",
    "Whoops": "Whoops",
    "Whoops!": "Ops!",
    "Whoops! Something went wrong.": "Ops! Alguma coisa deu errado.",
    "With Trashed": "With Trashed",
    "Write": "Write",
    "Year To Date": "Year To Date",
    "Yemen": "Yemen",
    "Yes": "Yes",
    "You are logged in!": "Você já está logado!",
    "You are receiving this email because we received a password reset request for your account.": "Você recebeu esse e-mail porque foi solicitado uma redefinição de senha na sua conta.",
    "You have been invited to join the :team team!": "You have been invited to join the :team team!",
    "You have enabled two factor authentication.": "Você ativou a autenticação em dois fatores.",
    "You have not enabled two factor authentication.": "Você não ativou a autenticação em dois fatores.",
    "You may delete any of your existing tokens if they are no longer needed.": "Você pode excluir seus tokens existentes se eles não forem mais necessários.",
    "You may not delete your personal team.": "Você não pode excluir o seu time pessoal.",
    "You may not leave a team that you created.": "Você não pode sair de um time que você criou.",
    "Your email address is not verified.": "Seu endereço de e-mail não está verificado.",
    "Zambia": "Zambia",
    "Zimbabwe": "Zimbabwe"
}
