{
    "30 Days": "30 дней",
    "60 Days": "60 дней",
    "90 Days": "90 дней",
    ":amount Total": ":amount всего",
    ":resource Details": ":resource подробности",
    ":resource Details: :title": ":resource подробности: :title",
    "A fresh verification link has been sent to your email address.": "Новая ссылка для подтверждения была отправлена на Ваш email-адрес.",
    "A new verification link has been sent to the email address you provided during registration.": "Новая ссылка для подтверждения была отправлена на Ваш email-адрес, указанный при регистрации.",
    "Accept Invitation": "Принять приглашение",
    "Action": "Действие",
    "Action Happened At": "Произошло в",
    "Action Initiated By": "Инициировано",
    "Action Name": "Имя",
    "Action Status": "Статус",
    "Action Target": "Цель",
    "Actions": "Действия",
    "Add": "Добавить",
    "Add a new team member to your team, allowing them to collaborate with you.": "Добавьте нового члена в свою команду для совместной работы с ним.",
    "Add additional security to your account using two factor authentication.": "Защитите свой аккаунт используя двухфакторную аутентификацию.",
    "Add row": "Добавить строку",
    "Add Team Member": "Добавить члена команды",
    "Added.": "Добавлено.",
    "Administrator": "Администратор",
    "Administrator users can perform any action.": "Пользователи с правами администратора могут выполнять любые действия.",
    "Afghanistan": "Afghanistan",
    "Aland Islands": "Åland Islands",
    "Albania": "Albania",
    "Algeria": "Algeria",
    "All of the people that are part of this team.": "Все люди, являющиеся частью этой команды",
    "All resources loaded.": "Все ресурсы загружены.",
    "All rights reserved.": "Все права защищены.",
    "Already registered?": "Уже зарегистрированы?",
    "American Samoa": "American Samoa",
    "An error occured while uploading the file.": "Произошла ошибка при загрузке файла.",
    "Andorra": "Andorra",
    "Angola": "Angola",
    "Anguilla": "Anguilla",
    "Another user has updated this resource since this page was loaded. Please refresh the page and try again.": "Другой пользователь обновил этот ресурс, так как страница была загружена. Обновите страницу и попробуйте ещё раз.",
    "Antarctica": "Antarctica",
    "Antigua And Barbuda": "Antigua and Barbuda",
    "API Token": "API токен",
    "API Token Permissions": "Разрешения API токена",
    "API Tokens": "API токены",
    "API tokens allow third-party services to authenticate with our application on your behalf.": "API токены позволяют сторонним службам аутентифицироваться в приложении от Вашего имени.",
    "April": "Апрель",
    "Are you sure you want to delete the selected resources?": "Вы уверены, что хотите удалить выбранные ресурсы?",
    "Are you sure you want to delete this file?": "Вы уверены, что хотите удалить файл?",
    "Are you sure you want to delete this resource?": "Вы уверены, что хотите удалить ресурс?",
    "Are you sure you want to delete this team? Once a team is deleted, all of its resources and data will be permanently deleted.": "Вы уверены, что хотите удалить эту команду? После удаления команды все её ресурсы и данные будут удалены без возможности восстановления.",
    "Are you sure you want to delete your account? Once your account is deleted, all of its resources and data will be permanently deleted. Please enter your password to confirm you would like to permanently delete your account.": "Вы уверены, что хотите удалить свою учётную запись? После удаления Вашей учётной записи все её ресурсы и данные будут удалены без возможности восстановления. Пожалуйста, введите свой пароль для подтверждения удаления учётной записи.",
    "Are you sure you want to detach the selected resources?": "Вы уверены, что хотите отключить выбранные ресурсы?",
    "Are you sure you want to detach this resource?": "Вы уверены, что хотите отключить ресурс?",
    "Are you sure you want to force delete the selected resources?": "Вы уверены, что хотите навсегда удалить выбранные ресурсы?",
    "Are you sure you want to force delete this resource?": "Вы уверены, что хотите навсегда удалить ресурс?",
    "Are you sure you want to restore the selected resources?": "Вы уверены, что хотите восстановить выбранные ресурсы?",
    "Are you sure you want to restore this resource?": "Вы уверены, что хотите восстановить ресурс?",
    "Are you sure you want to run this action?": "Вы уверены, что хотите запустить это действие?",
    "Are you sure you would like to delete this API token?": "Вы уверены, что хотите удалить этот API токен?",
    "Are you sure you would like to leave this team?": "Вы уверены, что хотите покинуть эту команду?",
    "Are you sure you would like to remove this person from the team?": "Вы уверены, что хотите удалить этого члена команды?",
    "Argentina": "Argentina",
    "Armenia": "Armenia",
    "Aruba": "Aruba",
    "Attach": "Прикрепить",
    "Attach & Attach Another": "Прикрепить и прикрепить другое",
    "Attach :resource": "Прикрепить :resource",
    "August": "Август",
    "Australia": "Australia",
    "Austria": "Austria",
    "Azerbaijan": "Azerbaijan",
    "Bahamas": "Bahamas",
    "Bahrain": "Bahrain",
    "Bangladesh": "Bangladesh",
    "Barbados": "Barbados",
    "Before proceeding, please check your email for a verification link.": "Прежде чем продолжить, пожалуйста, проверьте ссылку подтверждения в своей электронной почте.",
    "Belarus": "Belarus",
    "Belgium": "Belgium",
    "Belize": "Belize",
    "Benin": "Benin",
    "Bermuda": "Bermuda",
    "Bhutan": "Bhutan",
    "Bolivia": "Bolivia",
    "Bonaire, Sint Eustatius and Saba": "Bonaire, Sint Eustatius and Saba",
    "Bosnia And Herzegovina": "Bosnia and Herzegovina",
    "Botswana": "Botswana",
    "Bouvet Island": "Bouvet Island",
    "Brazil": "Brazil",
    "British Indian Ocean Territory": "British Indian Ocean Territory",
    "Browser Sessions": "Сеансы",
    "Brunei Darussalam": "Brunei",
    "Bulgaria": "Bulgaria",
    "Burkina Faso": "Burkina Faso",
    "Burundi": "Burundi",
    "Cambodia": "Cambodia",
    "Cameroon": "Cameroon",
    "Canada": "Canada",
    "Cancel": "Отмена",
    "Cape Verde": "Cape Verde",
    "Card": "Карта",
    "Cayman Islands": "Cayman Islands",
    "Central African Republic": "Central African Republic",
    "Chad": "Chad",
    "Changes": "Изменения",
    "Chile": "Chile",
    "China": "China",
    "Choose": "Выберите",
    "Choose :field": "Выберите :field",
    "Choose :resource": "Выберите :resource",
    "Choose an option": "Выберите опцию",
    "Choose date": "Выберите дату",
    "Choose File": "Выберите файл",
    "Choose Type": "Выберите тип",
    "Christmas Island": "Christmas Island",
    "click here to request another": "нажмите здесь, чтобы запросить еще раз",
    "Click to choose": "Кликните для выбора",
    "Close": "Закрыть",
    "Cocos (Keeling) Islands": "Cocos (Keeling) Islands",
    "Code": "Код",
    "Colombia": "Colombia",
    "Comoros": "Comoros",
    "Confirm": "Подтвердить",
    "Confirm Password": "Подтверждение пароля",
    "Confirm Payment": "Подтвердить оплату",
    "Confirm your :amount payment": "Подтвердите платёж на сумму :amount",
    "Congo": "Congo",
    "Congo, Democratic Republic": "Congo, Democratic Republic",
    "Constant": "Константа",
    "Cook Islands": "Cook Islands",
    "Costa Rica": "Costa Rica",
    "Cote D'Ivoire": "Côte d'Ivoire",
    "could not be found.": "не может быть найдено.",
    "Create": "Создать",
    "Create & Add Another": "Создать и добавить другое",
    "Create :resource": "Создать :resource",
    "Create a new team to collaborate with others on projects.": "Создайте новую команду для совместной работы над проектами.",
    "Create Account": "Создать аккаунт",
    "Create API Token": "Создать API токен",
    "Create New Team": "Создать команду",
    "Create Team": "Создать команду",
    "Created.": "Создано.",
    "Croatia": "Croatia",
    "Cuba": "Cuba",
    "Curaçao": "Curaçao",
    "Current Password": "Текущий пароль",
    "Customize": "Настройка",
    "Cyprus": "Cyprus",
    "Czech Republic": "Czechia",
    "Dashboard": "Главная",
    "December": "Декабрь",
    "Decrease": "Снижение",
    "Delete": "Удалить",
    "Delete Account": "Удалить аккаунт",
    "Delete API Token": "Удалить API токен",
    "Delete File": "Удалить файл",
    "Delete Resource": "Удалить ресурс",
    "Delete Selected": "Удалить выбранные",
    "Delete Team": "Удалить команду",
    "Denmark": "Denmark",
    "Detach": "Открепить",
    "Detach Resource": "Открепить ресурс",
    "Detach Selected": "Открепить выбранные",
    "Details": "Подробности",
    "Disable": "Отключить",
    "Djibouti": "Djibouti",
    "Do you really want to leave? You have unsaved changes.": "Вы действительно хотите уйти? У Вас есть несохранённые изменения.",
    "Dominica": "Dominica",
    "Dominican Republic": "Dominican Republic",
    "Done.": "Успешно.",
    "Download": "Скачать",
    "E-Mail Address": "E-Mail адрес",
    "Ecuador": "Ecuador",
    "Edit": "Редактировать",
    "Edit :resource": "Редактировать :resource",
    "Edit Attached": "Редактировать прикреплённые",
    "Editor": "Редактор",
    "Editor users have the ability to read, create, and update.": "Пользователи с правами редактора могут читать, создавать и обновлять.",
    "Egypt": "Egypt",
    "El Salvador": "El Salvador",
    "Email": "E-Mail адрес",
    "Email Address": "Email",
    "Email Password Reset Link": "Ссылка для сброса пароля",
    "Enable": "Включить",
    "Ensure your account is using a long, random password to stay secure.": "В целях безопасности убедитесь, что Вы используете длинный рандомный пароль.",
    "Equatorial Guinea": "Equatorial Guinea",
    "Eritrea": "Eritrea",
    "Estonia": "Estonia",
    "Ethiopia": "Ethiopia",
    "Extra confirmation is needed to process your payment. Please confirm your payment by filling out your payment details below.": "Необходимо дополнительное подтверждение для обработки Вашего платежа. Пожалуйста, подтвердите Ваш платёж, заполнив платежные реквизиты.",
    "Extra confirmation is needed to process your payment. Please continue to the payment page by clicking on the button below.": "Необходимо дополнительное подтверждение для обработки Вашего платежа. Пожалуйста, перейдите на страницу оплаты, нажав кнопку ниже.",
    "Falkland Islands (Malvinas)": "Falkland Islands (Malvinas)",
    "Faroe Islands": "Faroe Islands",
    "February": "Февраль",
    "Fiji": "Fiji",
    "Finland": "Finland",
    "For your security, please confirm your password to continue.": "Для продолжения подтвердите пароль для Вашей безопасности.",
    "Forbidden": "Запрещено",
    "Force Delete": "Принудительно удалить",
    "Force Delete Resource": "Принудительно удалить ресурс",
    "Force Delete Selected": "Принудительно удалить выбранное",
    "Forgot Your Password?": "Забыли пароль?",
    "Forgot your password?": "Забыли пароль?",
    "Forgot your password? No problem. Just let us know your email address and we will email you a password reset link that will allow you to choose a new one.": "Забыли пароль? Нет проблем. Просто сообщите Ваш email-адрес и мы пришлём Вам ссылку для сброса пароля.",
    "France": "France",
    "French Guiana": "French Guiana",
    "French Polynesia": "French Polynesia",
    "French Southern Territories": "French Southern Territories",
    "Full name": "ФИО",
    "Gabon": "Gabon",
    "Gambia": "Gambia",
    "Georgia": "Georgia",
    "Germany": "Germany",
    "Ghana": "Ghana",
    "Gibraltar": "Gibraltar",
    "Go back": "Назад",
    "Go Home": "Домой",
    "Go to page :page": "Перейти к :page-й странице",
    "Great! You have accepted the invitation to join the :team team.": "Отлично! Вы приняли приглашение присоединиться к команде :team.",
    "Greece": "Greece",
    "Greenland": "Greenland",
    "Grenada": "Grenada",
    "Guadeloupe": "Guadeloupe",
    "Guam": "Guam",
    "Guatemala": "Guatemala",
    "Guernsey": "Guernsey",
    "Guinea": "Guinea",
    "Guinea-Bissau": "Guinea-Bissau",
    "Guyana": "Guyana",
    "Haiti": "Haiti",
    "Heard Island & Mcdonald Islands": "Heard Island and McDonald Islands",
    "Hello!": "Здравствуйте!",
    "Hide Content": "Скрыть контент",
    "Hold Up!": "Задержать!",
    "Holy See (Vatican City State)": "Vatican City",
    "Honduras": "Honduras",
    "Hong Kong": "Hong Kong",
    "Hungary": "Hungary",
    "I agree to the :terms_of_service and :privacy_policy": "Я соглашаюсь с :terms_of_service и :privacy_policy",
    "Iceland": "Iceland",
    "ID": "ID",
    "If necessary, you may log out of all of your other browser sessions across all of your devices. Some of your recent sessions are listed below; however, this list may not be exhaustive. If you feel your account has been compromised, you should also update your password.": "При необходимости, Вы можете выйти из всех других сеансов на всех Ваших устройствах. Некоторые из Ваших сеансов перечислены ниже, однако, этот список может быть не полным. Если Вы считаете, что Ваша учётная запись была взломана, Вам также следует обновить свой пароль.",
    "If necessary, you may logout of all of your other browser sessions across all of your devices. Some of your recent sessions are listed below; however, this list may not be exhaustive. If you feel your account has been compromised, you should also update your password.": "При необходимости Вы можете выйти из всех сеансов браузера на всех устройствах. Некоторые из Ваших недавних сеансов перечислены ниже, однако, этот список не полный. Если Вы считаете, что Ваша учётная запись была взломана, Вам также необходимо обновить свой пароль.",
    "If you already have an account, you may accept this invitation by clicking the button below:": "Если у Вас уже есть учётная запись, Вы можете принять это приглашение, нажав на кнопку:",
    "If you did not create an account, no further action is required.": "Если Вы не создавали учетную запись, никаких дополнительных действий не требуется.",
    "If you did not expect to receive an invitation to this team, you may discard this email.": "Если Вы не желаете войти в состав этой команды, Вы можете проигнорировать это письмо.",
    "If you did not receive the email": "Если Вы не получили письмо",
    "If you did not request a password reset, no further action is required.": "Если Вы не запрашивали сброс пароля, то дополнительных действий не требуется.",
    "If you do not have an account, you may create one by clicking the button below. After creating an account, you may click the invitation acceptance button in this email to accept the team invitation:": "Если у Вас нет учётной записи, Вы можете создать её, нажав на кнопку ниже. После создания учётной записи, Вы можете нажать кнопку принятия приглашения в этом письме, чтобы принять его:",
    "If you’re having trouble clicking the \":actionText\" button, copy and paste the URL below\ninto your web browser:": "Если у Вас возникли проблемы с кликом по кнопке \":actionText\", скопируйте и вставьте адрес\nв адресную строку браузера:",
    "Increase": "Увеличить",
    "India": "India",
    "Indonesia": "Indonesia",
    "Invalid signature.": "Неверная подпись.",
    "Iran, Islamic Republic Of": "Iran",
    "Iraq": "Iraq",
    "Ireland": "Ireland",
    "Isle Of Man": "Isle of Man",
    "Israel": "Israel",
    "Italy": "Italy",
    "Jamaica": "Jamaica",
    "January": "Январь",
    "Japan": "Japan",
    "Jersey": "Jersey",
    "Jordan": "Jordan",
    "July": "Июль",
    "June": "Июнь",
    "Kazakhstan": "Kazakhstan",
    "Kenya": "Kenya",
    "Key": "Ключ",
    "Kiribati": "Kiribati",
    "Korea": "South Korea",
    "Korea, Democratic People's Republic of": "North Korea",
    "Kosovo": "Kosovo",
    "Kuwait": "Kuwait",
    "Kyrgyzstan": "Kyrgyzstan",
    "Lao People's Democratic Republic": "Laos",
    "Last active": "Последняя активность",
    "Last used": "Последнее использование",
    "Latvia": "Latvia",
    "Leave": "Покинуть",
    "Leave Team": "Покинуть команду",
    "Lebanon": "Lebanon",
    "Lens": "Lens",
    "Lesotho": "Lesotho",
    "Liberia": "Liberia",
    "Libyan Arab Jamahiriya": "Libya",
    "Liechtenstein": "Liechtenstein",
    "Lithuania": "Lithuania",
    "Load :perPage More": "Загрузить ещё :perPage",
    "Log in": "Войти",
    "Log out": "Выйти",
    "Log Out": "Выйти",
    "Log Out Other Browser Sessions": "Завершить другие сессии",
    "Login": "Войти",
    "Logout": "Выйти",
    "Logout Other Browser Sessions": "Завершить все сеансы, кроме текущего",
    "Luxembourg": "Luxembourg",
    "Macao": "Macao",
    "Macedonia": "North Macedonia",
    "Madagascar": "Madagascar",
    "Malawi": "Malawi",
    "Malaysia": "Malaysia",
    "Maldives": "Maldives",
    "Mali": "Mali",
    "Malta": "Malta",
    "Manage Account": "Управление аккаунтом",
    "Manage and log out your active sessions on other browsers and devices.": "Управление активными сеансами на других устройствах.",
    "Manage and logout your active sessions on other browsers and devices.": "Управляйте активными сеансами и выходите из них в других браузерах и устройствах.",
    "Manage API Tokens": "Управление API токенами",
    "Manage Role": "Управление ролью",
    "Manage Team": "Управление командой",
    "March": "Март",
    "Marshall Islands": "Marshall Islands",
    "Martinique": "Martinique",
    "Mauritania": "Mauritania",
    "Mauritius": "Mauritius",
    "May": "Май",
    "Mayotte": "Mayotte",
    "Mexico": "Mexico",
    "Micronesia, Federated States Of": "Micronesia",
    "Moldova": "Moldova",
    "Monaco": "Monaco",
    "Mongolia": "Mongolia",
    "Montenegro": "Montenegro",
    "Month To Date": "С начала месяца по дату",
    "Montserrat": "Montserrat",
    "Morocco": "Morocco",
    "Mozambique": "Mozambique",
    "Myanmar": "Myanmar",
    "Name": "Имя",
    "Namibia": "Namibia",
    "Nauru": "Nauru",
    "Nepal": "Nepal",
    "Netherlands": "Netherlands",
    "Nevermind": "Не требуется",
    "New": "Новый",
    "New :resource": "Новый :resource",
    "New Caledonia": "New Caledonia",
    "New Password": "Новый пароль",
    "New Zealand": "New Zealand",
    "Next": "Следующий",
    "Nicaragua": "Nicaragua",
    "Niger": "Niger",
    "Nigeria": "Nigeria",
    "Niue": "Niue",
    "No": "Нет",
    "No :resource matched the given criteria.": "Нет :resource совпадающих с условиями.",
    "No additional information...": "Нет дополнительной информации...",
    "No Current Data": "Нет текущих данных",
    "No Data": "Нет данных",
    "no file selected": "нет выбранных файлов",
    "No Increase": "Не увеличено",
    "No Prior Data": "Нет приоритетных данных",
    "No Results Found.": "Результаты не найдены.",
    "Norfolk Island": "Norfolk Island",
    "Northern Mariana Islands": "Northern Mariana Islands",
    "Norway": "Norway",
    "Not Found": "Не найдено",
    "Nova User": "Пользователь Nova",
    "November": "Ноябрь",
    "October": "Октябрь",
    "of": "из",
    "Oh no": "О, нет",
    "Oman": "Oman",
    "Once a team is deleted, all of its resources and data will be permanently deleted. Before deleting this team, please download any data or information regarding this team that you wish to retain.": "После удаления команды все её ресурсы и данные будут удалены без возможности восстановления. Перед удалением скачайте данные и информацию о команде, которые хотите сохранить.",
    "Once your account is deleted, all of its resources and data will be permanently deleted. Before deleting your account, please download any data or information that you wish to retain.": "После удаления Вашей учётной записи все её ресурсы и данные будут удалены без возможности восстановления. Перед удалением учётной записи загрузите данные и информацию, которую хотите сохранить.",
    "Only Trashed": "Только удалённые",
    "Original": "Оригинал",
    "Page Expired": "Страница устарела",
    "Pagination Navigation": "Навигация",
    "Pakistan": "Pakistan",
    "Palau": "Palau",
    "Palestinian Territory, Occupied": "Palestinian Territories",
    "Panama": "Panama",
    "Papua New Guinea": "Papua New Guinea",
    "Paraguay": "Paraguay",
    "Password": "Пароль",
    "Pay :amount": "Оплатить :amount",
    "Payment Cancelled": "Платёж отменён",
    "Payment Confirmation": "Платёж подтверждён",
    "Payment Successful": "Платёж выполнен",
    "Pending Team Invitations": "Ожидающие приглашения в команду",
    "Per Page": "На страницу",
    "Permanently delete this team.": "Удалить эту команду навсегда.",
    "Permanently delete your account.": "Удалить свой аккаунт навсегда.",
    "Permissions": "Разрешения",
    "Peru": "Peru",
    "Philippines": "Philippines",
    "Photo": "Фото",
    "Pitcairn": "Pitcairn Islands",
    "Please click the button below to verify your email address.": "Пожалуйста, нажмите кнопку ниже, чтобы подтвердить свой адрес электронной почты.",
    "Please confirm access to your account by entering one of your emergency recovery codes.": "Подтвердите доступ к своей учётной записи, введя один из кодов аварийного восстановления.",
    "Please confirm access to your account by entering the authentication code provided by your authenticator application.": "Подтвердите доступ к своей учётной записи, введя код из Вашего приложения аутентификации.",
    "Please confirm your password before continuing.": "Пожалуйста, подтвердите Ваш пароль перед продолжением.",
    "Please copy your new API token. For your security, it won't be shown again.": "Скопируйте Ваш новый API токен. В целях безопасности он больше не будет отображаться.",
    "Please enter your password to confirm you would like to log out of your other browser sessions across all of your devices.": "Введите пароль для подтверждения выхода из других сеансов на всех ваших устройствах.",
    "Please enter your password to confirm you would like to logout of your other browser sessions across all of your devices.": "Для подтверждения выхода из других сеансов на всех устройствах, введите свой пароль для подтверждения.",
    "Please provide the email address of the person you would like to add to this team.": "Укажите электронный адрес человека, которого Вы хотите добавить в эту команду.",
    "Please provide the email address of the person you would like to add to this team. The email address must be associated with an existing account.": "Укажите email-адрес человека, которого Вы хотите добавить в эту команду. Email-адрес должен быть связан с существующим аккаунтом.",
    "Please provide your name.": "Пожалуйста, укажите Ваше имя.",
    "Poland": "Poland",
    "Portugal": "Portugal",
    "Press \/ to search": "Нажмите \"\/\" для поиска",
    "Preview": "Предпросмотр",
    "Previous": "Предыдущий",
    "Privacy Policy": "политикой конфиденциальности",
    "Profile": "Профиль",
    "Profile Information": "Информация профиля",
    "Puerto Rico": "Puerto Rico",
    "Qatar": "Qatar",
    "Quarter To Date": "Quarter To Date",
    "Recovery Code": "Код восстановления",
    "Regards": "С уважением",
    "Regenerate Recovery Codes": "Перегенерировать коды восстановления",
    "Register": "Регистрация",
    "Reload": "Перезагрузить",
    "Remember me": "Запомнить меня",
    "Remember Me": "Запомнить меня",
    "Remove": "Удалить",
    "Remove Photo": "Удалить фото",
    "Remove Team Member": "Удалить члена команды",
    "Resend Verification Email": "Выслать повторно письмо для подтверждения",
    "Reset Filters": "Сбросить фильтры",
    "Reset Password": "Сбросить пароль",
    "Reset Password Notification": "Уведомление сброса пароля",
    "resource": "ресурс",
    "Resources": "Ресурсы",
    "resources": "ресурсы",
    "Restore": "Восстановить",
    "Restore Resource": "Восстановить ресурс",
    "Restore Selected": "Восстановить выбранные",
    "results": "результатов",
    "Reunion": "Réunion",
    "Role": "Роль",
    "Romania": "Romania",
    "Run Action": "Выполнить действие",
    "Russian Federation": "Russian Federation",
    "Rwanda": "Rwanda",
    "Saint Barthelemy": "St. Barthélemy",
    "Saint Helena": "St. Helena",
    "Saint Kitts And Nevis": "St. Kitts and Nevis",
    "Saint Lucia": "St. Lucia",
    "Saint Martin": "St. Martin",
    "Saint Pierre And Miquelon": "St. Pierre and Miquelon",
    "Saint Vincent And Grenadines": "St. Vincent and Grenadines",
    "Samoa": "Samoa",
    "San Marino": "San Marino",
    "Sao Tome And Principe": "São Tomé and Príncipe",
    "Saudi Arabia": "Saudi Arabia",
    "Save": "Сохранить",
    "Saved.": "Сохранено.",
    "Search": "Поиск",
    "Select A New Photo": "Выбрать фото",
    "Select Action": "Выбрать действие",
    "Select All": "Выбрать все",
    "Select All Matching": "Выбрать все совпадающие",
    "Send Password Reset Link": "Отправить ссылку сброса пароля",
    "Senegal": "Senegal",
    "September": "Сентябрь",
    "Serbia": "Serbia",
    "Server Error": "Ошибка сервера",
    "Service Unavailable": "Сервис недоступен",
    "Seychelles": "Seychelles",
    "Show All Fields": "Показать все поля",
    "Show Content": "Показать контент",
    "Show Recovery Codes": "Показать коды восстановления",
    "Showing": "Показано с",
    "Sierra Leone": "Sierra Leone",
    "Singapore": "Singapore",
    "Sint Maarten (Dutch part)": "Sint Maarten",
    "Slovakia": "Slovakia",
    "Slovenia": "Slovenia",
    "Solomon Islands": "Solomon Islands",
    "Somalia": "Somalia",
    "Something went wrong.": "Что-то не так.",
    "Sorry! You are not authorized to perform this action.": "Извините, у Вас не хватает прав для выполнения этого действия.",
    "Sorry, your session has expired.": "Извините, Ваша сессия устарела.",
    "South Africa": "South Africa",
    "South Georgia And Sandwich Isl.": "South Georgia and South Sandwich Islands",
    "South Sudan": "South Sudan",
    "Spain": "Spain",
    "Sri Lanka": "Sri Lanka",
    "Start Polling": "Начать опрос",
    "Stop Polling": "Остановить опрос",
    "Store these recovery codes in a secure password manager. They can be used to recover access to your account if your two factor authentication device is lost.": "Храните эти коды восстановления в безопасном месте. Их можно использовать для восстановления доступа к Вашей учётной записи, если Ваше устройство с двухфакторной аутентификацией потеряно.",
    "Sudan": "Sudan",
    "Suriname": "Suriname",
    "Svalbard And Jan Mayen": "Svalbard and Jan Mayen",
    "Swaziland": "Eswatini",
    "Sweden": "Sweden",
    "Switch Teams": "Сменить команды",
    "Switzerland": "Switzerland",
    "Syrian Arab Republic": "Syria",
    "Taiwan": "Taiwan",
    "Tajikistan": "Tajikistan",
    "Tanzania": "Tanzania",
    "Team Details": "Детали команды",
    "Team Invitation": "Приглашение в команду",
    "Team Members": "Члены команды",
    "Team Name": "Название команды",
    "Team Owner": "Владелец команды",
    "Team Settings": "Настройки команды",
    "Terms of Service": "условиями обслуживания",
    "Thailand": "Thailand",
    "Thanks for signing up! Before getting started, could you verify your email address by clicking on the link we just emailed to you? If you didn't receive the email, we will gladly send you another.": "Спасибо за регистрацию! Прежде чем начать, не могли бы Вы подтвердить адрес своей электронной почты перейдя по ссылке, которую мы Вам отправили? Если Вы не получили письмо, мы с радостью отправим новое.",
    "The :attribute must be a valid role.": "Поле :attribute должно быть корректной ролью.",
    "The :attribute must be at least :length characters and contain at least one number.": "Поле :attribute должно быть не меньше :length символов и содержать как минимум одну цифру.",
    "The :attribute must be at least :length characters and contain at least one special character and one number.": "Поле :attribute должно быть не меньше :length символов, содержать как минимум один спецсимвол и одну цифру.",
    "The :attribute must be at least :length characters and contain at least one special character.": "Поле :attribute должно быть не меньше :length символов и содержать как минимум один спецсимвол.",
    "The :attribute must be at least :length characters and contain at least one uppercase character and one number.": "Поле :attribute должно быть не меньше :length символов и содержать как минимум один символ в верхнем регистре и одну цифру.",
    "The :attribute must be at least :length characters and contain at least one uppercase character and one special character.": "Поле :attribute должно быть не меньше :length символов и содержать как минимум один символ в верхнем регистре и один спецсимвол.",
    "The :attribute must be at least :length characters and contain at least one uppercase character, one number, and one special character.": "Поле :attribute должно быть не меньше :length символов и содержать как минимум один символ в верхнем регистре, одно число и один спецсимвол.",
    "The :attribute must be at least :length characters and contain at least one uppercase character.": "Поле :attribute должно быть не меньше :length символов и содержать как минимум один символ в верхнем регистре.",
    "The :attribute must be at least :length characters.": "Поле :attribute должно быть не меньше :length символов.",
    "The :resource was created!": "Ресурс :resource создан!",
    "The :resource was deleted!": "Ресурс :resource удалён!",
    "The :resource was restored!": "Ресурс :resource восстановлен!",
    "The :resource was updated!": "Ресурс :resource обновлён!",
    "The action ran successfully!": "Действие успешно запущено!",
    "The file was deleted!": "Файл удалён!",
    "The government won't let us show you what's behind these doors": "Правительство не позволяет нам показывать то, что прячется за этими дверями",
    "The HasOne relationship has already been filled.": "Релейшен hasOne уже заполнен.",
    "The payment was successful.": "Оплата прошла успешно.",
    "The provided password does not match your current password.": "Указанный пароль не соответствует Вашему текущему паролю.",
    "The provided password was incorrect.": "Неверный пароль.",
    "The provided two factor authentication code was invalid.": "Неверный код двухфакторной аутентификации.",
    "The resource was updated!": "Ресурс был обновлён!",
    "The team's name and owner information.": "Название команды и информация о её владельце.",
    "There are no available options for this resource.": "Нет доступных опций для этого ресурса.",
    "There was a problem executing the action.": "При выполнении действия возникла проблема.",
    "There was a problem submitting the form.": "При отправке формы возникла проблема.",
    "These people have been invited to your team and have been sent an invitation email. They may join the team by accepting the email invitation.": "Эти люди были приглашены в Вашу команду и получили электронное письмо с приглашением. Они могут присоединиться к команде, приняв приглашение.",
    "This action is unauthorized.": "Неавторизованное действие.",
    "This device": "Это устройство",
    "This file field is read-only.": "Поле файла доступно только для чтения.",
    "This image": "Это изображение",
    "This is a secure area of the application. Please confirm your password before continuing.": "Это защищённая область приложения. Пожалуйста, подтвердите Ваш пароль, прежде чем продолжить.",
    "This password does not match our records.": "Пароль не соответствует.",
    "This password reset link will expire in :count minutes.": "Срок действия ссылки для сброса пароля истекает через :count минут.",
    "This payment was already successfully confirmed.": "Платёж уже подтверждён.",
    "This payment was cancelled.": "Платёж был отменён.",
    "This resource no longer exists": "Ресурс больше не существует",
    "This user already belongs to the team.": "Пользователь уже входит в команду.",
    "This user has already been invited to the team.": "Этот пользователь уже был приглашён в команду.",
    "Timor-Leste": "Timor-Leste",
    "to": "по",
    "Today": "Сегодня",
    "Toggle navigation": "Переключить навигацию",
    "Togo": "Togo",
    "Tokelau": "Tokelau",
    "Token Name": "Имя токена",
    "Tonga": "Tonga",
    "Too Many Attempts.": "Слишком много попыток.",
    "Too Many Requests": "Слишком много запросов",
    "total": "всего",
    "Trashed": "Удалённые",
    "Trinidad And Tobago": "Trinidad and Tobago",
    "Tunisia": "Tunisia",
    "Turkey": "Turkey",
    "Turkmenistan": "Turkmenistan",
    "Turks And Caicos Islands": "Turks and Caicos Islands",
    "Tuvalu": "Tuvalu",
    "Two Factor Authentication": "Двухфакторная аутентификация",
    "Two factor authentication is now enabled. Scan the following QR code using your phone's authenticator application.": "Двухфакторная аутентификация включена. Сканируйте QR-код с помощью приложения проверки аутентификации на Вашем телефоне.",
    "Uganda": "Uganda",
    "Ukraine": "Ukraine",
    "Unauthorized": "Не авторизован",
    "United Arab Emirates": "United Arab Emirates",
    "United Kingdom": "United Kingdom",
    "United States": "United States",
    "United States Outlying Islands": "U.S. Outlying Islands",
    "Update": "Обновить",
    "Update & Continue Editing": "Обновить и продолжить редактирование",
    "Update :resource": "Обновить :resource",
    "Update :resource: :title": "Обновить :resource: :title",
    "Update attached :resource: :title": "Обновить прикреплённый :resource: :title",
    "Update Password": "Обновить пароль",
    "Update your account's profile information and email address.": "Обновите информацию и email-адрес в профиле Вашей учётной записи.",
    "Uruguay": "Uruguay",
    "Use a recovery code": "Использовать код восстановления",
    "Use an authentication code": "Использовать код аутентификации",
    "Uzbekistan": "Uzbekistan",
    "Value": "Значение",
    "Vanuatu": "Vanuatu",
    "Venezuela": "Venezuela",
    "Verify Email Address": "Подтвердить email-адрес",
    "Verify Your Email Address": "Подтвердите Ваш email-адрес",
    "Viet Nam": "Vietnam",
    "View": "Показать",
    "Virgin Islands, British": "British Virgin Islands",
    "Virgin Islands, U.S.": "U.S. Virgin Islands",
    "Wallis And Futuna": "Wallis and Futuna",
    "We were unable to find a registered user with this email address.": "Нам не удалось найти зарегистрированного пользователя с этим адресом электронной почты.",
    "We won't ask for your password again for a few hours.": "Мы не будем запрашивать Ваш пароль вновь в течение нескольких часов.",
    "We're lost in space. The page you were trying to view does not exist.": "Мы потерялись в пространстве. Страница, которую Вы пытаетесь просмотреть, не существует.",
    "Welcome Back!": "С возвращением!",
    "Western Sahara": "Western Sahara",
    "When two factor authentication is enabled, you will be prompted for a secure, random token during authentication. You may retrieve this token from your phone's Google Authenticator application.": "Если двухфакторная аутентификация включена, Вам будет предложено ввести случайный токен безопасности во время аутентификации. Вы можете получить этот токен в приложении Google Authenticator Вашего телефона.",
    "Whoops": "Упс",
    "Whoops!": "Упс!",
    "Whoops! Something went wrong.": "Упс! Что-то пошло не так.",
    "With Trashed": "С удалёнными",
    "Write": "Записать",
    "Year To Date": "С начала года до даты",
    "Yemen": "Yemen",
    "Yes": "Да",
    "You are logged in!": "Вы вошли в систему!",
    "You are receiving this email because we received a password reset request for your account.": "Вы получили это письмо, потому что мы получили запрос на сброс пароля для Вашей учетной записи.",
    "You have been invited to join the :team team!": "Вас пригласили присоединиться к команде :team!",
    "You have enabled two factor authentication.": "Вы включили двухфакторную аутентификацию.",
    "You have not enabled two factor authentication.": "Вы не включили двухфакторную аутентификацию.",
    "You may delete any of your existing tokens if they are no longer needed.": "Вы можете удалить любой из имеющихся у Вас токенов, если они больше не нужны.",
    "You may not delete your personal team.": "Вы не можете удалить свою команду.",
    "You may not leave a team that you created.": "Вы не можете покидать созданную Вами команду.",
    "Your email address is not verified.": "Ваш email адрес не подтвержден.",
    "Zambia": "Zambia",
    "Zimbabwe": "Zimbabwe"
}
