{
    "30 Days": "30 Days",
    "60 Days": "60 Days",
    "90 Days": "90 Days",
    ":amount Total": ":amount Total",
    ":resource Details": ":resource Details",
    ":resource Details: :title": ":resource Details: :title",
    "A fresh verification link has been sent to your email address.": "Na elektronski naslov je bila poslana nova povezava za potrditev.",
    "A new verification link has been sent to the email address you provided during registration.": "Povezava za potrditev je bila poslana na elektronski naslov, ki je bil vnešen ob registraciji.",
    "Accept Invitation": "Accept Invitation",
    "Action": "Action",
    "Action Happened At": "Happened At",
    "Action Initiated By": "Initiated By",
    "Action Name": "Name",
    "Action Status": "Status",
    "Action Target": "Target",
    "Actions": "Actions",
    "Add": "Dodaj",
    "Add a new team member to your team, allowing them to collaborate with you.": "Dodaj novega člana skupine, da bo lahko sodeloval.",
    "Add additional security to your account using two factor authentication.": "Dodatno zavarovanje računa z dvostopenjsko prijavo.",
    "Add row": "Add row",
    "Add Team Member": "Dodaj člana skupine",
    "Added.": "Dodano.",
    "Administrator": "Administrator",
    "Administrator users can perform any action.": "Administratorji lahko izvedejo katerokoli akcijo",
    "Afghanistan": "Afghanistan",
    "Aland Islands": "Åland Islands",
    "Albania": "Albania",
    "Algeria": "Algeria",
    "All of the people that are part of this team.": "Vsi člani skupne.",
    "All resources loaded.": "All resources loaded.",
    "All rights reserved.": "Vse pravice pridržane.",
    "Already registered?": "Že registriran\/a?",
    "American Samoa": "American Samoa",
    "An error occured while uploading the file.": "An error occured while uploading the file.",
    "Andorra": "Andorra",
    "Angola": "Angola",
    "Anguilla": "Anguilla",
    "Another user has updated this resource since this page was loaded. Please refresh the page and try again.": "Another user has updated this resource since this page was loaded. Please refresh the page and try again.",
    "Antarctica": "Antarctica",
    "Antigua And Barbuda": "Antigua and Barbuda",
    "API Token": "API žeton",
    "API Token Permissions": "API žeton dovoljenja",
    "API Tokens": "API žetoni",
    "API tokens allow third-party services to authenticate with our application on your behalf.": "API žetoni dovoljujejo zunanjim servisom prijavo z našo aplikacijo v vašem imenu.",
    "April": "April",
    "Are you sure you want to delete the selected resources?": "Are you sure you want to delete the selected resources?",
    "Are you sure you want to delete this file?": "Are you sure you want to delete this file?",
    "Are you sure you want to delete this resource?": "Are you sure you want to delete this resource?",
    "Are you sure you want to delete this team? Once a team is deleted, all of its resources and data will be permanently deleted.": "Res želite izbrisati skupino? Odstranjeni bodo tudi vsi podatki skupine.",
    "Are you sure you want to delete your account? Once your account is deleted, all of its resources and data will be permanently deleted. Please enter your password to confirm you would like to permanently delete your account.": "Res želite izbrisati račun? Izbrisani bodo tudi podatki računa. Vnesite vaše geslo za potrditev izbrisa računa.",
    "Are you sure you want to detach the selected resources?": "Are you sure you want to detach the selected resources?",
    "Are you sure you want to detach this resource?": "Are you sure you want to detach this resource?",
    "Are you sure you want to force delete the selected resources?": "Are you sure you want to force delete the selected resources?",
    "Are you sure you want to force delete this resource?": "Are you sure you want to force delete this resource?",
    "Are you sure you want to restore the selected resources?": "Are you sure you want to restore the selected resources?",
    "Are you sure you want to restore this resource?": "Are you sure you want to restore this resource?",
    "Are you sure you want to run this action?": "Are you sure you want to run this action?",
    "Are you sure you would like to delete this API token?": "Res želite izbrisati ta API žeton?",
    "Are you sure you would like to leave this team?": "Res želite zapustiti skupino?",
    "Are you sure you would like to remove this person from the team?": "Res želite odstraniti osebo iz skupine?",
    "Argentina": "Argentina",
    "Armenia": "Armenia",
    "Aruba": "Aruba",
    "Attach": "Attach",
    "Attach & Attach Another": "Attach & Attach Another",
    "Attach :resource": "Attach :resource",
    "August": "August",
    "Australia": "Australia",
    "Austria": "Austria",
    "Azerbaijan": "Azerbaijan",
    "Bahamas": "Bahamas",
    "Bahrain": "Bahrain",
    "Bangladesh": "Bangladesh",
    "Barbados": "Barbados",
    "Before proceeding, please check your email for a verification link.": "Pred nadaljevanjem, preverite elektronski naslov za potrditveno povezavo.",
    "Belarus": "Belarus",
    "Belgium": "Belgium",
    "Belize": "Belize",
    "Benin": "Benin",
    "Bermuda": "Bermuda",
    "Bhutan": "Bhutan",
    "Bolivia": "Bolivia",
    "Bonaire, Sint Eustatius and Saba": "Bonaire, Sint Eustatius and Saba",
    "Bosnia And Herzegovina": "Bosnia and Herzegovina",
    "Botswana": "Botswana",
    "Bouvet Island": "Bouvet Island",
    "Brazil": "Brazil",
    "British Indian Ocean Territory": "British Indian Ocean Territory",
    "Browser Sessions": "Seje brskalnika",
    "Brunei Darussalam": "Brunei",
    "Bulgaria": "Bulgaria",
    "Burkina Faso": "Burkina Faso",
    "Burundi": "Burundi",
    "Cambodia": "Cambodia",
    "Cameroon": "Cameroon",
    "Canada": "Canada",
    "Cancel": "Cancel",
    "Cape Verde": "Cape Verde",
    "Card": "Card",
    "Cayman Islands": "Cayman Islands",
    "Central African Republic": "Central African Republic",
    "Chad": "Chad",
    "Changes": "Changes",
    "Chile": "Chile",
    "China": "China",
    "Choose": "Choose",
    "Choose :field": "Choose :field",
    "Choose :resource": "Choose :resource",
    "Choose an option": "Choose an option",
    "Choose date": "Choose date",
    "Choose File": "Choose File",
    "Choose Type": "Choose Type",
    "Christmas Island": "Christmas Island",
    "click here to request another": "kliknite tu za ponovno pridobitev",
    "Click to choose": "Click to choose",
    "Close": "Zapri",
    "Cocos (Keeling) Islands": "Cocos (Keeling) Islands",
    "Code": "Koda",
    "Colombia": "Colombia",
    "Comoros": "Comoros",
    "Confirm": "Potrditev",
    "Confirm Password": "Potrdite geslo",
    "Confirm Payment": "Confirm Payment",
    "Confirm your :amount payment": "Confirm your :amount payment",
    "Congo": "Congo",
    "Congo, Democratic Republic": "Congo, Democratic Republic",
    "Constant": "Constant",
    "Cook Islands": "Cook Islands",
    "Costa Rica": "Costa Rica",
    "Cote D'Ivoire": "Côte d'Ivoire",
    "could not be found.": "could not be found.",
    "Create": "Ustvari",
    "Create & Add Another": "Create & Add Another",
    "Create :resource": "Create :resource",
    "Create a new team to collaborate with others on projects.": "Ustvari skupino za sodelovanje projektih.",
    "Create Account": "Create Account",
    "Create API Token": "Ustvari API žeton",
    "Create New Team": "Ustvari Novo skupino",
    "Create Team": "Ustvari skupino",
    "Created.": "Ustvarjeno.",
    "Croatia": "Croatia",
    "Cuba": "Cuba",
    "Curaçao": "Curaçao",
    "Current Password": "Trenutno geslo",
    "Customize": "Customize",
    "Cyprus": "Cyprus",
    "Czech Republic": "Czechia",
    "Dashboard": "Nadzorna plošča",
    "December": "December",
    "Decrease": "Decrease",
    "Delete": "Briši",
    "Delete Account": "Brisanje računa",
    "Delete API Token": "Brisanje API žetona",
    "Delete File": "Delete File",
    "Delete Resource": "Delete Resource",
    "Delete Selected": "Delete Selected",
    "Delete Team": "Brisanje skupine",
    "Denmark": "Denmark",
    "Detach": "Detach",
    "Detach Resource": "Detach Resource",
    "Detach Selected": "Detach Selected",
    "Details": "Details",
    "Disable": "Onemogoči",
    "Djibouti": "Djibouti",
    "Do you really want to leave? You have unsaved changes.": "Do you really want to leave? You have unsaved changes.",
    "Dominica": "Dominica",
    "Dominican Republic": "Dominican Republic",
    "Done.": "Končano.",
    "Download": "Download",
    "E-Mail Address": "E-mail naslov",
    "Ecuador": "Ecuador",
    "Edit": "Edit",
    "Edit :resource": "Edit :resource",
    "Edit Attached": "Edit Attached",
    "Editor": "Urednik",
    "Editor users have the ability to read, create, and update.": "Uredniki imajo možnost branja, kreairanja in posodabljanja.",
    "Egypt": "Egypt",
    "El Salvador": "El Salvador",
    "Email": "Elektronski naslov",
    "Email Address": "Email Address",
    "Email Password Reset Link": "Pošlji povezavo za ponastavitev gesla na e-mail",
    "Enable": "Omogoči",
    "Ensure your account is using a long, random password to stay secure.": "Za boljšo varnost računa naj bo geslo dolgo in naključno.",
    "Equatorial Guinea": "Equatorial Guinea",
    "Eritrea": "Eritrea",
    "Estonia": "Estonia",
    "Ethiopia": "Ethiopia",
    "Extra confirmation is needed to process your payment. Please confirm your payment by filling out your payment details below.": "Extra confirmation is needed to process your payment. Please confirm your payment by filling out your payment details below.",
    "Extra confirmation is needed to process your payment. Please continue to the payment page by clicking on the button below.": "Extra confirmation is needed to process your payment. Please continue to the payment page by clicking on the button below.",
    "Falkland Islands (Malvinas)": "Falkland Islands (Malvinas)",
    "Faroe Islands": "Faroe Islands",
    "February": "February",
    "Fiji": "Fiji",
    "Finland": "Finland",
    "For your security, please confirm your password to continue.": "Zaradi varnosti pred nadaljevanjem potrdite geslo.",
    "Forbidden": "Onemogočeno",
    "Force Delete": "Force Delete",
    "Force Delete Resource": "Force Delete Resource",
    "Force Delete Selected": "Force Delete Selected",
    "Forgot Your Password?": "Pozabljeno geslo?",
    "Forgot your password?": "Pozabljeno geslo?",
    "Forgot your password? No problem. Just let us know your email address and we will email you a password reset link that will allow you to choose a new one.": "Pozabljeno geslo? Ni problema. Vnesite svoj elektronski naslov in vam pošljemo povezavo za ponastavitev gesla.",
    "France": "France",
    "French Guiana": "French Guiana",
    "French Polynesia": "French Polynesia",
    "French Southern Territories": "French Southern Territories",
    "Full name": "Full name",
    "Gabon": "Gabon",
    "Gambia": "Gambia",
    "Georgia": "Georgia",
    "Germany": "Germany",
    "Ghana": "Ghana",
    "Gibraltar": "Gibraltar",
    "Go back": "Go back",
    "Go Home": "Domov",
    "Go to page :page": "Pojdi na stran :page",
    "Great! You have accepted the invitation to join the :team team.": "Great! You have accepted the invitation to join the :team team.",
    "Greece": "Greece",
    "Greenland": "Greenland",
    "Grenada": "Grenada",
    "Guadeloupe": "Guadeloupe",
    "Guam": "Guam",
    "Guatemala": "Guatemala",
    "Guernsey": "Guernsey",
    "Guinea": "Guinea",
    "Guinea-Bissau": "Guinea-Bissau",
    "Guyana": "Guyana",
    "Haiti": "Haiti",
    "Heard Island & Mcdonald Islands": "Heard Island and McDonald Islands",
    "Hello!": "Živijo!",
    "Hide Content": "Hide Content",
    "Hold Up!": "Hold Up!",
    "Holy See (Vatican City State)": "Vatican City",
    "Honduras": "Honduras",
    "Hong Kong": "Hong Kong",
    "Hungary": "Hungary",
    "I agree to the :terms_of_service and :privacy_policy": "I agree to the :terms_of_service and :privacy_policy",
    "Iceland": "Iceland",
    "ID": "ID",
    "If necessary, you may log out of all of your other browser sessions across all of your devices. Some of your recent sessions are listed below; however, this list may not be exhaustive. If you feel your account has been compromised, you should also update your password.": "If necessary, you may log out of all of your other browser sessions across all of your devices. Some of your recent sessions are listed below; however, this list may not be exhaustive. If you feel your account has been compromised, you should also update your password.",
    "If necessary, you may logout of all of your other browser sessions across all of your devices. Some of your recent sessions are listed below; however, this list may not be exhaustive. If you feel your account has been compromised, you should also update your password.": "Če je potrebno, se boste odjavili iz vseh sej v vseh brskalnikih na vseh napravah. Nekaj zadnjih sej je navedenih spodaj; seznam ni nujno popoln. Če se vam zdi, da je bil vaš račun zlorabljen, posodobite tudi svoje geslo.",
    "If you already have an account, you may accept this invitation by clicking the button below:": "If you already have an account, you may accept this invitation by clicking the button below:",
    "If you did not create an account, no further action is required.": "Če niste kreirali računa, dodatna akcija ni potrebna.",
    "If you did not expect to receive an invitation to this team, you may discard this email.": "If you did not expect to receive an invitation to this team, you may discard this email.",
    "If you did not receive the email": "Če niste prejeli elektronskega sporočila",
    "If you did not request a password reset, no further action is required.": "V kolikor niste zahtevali ponastavitve gesla, nadaljni koraki niso potrebni.",
    "If you do not have an account, you may create one by clicking the button below. After creating an account, you may click the invitation acceptance button in this email to accept the team invitation:": "If you do not have an account, you may create one by clicking the button below. After creating an account, you may click the invitation acceptance button in this email to accept the team invitation:",
    "If you’re having trouble clicking the \":actionText\" button, copy and paste the URL below\ninto your web browser:": "V primeru težav s klikom na gumb \":actionText\", kopirajte in prilepite spodnji URL naslov v brskalnik:",
    "Increase": "Increase",
    "India": "India",
    "Indonesia": "Indonesia",
    "Invalid signature.": "Neveljaven podpis.",
    "Iran, Islamic Republic Of": "Iran",
    "Iraq": "Iraq",
    "Ireland": "Ireland",
    "Isle Of Man": "Isle of Man",
    "Israel": "Israel",
    "Italy": "Italy",
    "Jamaica": "Jamaica",
    "January": "January",
    "Japan": "Japan",
    "Jersey": "Jersey",
    "Jordan": "Jordan",
    "July": "July",
    "June": "June",
    "Kazakhstan": "Kazakhstan",
    "Kenya": "Kenya",
    "Key": "Key",
    "Kiribati": "Kiribati",
    "Korea": "South Korea",
    "Korea, Democratic People's Republic of": "North Korea",
    "Kosovo": "Kosovo",
    "Kuwait": "Kuwait",
    "Kyrgyzstan": "Kyrgyzstan",
    "Lao People's Democratic Republic": "Laos",
    "Last active": "Nazadnje aktivno",
    "Last used": "Nazadnje uporabljeno",
    "Latvia": "Latvia",
    "Leave": "Zapusti",
    "Leave Team": "Zapisti skupino",
    "Lebanon": "Lebanon",
    "Lens": "Lens",
    "Lesotho": "Lesotho",
    "Liberia": "Liberia",
    "Libyan Arab Jamahiriya": "Libya",
    "Liechtenstein": "Liechtenstein",
    "Lithuania": "Lithuania",
    "Load :perPage More": "Load :perPage More",
    "Log in": "Log in",
    "Log out": "Log out",
    "Log Out": "Log Out",
    "Log Out Other Browser Sessions": "Log Out Other Browser Sessions",
    "Login": "Prijava",
    "Logout": "Odjava",
    "Logout Other Browser Sessions": "Odjavi ostale seje brskalnika",
    "Luxembourg": "Luxembourg",
    "Macao": "Macao",
    "Macedonia": "North Macedonia",
    "Madagascar": "Madagascar",
    "Malawi": "Malawi",
    "Malaysia": "Malaysia",
    "Maldives": "Maldives",
    "Mali": "Mali",
    "Malta": "Malta",
    "Manage Account": "Urejanje računa",
    "Manage and log out your active sessions on other browsers and devices.": "Manage and log out your active sessions on other browsers and devices.",
    "Manage and logout your active sessions on other browsers and devices.": "Urejanje in odjava aktivnih sej v drugih brskalnikih in napravah.",
    "Manage API Tokens": "Urejanje API žetonov",
    "Manage Role": "Urejanje vloge",
    "Manage Team": "Urejanje skupine",
    "March": "March",
    "Marshall Islands": "Marshall Islands",
    "Martinique": "Martinique",
    "Mauritania": "Mauritania",
    "Mauritius": "Mauritius",
    "May": "May",
    "Mayotte": "Mayotte",
    "Mexico": "Mexico",
    "Micronesia, Federated States Of": "Micronesia",
    "Moldova": "Moldova",
    "Monaco": "Monaco",
    "Mongolia": "Mongolia",
    "Montenegro": "Montenegro",
    "Month To Date": "Month To Date",
    "Montserrat": "Montserrat",
    "Morocco": "Morocco",
    "Mozambique": "Mozambique",
    "Myanmar": "Myanmar",
    "Name": "Ime",
    "Namibia": "Namibia",
    "Nauru": "Nauru",
    "Nepal": "Nepal",
    "Netherlands": "Netherlands",
    "Nevermind": "Pozabi",
    "New": "New",
    "New :resource": "New :resource",
    "New Caledonia": "New Caledonia",
    "New Password": "Novo geslo",
    "New Zealand": "New Zealand",
    "Next": "Next",
    "Nicaragua": "Nicaragua",
    "Niger": "Niger",
    "Nigeria": "Nigeria",
    "Niue": "Niue",
    "No": "No",
    "No :resource matched the given criteria.": "No :resource matched the given criteria.",
    "No additional information...": "No additional information...",
    "No Current Data": "No Current Data",
    "No Data": "No Data",
    "no file selected": "no file selected",
    "No Increase": "No Increase",
    "No Prior Data": "No Prior Data",
    "No Results Found.": "No Results Found.",
    "Norfolk Island": "Norfolk Island",
    "Northern Mariana Islands": "Northern Mariana Islands",
    "Norway": "Norway",
    "Not Found": "Ni najdeno",
    "Nova User": "Nova User",
    "November": "November",
    "October": "October",
    "of": "od",
    "Oh no": "O, ne",
    "Oman": "Oman",
    "Once a team is deleted, all of its resources and data will be permanently deleted. Before deleting this team, please download any data or information regarding this team that you wish to retain.": "Ko je skupina izbrisana, so odstranjeni tudi podatki skupine. Pred brisanjem skupine prenesite vse podatke skupine, ki jih želite ohraniti.",
    "Once your account is deleted, all of its resources and data will be permanently deleted. Before deleting your account, please download any data or information that you wish to retain.": "Ko je račun izbrisan, so odstranjeni tudi vsi podatki računa. Pred brisanjem prenesite vse podatke računa, ki jih želite ohraniti.",
    "Only Trashed": "Only Trashed",
    "Original": "Original",
    "Page Expired": "Stran je potekla",
    "Pagination Navigation": "Navigacija po straneh",
    "Pakistan": "Pakistan",
    "Palau": "Palau",
    "Palestinian Territory, Occupied": "Palestinian Territories",
    "Panama": "Panama",
    "Papua New Guinea": "Papua New Guinea",
    "Paraguay": "Paraguay",
    "Password": "Geslo",
    "Pay :amount": "Pay :amount",
    "Payment Cancelled": "Payment Cancelled",
    "Payment Confirmation": "Payment Confirmation",
    "Payment Successful": "Payment Successful",
    "Pending Team Invitations": "Pending Team Invitations",
    "Per Page": "Per Page",
    "Permanently delete this team.": "Trajno izbriši skupino.",
    "Permanently delete your account.": "Trajno izbriši račun.",
    "Permissions": "Dovoljenja",
    "Peru": "Peru",
    "Philippines": "Philippines",
    "Photo": "Slike",
    "Pitcairn": "Pitcairn Islands",
    "Please click the button below to verify your email address.": "S klikom na spodnjo povezavo potrdite vaš elektronski naslov.",
    "Please confirm access to your account by entering one of your emergency recovery codes.": "Potrditev dostopa do uporabniškega računa z vnosom kode za obnovitev.",
    "Please confirm access to your account by entering the authentication code provided by your authenticator application.": "Potrditev dostopa do uporabniškega računa z vnodom avtorizacijske kode, ki jo priskrbi avtorizator aplikacije.",
    "Please confirm your password before continuing.": "Pred nadaljevanjem potrdite geslo.",
    "Please copy your new API token. For your security, it won't be shown again.": "Kopirajte vaš nov API žeton. Zaradi vaše varnosti ne bo prikazan ponovno.",
    "Please enter your password to confirm you would like to log out of your other browser sessions across all of your devices.": "Please enter your password to confirm you would like to log out of your other browser sessions across all of your devices.",
    "Please enter your password to confirm you would like to logout of your other browser sessions across all of your devices.": "Za potrditev odjave iz ostalih sej brskalnokov na vseh napravah vnesite vaše geslo.",
    "Please provide the email address of the person you would like to add to this team.": "Please provide the email address of the person you would like to add to this team.",
    "Please provide the email address of the person you would like to add to this team. The email address must be associated with an existing account.": "Vnesite elektronski naslov osebe, ki bi jo radi dodali v skupino. Elektronski naslov mora biti v uporabi pri obstoječem uporabniku.",
    "Please provide your name.": "Please provide your name.",
    "Poland": "Poland",
    "Portugal": "Portugal",
    "Press \/ to search": "Press \/ to search",
    "Preview": "Preview",
    "Previous": "Previous",
    "Privacy Policy": "Privacy Policy",
    "Profile": "Profil",
    "Profile Information": "Informacije profila",
    "Puerto Rico": "Puerto Rico",
    "Qatar": "Qatar",
    "Quarter To Date": "Quarter To Date",
    "Recovery Code": "Koda za obnovitev",
    "Regards": "S spoštovanjem",
    "Regenerate Recovery Codes": "Ponovno kreiranje kod za obnovitev",
    "Register": "Registracija",
    "Reload": "Reload",
    "Remember me": "Zapomni si me",
    "Remember Me": "Zapomni si me",
    "Remove": "Odstrani",
    "Remove Photo": "Odstrani sliko",
    "Remove Team Member": "Odstrani člana skupine",
    "Resend Verification Email": "Ponovno pošlji elektronsko sporočilo za potrditev",
    "Reset Filters": "Reset Filters",
    "Reset Password": "Ponastavi geslo",
    "Reset Password Notification": "Obvestilo o ponastavitvi gesla",
    "resource": "resource",
    "Resources": "Resources",
    "resources": "resources",
    "Restore": "Restore",
    "Restore Resource": "Restore Resource",
    "Restore Selected": "Restore Selected",
    "results": "rezultati",
    "Reunion": "Réunion",
    "Role": "Vloga",
    "Romania": "Romania",
    "Run Action": "Run Action",
    "Russian Federation": "Russian Federation",
    "Rwanda": "Rwanda",
    "Saint Barthelemy": "St. Barthélemy",
    "Saint Helena": "St. Helena",
    "Saint Kitts And Nevis": "St. Kitts and Nevis",
    "Saint Lucia": "St. Lucia",
    "Saint Martin": "St. Martin",
    "Saint Pierre And Miquelon": "St. Pierre and Miquelon",
    "Saint Vincent And Grenadines": "St. Vincent and Grenadines",
    "Samoa": "Samoa",
    "San Marino": "San Marino",
    "Sao Tome And Principe": "São Tomé and Príncipe",
    "Saudi Arabia": "Saudi Arabia",
    "Save": "Shrani",
    "Saved.": "Shranjeno.",
    "Search": "Search",
    "Select A New Photo": "Izberi Novo sliko",
    "Select Action": "Select Action",
    "Select All": "Select All",
    "Select All Matching": "Select All Matching",
    "Send Password Reset Link": "Pošlji povezavo za ponastavitev gesla",
    "Senegal": "Senegal",
    "September": "September",
    "Serbia": "Serbia",
    "Server Error": "Napaka na strežniku",
    "Service Unavailable": "Servis ni dostopen",
    "Seychelles": "Seychelles",
    "Show All Fields": "Show All Fields",
    "Show Content": "Show Content",
    "Show Recovery Codes": "Prikaz obnovitvenih kod",
    "Showing": "Prikazovanje",
    "Sierra Leone": "Sierra Leone",
    "Singapore": "Singapore",
    "Sint Maarten (Dutch part)": "Sint Maarten",
    "Slovakia": "Slovakia",
    "Slovenia": "Slovenia",
    "Solomon Islands": "Solomon Islands",
    "Somalia": "Somalia",
    "Something went wrong.": "Something went wrong.",
    "Sorry! You are not authorized to perform this action.": "Sorry! You are not authorized to perform this action.",
    "Sorry, your session has expired.": "Sorry, your session has expired.",
    "South Africa": "South Africa",
    "South Georgia And Sandwich Isl.": "South Georgia and South Sandwich Islands",
    "South Sudan": "South Sudan",
    "Spain": "Spain",
    "Sri Lanka": "Sri Lanka",
    "Start Polling": "Start Polling",
    "Stop Polling": "Stop Polling",
    "Store these recovery codes in a secure password manager. They can be used to recover access to your account if your two factor authentication device is lost.": "Shrani te obnovitvene kode v vareno aplikacijo za gesla. Uporabljajo se za obnovitev dostopa do računa če je naprava za dvostopenjsko prijavo izgubljena.",
    "Sudan": "Sudan",
    "Suriname": "Suriname",
    "Svalbard And Jan Mayen": "Svalbard and Jan Mayen",
    "Swaziland": "Eswatini",
    "Sweden": "Sweden",
    "Switch Teams": "Zamenjaj skupine",
    "Switzerland": "Switzerland",
    "Syrian Arab Republic": "Syria",
    "Taiwan": "Taiwan",
    "Tajikistan": "Tajikistan",
    "Tanzania": "Tanzania",
    "Team Details": "Podatki o skupini",
    "Team Invitation": "Team Invitation",
    "Team Members": "Člani skupine",
    "Team Name": "Ime skupine",
    "Team Owner": "Lastnik skupine",
    "Team Settings": "Nastavitve skupine",
    "Terms of Service": "Terms of Service",
    "Thailand": "Thailand",
    "Thanks for signing up! Before getting started, could you verify your email address by clicking on the link we just emailed to you? If you didn't receive the email, we will gladly send you another.": "Hvala za registracijo! Pred začetkom, potrdite elektronski naslov s klikom na povezavo, ki smo jo ravnokar poslali? Če sporočila niste prejeli na vaš elektronski naslov, lahko pošljemo novega.",
    "The :attribute must be a valid role.": ":attribute mora biti veljavna vloga.",
    "The :attribute must be at least :length characters and contain at least one number.": "Beseda za :attribute mora biti dolga vsaj :length znakov, in mora vsebovati vsaj eno številko.",
    "The :attribute must be at least :length characters and contain at least one special character and one number.": "The :attribute must be at least :length characters and contain at least one special character and one number.",
    "The :attribute must be at least :length characters and contain at least one special character.": "Beseda za :attribute mora biti dolga vsaj :length znakov, in mora vsebovati vsaj en poseben znak.",
    "The :attribute must be at least :length characters and contain at least one uppercase character and one number.": "Beseda za :attribute mora biti dolga vsaj :length znakov, in mora vsebovati vsaj eno veliko črko in eno številko.",
    "The :attribute must be at least :length characters and contain at least one uppercase character and one special character.": "Beseda za :attribute mora biti dolga vsaj :length znakov, in mora vsebovati vsaj eno veliko črko in en poseben znak.",
    "The :attribute must be at least :length characters and contain at least one uppercase character, one number, and one special character.": "Beseda za :attribute mora biti dolga vsaj :length znakov, in mora vsebovati vsaj eno veliko črko, eno številko ter en poseben znak.",
    "The :attribute must be at least :length characters and contain at least one uppercase character.": "Beseda za :attribute mora biti dolga vsaj :length znakov, in mora vsebovati vsaj eno veliko črko.",
    "The :attribute must be at least :length characters.": "Beseda za :attribute mora biti dolga vsaj :length znakov.",
    "The :resource was created!": "The :resource was created!",
    "The :resource was deleted!": "The :resource was deleted!",
    "The :resource was restored!": "The :resource was restored!",
    "The :resource was updated!": "The :resource was updated!",
    "The action ran successfully!": "The action ran successfully!",
    "The file was deleted!": "The file was deleted!",
    "The government won't let us show you what's behind these doors": "The government won't let us show you what's behind these doors",
    "The HasOne relationship has already been filled.": "The HasOne relationship has already been filled.",
    "The payment was successful.": "The payment was successful.",
    "The provided password does not match your current password.": "Vnešeno geslo se ne ujema z vašim trenutnim geslom.",
    "The provided password was incorrect.": "Vnešeno geslo ni pravilno.",
    "The provided two factor authentication code was invalid.": "Vnešena koda za dvofazno avtorizacijo ni pravilna.",
    "The resource was updated!": "The resource was updated!",
    "The team's name and owner information.": "Ime skupine in podatki o lastniku.",
    "There are no available options for this resource.": "There are no available options for this resource.",
    "There was a problem executing the action.": "There was a problem executing the action.",
    "There was a problem submitting the form.": "There was a problem submitting the form.",
    "These people have been invited to your team and have been sent an invitation email. They may join the team by accepting the email invitation.": "These people have been invited to your team and have been sent an invitation email. They may join the team by accepting the email invitation.",
    "This action is unauthorized.": "Akcija ni dovoljena.",
    "This device": "Ta naprava",
    "This file field is read-only.": "This file field is read-only.",
    "This image": "This image",
    "This is a secure area of the application. Please confirm your password before continuing.": "To je varni del aplikacije. Pred nadaljevanjem potrdite vaše geslo.",
    "This password does not match our records.": "Geslo ne ustreza našim zapisom.",
    "This password reset link will expire in :count minutes.": "Povezava za obnovitev gesla bo potekla čez :count minut.",
    "This payment was already successfully confirmed.": "This payment was already successfully confirmed.",
    "This payment was cancelled.": "This payment was cancelled.",
    "This resource no longer exists": "This resource no longer exists",
    "This user already belongs to the team.": "Uporabnik je že član skupine.",
    "This user has already been invited to the team.": "This user has already been invited to the team.",
    "Timor-Leste": "Timor-Leste",
    "to": "do",
    "Today": "Today",
    "Toggle navigation": "Preklopi navigacijo",
    "Togo": "Togo",
    "Tokelau": "Tokelau",
    "Token Name": "Ime žetona",
    "Tonga": "Tonga",
    "Too Many Attempts.": "Preveč poizkusov.",
    "Too Many Requests": "Preveč prošenj",
    "total": "total",
    "Trashed": "Trashed",
    "Trinidad And Tobago": "Trinidad and Tobago",
    "Tunisia": "Tunisia",
    "Turkey": "Turkey",
    "Turkmenistan": "Turkmenistan",
    "Turks And Caicos Islands": "Turks and Caicos Islands",
    "Tuvalu": "Tuvalu",
    "Two Factor Authentication": "Dvofazna prijava",
    "Two factor authentication is now enabled. Scan the following QR code using your phone's authenticator application.": "Dvo stopenjska prijava je omogočena. Skeniraj sledečo QR kodo z aplikacijo za prijavo na telefonu.",
    "Uganda": "Uganda",
    "Ukraine": "Ukraine",
    "Unauthorized": "Nepooblaščeno",
    "United Arab Emirates": "United Arab Emirates",
    "United Kingdom": "United Kingdom",
    "United States": "United States",
    "United States Outlying Islands": "U.S. Outlying Islands",
    "Update": "Update",
    "Update & Continue Editing": "Update & Continue Editing",
    "Update :resource": "Update :resource",
    "Update :resource: :title": "Update :resource: :title",
    "Update attached :resource: :title": "Update attached :resource: :title",
    "Update Password": "Posodobitev gesla",
    "Update your account's profile information and email address.": "Posodobitev podatkov profila in elektronskega naslova.",
    "Uruguay": "Uruguay",
    "Use a recovery code": "Uporabi kodo za obnovitev",
    "Use an authentication code": "Uporabi kodo za avtorizacijo",
    "Uzbekistan": "Uzbekistan",
    "Value": "Value",
    "Vanuatu": "Vanuatu",
    "Venezuela": "Venezuela",
    "Verify Email Address": "Potrditev elektronskega naslova",
    "Verify Your Email Address": "Potrdite vaš elektronski naslov",
    "Viet Nam": "Vietnam",
    "View": "View",
    "Virgin Islands, British": "British Virgin Islands",
    "Virgin Islands, U.S.": "U.S. Virgin Islands",
    "Wallis And Futuna": "Wallis and Futuna",
    "We were unable to find a registered user with this email address.": "Uporabnik s tem elektronskim naslovom ne uobstaja.",
    "We won't ask for your password again for a few hours.": "V naslednjih nekaj urah gesla ne bo potrebno vnašati.",
    "We're lost in space. The page you were trying to view does not exist.": "We're lost in space. The page you were trying to view does not exist.",
    "Welcome Back!": "Welcome Back!",
    "Western Sahara": "Western Sahara",
    "When two factor authentication is enabled, you will be prompted for a secure, random token during authentication. You may retrieve this token from your phone's Google Authenticator application.": "Ob vklopljeni dvo stopenjski prijavi boste ob prijavi vprašani za naključnim varnostnim žetonom. Žeton lahko pridobite na vašem telefonu z aplikacijo Google Authenticator.",
    "Whoops": "Whoops",
    "Whoops!": "Ups!",
    "Whoops! Something went wrong.": "Ups! Nekaj je šlo narobe.",
    "With Trashed": "With Trashed",
    "Write": "Write",
    "Year To Date": "Year To Date",
    "Yemen": "Yemen",
    "Yes": "Yes",
    "You are logged in!": "Prijava uspešna!",
    "You are receiving this email because we received a password reset request for your account.": "Ta e-mail vam je bil poslan, ker ste zahtevali ponastavitev gesla za vaš račun.",
    "You have been invited to join the :team team!": "You have been invited to join the :team team!",
    "You have enabled two factor authentication.": "Dvofazna prijava omogočena.",
    "You have not enabled two factor authentication.": "Dvofazna prijava ni omogočena.",
    "You may delete any of your existing tokens if they are no longer needed.": "Žetone, ki niso več potrebni, lahko izbrišete.",
    "You may not delete your personal team.": "Svoje osebne skupine ni mogoče izbrisati.",
    "You may not leave a team that you created.": "Lastne ustvarjene skupine ni mogoče zapustiti.",
    "Your email address is not verified.": "Elektronski naslov ni potrjen.",
    "Zambia": "Zambia",
    "Zimbabwe": "Zimbabwe"
}
