{
    "30 Days": "30 Days",
    "60 Days": "60 Days",
    "90 Days": "90 Days",
    ":amount Total": ":amount Total",
    ":resource Details": ":resource Details",
    ":resource Details: :title": ":resource Details: :title",
    "A fresh verification link has been sent to your email address.": "Нови верификациони линк је послат на Вашу е-маил адресу.",
    "A new verification link has been sent to the email address you provided during registration.": "Нови верификациони линк је послат на Вашу е-маил адресу коју сте унели у току регистрације.",
    "Accept Invitation": "Accept Invitation",
    "Action": "Action",
    "Action Happened At": "Happened At",
    "Action Initiated By": "Initiated By",
    "Action Name": "Name",
    "Action Status": "Status",
    "Action Target": "Target",
    "Actions": "Actions",
    "Add": "Додај",
    "Add a new team member to your team, allowing them to collaborate with you.": "Додај новог члана тима у твој тим, дозвољавајући му да ради са тобом.",
    "Add additional security to your account using two factor authentication.": "Додај додатну сигурност твој налогу тако сто ћес користити аутентификацију у два корака.",
    "Add row": "Add row",
    "Add Team Member": "Додај новог члана тима.",
    "Added.": "Додато.",
    "Administrator": "Administrator",
    "Administrator users can perform any action.": "Administrator users can perform any action.",
    "Afghanistan": "Afghanistan",
    "Aland Islands": "Åland Islands",
    "Albania": "Albania",
    "Algeria": "Algeria",
    "All of the people that are part of this team.": "Сви људи који су део овог тима.",
    "All resources loaded.": "All resources loaded.",
    "All rights reserved.": "Сва права задржана.",
    "Already registered?": "Већ сте регистровани?",
    "American Samoa": "American Samoa",
    "An error occured while uploading the file.": "An error occured while uploading the file.",
    "Andorra": "Andorra",
    "Angola": "Angola",
    "Anguilla": "Anguilla",
    "Another user has updated this resource since this page was loaded. Please refresh the page and try again.": "Another user has updated this resource since this page was loaded. Please refresh the page and try again.",
    "Antarctica": "Antarctica",
    "Antigua And Barbuda": "Antigua and Barbuda",
    "API Token": "АПИ Токен",
    "API Token Permissions": "Дозволе АПИ токена",
    "API Tokens": "АПИ Токени",
    "API tokens allow third-party services to authenticate with our application on your behalf.": "АПИ токен омогућава услугама независних произвођача да се аутентификују помоћу наше апликације у ваше име.",
    "April": "April",
    "Are you sure you want to delete the selected resources?": "Are you sure you want to delete the selected resources?",
    "Are you sure you want to delete this file?": "Are you sure you want to delete this file?",
    "Are you sure you want to delete this resource?": "Are you sure you want to delete this resource?",
    "Are you sure you want to delete this team? Once a team is deleted, all of its resources and data will be permanently deleted.": "Да ли сте сигурни да желите да избришете овај тим? Једном када се тим избрише, сви његови ресурси и подаци биће трајно избрисани.",
    "Are you sure you want to delete your account? Once your account is deleted, all of its resources and data will be permanently deleted. Please enter your password to confirm you would like to permanently delete your account.": "Да ли сте сигурни да желите да избришете свој налог? Једном када се ваш налог избрише, сви његови ресурси и подаци биће трајно избрисани. Унесите лозинку да бисте потврдили да желите трајно избрисати налог.",
    "Are you sure you want to detach the selected resources?": "Are you sure you want to detach the selected resources?",
    "Are you sure you want to detach this resource?": "Are you sure you want to detach this resource?",
    "Are you sure you want to force delete the selected resources?": "Are you sure you want to force delete the selected resources?",
    "Are you sure you want to force delete this resource?": "Are you sure you want to force delete this resource?",
    "Are you sure you want to restore the selected resources?": "Are you sure you want to restore the selected resources?",
    "Are you sure you want to restore this resource?": "Are you sure you want to restore this resource?",
    "Are you sure you want to run this action?": "Are you sure you want to run this action?",
    "Are you sure you would like to delete this API token?": "Да ли сте сигурни да желите да избришете овај АПИ токен?",
    "Are you sure you would like to leave this team?": "Да ли сте сигурни да бисте желели да напустите овај тим?",
    "Are you sure you would like to remove this person from the team?": "Да ли сте сигурни да желите да уклоните ову особу из тима?",
    "Argentina": "Argentina",
    "Armenia": "Armenia",
    "Aruba": "Aruba",
    "Attach": "Attach",
    "Attach & Attach Another": "Attach & Attach Another",
    "Attach :resource": "Attach :resource",
    "August": "August",
    "Australia": "Australia",
    "Austria": "Austria",
    "Azerbaijan": "Azerbaijan",
    "Bahamas": "Bahamas",
    "Bahrain": "Bahrain",
    "Bangladesh": "Bangladesh",
    "Barbados": "Barbados",
    "Before proceeding, please check your email for a verification link.": "Пре него сто наставите, молимо Ваш проверите е-маил за верификациони линк.",
    "Belarus": "Belarus",
    "Belgium": "Belgium",
    "Belize": "Belize",
    "Benin": "Benin",
    "Bermuda": "Bermuda",
    "Bhutan": "Bhutan",
    "Bolivia": "Bolivia",
    "Bonaire, Sint Eustatius and Saba": "Bonaire, Sint Eustatius and Saba",
    "Bosnia And Herzegovina": "Bosnia and Herzegovina",
    "Botswana": "Botswana",
    "Bouvet Island": "Bouvet Island",
    "Brazil": "Brazil",
    "British Indian Ocean Territory": "British Indian Ocean Territory",
    "Browser Sessions": "Сесије wеб прегледача",
    "Brunei Darussalam": "Brunei",
    "Bulgaria": "Bulgaria",
    "Burkina Faso": "Burkina Faso",
    "Burundi": "Burundi",
    "Cambodia": "Cambodia",
    "Cameroon": "Cameroon",
    "Canada": "Canada",
    "Cancel": "Cancel",
    "Cape Verde": "Cape Verde",
    "Card": "Card",
    "Cayman Islands": "Cayman Islands",
    "Central African Republic": "Central African Republic",
    "Chad": "Chad",
    "Changes": "Changes",
    "Chile": "Chile",
    "China": "China",
    "Choose": "Choose",
    "Choose :field": "Choose :field",
    "Choose :resource": "Choose :resource",
    "Choose an option": "Choose an option",
    "Choose date": "Choose date",
    "Choose File": "Choose File",
    "Choose Type": "Choose Type",
    "Christmas Island": "Christmas Island",
    "click here to request another": "Кликните овде да пошаљете још један",
    "Click to choose": "Click to choose",
    "Close": "Затвори",
    "Cocos (Keeling) Islands": "Cocos (Keeling) Islands",
    "Code": "Код",
    "Colombia": "Colombia",
    "Comoros": "Comoros",
    "Confirm": "Потврди",
    "Confirm Password": "Потврдите лозинку",
    "Confirm Payment": "Confirm Payment",
    "Confirm your :amount payment": "Confirm your :amount payment",
    "Congo": "Congo",
    "Congo, Democratic Republic": "Congo, Democratic Republic",
    "Constant": "Constant",
    "Cook Islands": "Cook Islands",
    "Costa Rica": "Costa Rica",
    "Cote D'Ivoire": "Côte d'Ivoire",
    "could not be found.": "could not be found.",
    "Create": "Креирај",
    "Create & Add Another": "Create & Add Another",
    "Create :resource": "Create :resource",
    "Create a new team to collaborate with others on projects.": "Направите нови тим за сарадњу са другима на пројектима.",
    "Create Account": "Create Account",
    "Create API Token": "Направите АПИ Токен",
    "Create New Team": "Направите нови тим",
    "Create Team": "Направи тим",
    "Created.": "Креирано.",
    "Croatia": "Croatia",
    "Cuba": "Cuba",
    "Curaçao": "Curaçao",
    "Current Password": "Тренутна лозинка",
    "Customize": "Customize",
    "Cyprus": "Cyprus",
    "Czech Republic": "Czechia",
    "Dashboard": "Контролна табла",
    "December": "December",
    "Decrease": "Decrease",
    "Delete": "Брисање",
    "Delete Account": "Избриши налог",
    "Delete API Token": "Обриши АПИ Токен",
    "Delete File": "Delete File",
    "Delete Resource": "Delete Resource",
    "Delete Selected": "Delete Selected",
    "Delete Team": "Обриши тим",
    "Denmark": "Denmark",
    "Detach": "Detach",
    "Detach Resource": "Detach Resource",
    "Detach Selected": "Detach Selected",
    "Details": "Details",
    "Disable": "Деактивирај",
    "Djibouti": "Djibouti",
    "Do you really want to leave? You have unsaved changes.": "Do you really want to leave? You have unsaved changes.",
    "Dominica": "Dominica",
    "Dominican Republic": "Dominican Republic",
    "Done.": "Готово.",
    "Download": "Download",
    "E-Mail Address": "Адреса електронске поште",
    "Ecuador": "Ecuador",
    "Edit": "Edit",
    "Edit :resource": "Edit :resource",
    "Edit Attached": "Edit Attached",
    "Editor": "Editor",
    "Editor users have the ability to read, create, and update.": "Editor users have the ability to read, create, and update.",
    "Egypt": "Egypt",
    "El Salvador": "El Salvador",
    "Email": "Емаил",
    "Email Address": "Email Address",
    "Email Password Reset Link": "Линк ка мејлу за ресет лозинке",
    "Enable": "Активирај",
    "Ensure your account is using a long, random password to stay secure.": "Уверите се да налог користи дугу насумичну лозинку да бисте били сигурни.",
    "Equatorial Guinea": "Equatorial Guinea",
    "Eritrea": "Eritrea",
    "Estonia": "Estonia",
    "Ethiopia": "Ethiopia",
    "Extra confirmation is needed to process your payment. Please confirm your payment by filling out your payment details below.": "Extra confirmation is needed to process your payment. Please confirm your payment by filling out your payment details below.",
    "Extra confirmation is needed to process your payment. Please continue to the payment page by clicking on the button below.": "Extra confirmation is needed to process your payment. Please continue to the payment page by clicking on the button below.",
    "Falkland Islands (Malvinas)": "Falkland Islands (Malvinas)",
    "Faroe Islands": "Faroe Islands",
    "February": "February",
    "Fiji": "Fiji",
    "Finland": "Finland",
    "For your security, please confirm your password to continue.": "Ради ваше сигурности, потврдите лозинку да бисте наставили.",
    "Forbidden": "Забрањено",
    "Force Delete": "Force Delete",
    "Force Delete Resource": "Force Delete Resource",
    "Force Delete Selected": "Force Delete Selected",
    "Forgot Your Password?": "Заборавили сте лозинку?",
    "Forgot your password?": "Заборавили сте лозинку?",
    "Forgot your password? No problem. Just let us know your email address and we will email you a password reset link that will allow you to choose a new one.": "Заборавили сте лозинку? Нема проблема. Само нам реците Вашу емаил адресу и ми ћемо Вам послати линк за ресет лозинке на Ваш мејл који ће Вам омогућити да изаберете нову лозинку.",
    "France": "France",
    "French Guiana": "French Guiana",
    "French Polynesia": "French Polynesia",
    "French Southern Territories": "French Southern Territories",
    "Full name": "Full name",
    "Gabon": "Gabon",
    "Gambia": "Gambia",
    "Georgia": "Georgia",
    "Germany": "Germany",
    "Ghana": "Ghana",
    "Gibraltar": "Gibraltar",
    "Go back": "Go back",
    "Go Home": "Иди на почетну",
    "Go to page :page": "Go to page :page",
    "Great! You have accepted the invitation to join the :team team.": "Great! You have accepted the invitation to join the :team team.",
    "Greece": "Greece",
    "Greenland": "Greenland",
    "Grenada": "Grenada",
    "Guadeloupe": "Guadeloupe",
    "Guam": "Guam",
    "Guatemala": "Guatemala",
    "Guernsey": "Guernsey",
    "Guinea": "Guinea",
    "Guinea-Bissau": "Guinea-Bissau",
    "Guyana": "Guyana",
    "Haiti": "Haiti",
    "Heard Island & Mcdonald Islands": "Heard Island and McDonald Islands",
    "Hello!": "Здраво!",
    "Hide Content": "Hide Content",
    "Hold Up!": "Hold Up!",
    "Holy See (Vatican City State)": "Vatican City",
    "Honduras": "Honduras",
    "Hong Kong": "Hong Kong",
    "Hungary": "Hungary",
    "I agree to the :terms_of_service and :privacy_policy": "I agree to the :terms_of_service and :privacy_policy",
    "Iceland": "Iceland",
    "ID": "ID",
    "If necessary, you may log out of all of your other browser sessions across all of your devices. Some of your recent sessions are listed below; however, this list may not be exhaustive. If you feel your account has been compromised, you should also update your password.": "If necessary, you may log out of all of your other browser sessions across all of your devices. Some of your recent sessions are listed below; however, this list may not be exhaustive. If you feel your account has been compromised, you should also update your password.",
    "If necessary, you may logout of all of your other browser sessions across all of your devices. Some of your recent sessions are listed below; however, this list may not be exhaustive. If you feel your account has been compromised, you should also update your password.": "Ако је потребно, можете да се одјавите из свих осталих сесија прегледача на свим својим уређајима. Ако сматрате да је налог нарушен, требало би да ажурирате и лозинку.",
    "If you already have an account, you may accept this invitation by clicking the button below:": "If you already have an account, you may accept this invitation by clicking the button below:",
    "If you did not create an account, no further action is required.": "Уколико нисте креирали налог, није потребно да предузимате даље кораке.",
    "If you did not expect to receive an invitation to this team, you may discard this email.": "If you did not expect to receive an invitation to this team, you may discard this email.",
    "If you did not receive the email": "Ако нисте примили е-маил",
    "If you did not request a password reset, no further action is required.": "Уколико нисте захтевали промену лозинке, није потребно да предузимате даље кораке.",
    "If you do not have an account, you may create one by clicking the button below. After creating an account, you may click the invitation acceptance button in this email to accept the team invitation:": "If you do not have an account, you may create one by clicking the button below. After creating an account, you may click the invitation acceptance button in this email to accept the team invitation:",
    "If you’re having trouble clicking the \":actionText\" button, copy and paste the URL below\ninto your web browser:": "Ако имате проблема при клику на \":actionText\" дугме, копирајте и налепите УРЛ испод\n или у ваш веб претраживач:",
    "Increase": "Increase",
    "India": "India",
    "Indonesia": "Indonesia",
    "Invalid signature.": "Неважећи потпис.",
    "Iran, Islamic Republic Of": "Iran",
    "Iraq": "Iraq",
    "Ireland": "Ireland",
    "Isle Of Man": "Isle of Man",
    "Israel": "Israel",
    "Italy": "Italy",
    "Jamaica": "Jamaica",
    "January": "January",
    "Japan": "Japan",
    "Jersey": "Jersey",
    "Jordan": "Jordan",
    "July": "July",
    "June": "June",
    "Kazakhstan": "Kazakhstan",
    "Kenya": "Kenya",
    "Key": "Key",
    "Kiribati": "Kiribati",
    "Korea": "South Korea",
    "Korea, Democratic People's Republic of": "North Korea",
    "Kosovo": "Kosovo",
    "Kuwait": "Kuwait",
    "Kyrgyzstan": "Kyrgyzstan",
    "Lao People's Democratic Republic": "Laos",
    "Last active": "Последњи пут активан",
    "Last used": "Последње коришћен",
    "Latvia": "Latvia",
    "Leave": "Напусти",
    "Leave Team": "Напусти тим",
    "Lebanon": "Lebanon",
    "Lens": "Lens",
    "Lesotho": "Lesotho",
    "Liberia": "Liberia",
    "Libyan Arab Jamahiriya": "Libya",
    "Liechtenstein": "Liechtenstein",
    "Lithuania": "Lithuania",
    "Load :perPage More": "Load :perPage More",
    "Log in": "Log in",
    "Log out": "Log out",
    "Log Out": "Log Out",
    "Log Out Other Browser Sessions": "Log Out Other Browser Sessions",
    "Login": "Пријава",
    "Logout": "Одјава",
    "Logout Other Browser Sessions": "Одјави се са осталих сесија из прегледача",
    "Luxembourg": "Luxembourg",
    "Macao": "Macao",
    "Macedonia": "North Macedonia",
    "Madagascar": "Madagascar",
    "Malawi": "Malawi",
    "Malaysia": "Malaysia",
    "Maldives": "Maldives",
    "Mali": "Mali",
    "Malta": "Malta",
    "Manage Account": "Управљај налогом",
    "Manage and log out your active sessions on other browsers and devices.": "Manage and log out your active sessions on other browsers and devices.",
    "Manage and logout your active sessions on other browsers and devices.": "Управљајте активним сесијама и одјављујте их из других прегледача и уређаја.",
    "Manage API Tokens": "Управљање АПИ токенима",
    "Manage Role": "Управљај ролом",
    "Manage Team": "Управљај тимом",
    "March": "March",
    "Marshall Islands": "Marshall Islands",
    "Martinique": "Martinique",
    "Mauritania": "Mauritania",
    "Mauritius": "Mauritius",
    "May": "May",
    "Mayotte": "Mayotte",
    "Mexico": "Mexico",
    "Micronesia, Federated States Of": "Micronesia",
    "Moldova": "Moldova",
    "Monaco": "Monaco",
    "Mongolia": "Mongolia",
    "Montenegro": "Montenegro",
    "Month To Date": "Month To Date",
    "Montserrat": "Montserrat",
    "Morocco": "Morocco",
    "Mozambique": "Mozambique",
    "Myanmar": "Myanmar",
    "Name": "Име",
    "Namibia": "Namibia",
    "Nauru": "Nauru",
    "Nepal": "Nepal",
    "Netherlands": "Netherlands",
    "Nevermind": "Није битно",
    "New": "New",
    "New :resource": "New :resource",
    "New Caledonia": "New Caledonia",
    "New Password": "Нова лозинка",
    "New Zealand": "New Zealand",
    "Next": "Next",
    "Nicaragua": "Nicaragua",
    "Niger": "Niger",
    "Nigeria": "Nigeria",
    "Niue": "Niue",
    "No": "No",
    "No :resource matched the given criteria.": "No :resource matched the given criteria.",
    "No additional information...": "No additional information...",
    "No Current Data": "No Current Data",
    "No Data": "No Data",
    "no file selected": "no file selected",
    "No Increase": "No Increase",
    "No Prior Data": "No Prior Data",
    "No Results Found.": "No Results Found.",
    "Norfolk Island": "Norfolk Island",
    "Northern Mariana Islands": "Northern Mariana Islands",
    "Norway": "Norway",
    "Not Found": "Није пронађено.",
    "Nova User": "Nova User",
    "November": "November",
    "October": "October",
    "of": "of",
    "Oh no": "Ох не",
    "Oman": "Oman",
    "Once a team is deleted, all of its resources and data will be permanently deleted. Before deleting this team, please download any data or information regarding this team that you wish to retain.": "Једном када се тим избрише, сви његови ресурси и подаци биће трајно избрисани. Пре брисања овог тима, преузмите све податке или информације у вези са тимом које желите да задржите.",
    "Once your account is deleted, all of its resources and data will be permanently deleted. Before deleting your account, please download any data or information that you wish to retain.": "Једном када се ваш налог избрише, сви његови ресурси и подаци биће трајно избрисани. Пре брисања налога, преузмите све податке или информације које желите да задржите.",
    "Only Trashed": "Only Trashed",
    "Original": "Original",
    "Page Expired": "Страница је истекла",
    "Pagination Navigation": "Pagination Navigation",
    "Pakistan": "Pakistan",
    "Palau": "Palau",
    "Palestinian Territory, Occupied": "Palestinian Territories",
    "Panama": "Panama",
    "Papua New Guinea": "Papua New Guinea",
    "Paraguay": "Paraguay",
    "Password": "Лозинка",
    "Pay :amount": "Pay :amount",
    "Payment Cancelled": "Payment Cancelled",
    "Payment Confirmation": "Payment Confirmation",
    "Payment Successful": "Payment Successful",
    "Pending Team Invitations": "Pending Team Invitations",
    "Per Page": "Per Page",
    "Permanently delete this team.": "Трајно избриши овај тим.",
    "Permanently delete your account.": "Трајно избришите свој налог.",
    "Permissions": "Дозволе",
    "Peru": "Peru",
    "Philippines": "Philippines",
    "Photo": "Слика",
    "Pitcairn": "Pitcairn Islands",
    "Please click the button below to verify your email address.": "Молимо кликните на дугме испод да верификујете Вашу е-маил адресу.",
    "Please confirm access to your account by entering one of your emergency recovery codes.": "Молимо потврдите приступ Вашем налогу тако што ћете унети један од кодова за обнову.",
    "Please confirm access to your account by entering the authentication code provided by your authenticator application.": "Молимо потврдите приступ Вашем налогу тако што ћете унети код за аутентификацију коју сте добили од ваше апликације за аутентификацију.",
    "Please confirm your password before continuing.": "Молимо потврдите Вашу лозинку да бисте наставили.",
    "Please copy your new API token. For your security, it won't be shown again.": "Копирајте свој нови АПИ токен. Због ваше сигурности неће се поново приказивати.",
    "Please enter your password to confirm you would like to log out of your other browser sessions across all of your devices.": "Please enter your password to confirm you would like to log out of your other browser sessions across all of your devices.",
    "Please enter your password to confirm you would like to logout of your other browser sessions across all of your devices.": "Унесите лозинку да бисте потврдили да желите да се одјавите из осталих сесија прегледача на свим својим уређајима.",
    "Please provide the email address of the person you would like to add to this team.": "Please provide the email address of the person you would like to add to this team.",
    "Please provide the email address of the person you would like to add to this team. The email address must be associated with an existing account.": "Наведите е-адресу особе коју бисте желели да додате у овај тим. Адреса е-поште мора бити повезана са постојећим налогом.",
    "Please provide your name.": "Please provide your name.",
    "Poland": "Poland",
    "Portugal": "Portugal",
    "Press \/ to search": "Press \/ to search",
    "Preview": "Preview",
    "Previous": "Previous",
    "Privacy Policy": "Privacy Policy",
    "Profile": "Профил",
    "Profile Information": "Информације о профилу",
    "Puerto Rico": "Puerto Rico",
    "Qatar": "Qatar",
    "Quarter To Date": "Quarter To Date",
    "Recovery Code": "Код за повраћај налога",
    "Regards": "Поздрав",
    "Regenerate Recovery Codes": "Обновите кодове за опоравак",
    "Register": "Регистрација",
    "Reload": "Reload",
    "Remember me": "Запамти ме",
    "Remember Me": "Запамти ме",
    "Remove": "Уклони",
    "Remove Photo": "Обриши слику",
    "Remove Team Member": "Уклоните члана тима",
    "Resend Verification Email": "Поново пошаљи верификациони мејл",
    "Reset Filters": "Reset Filters",
    "Reset Password": "Ресетуј лозинку",
    "Reset Password Notification": "Обавештење о ресетовању лозинке",
    "resource": "resource",
    "Resources": "Resources",
    "resources": "resources",
    "Restore": "Restore",
    "Restore Resource": "Restore Resource",
    "Restore Selected": "Restore Selected",
    "results": "results",
    "Reunion": "Réunion",
    "Role": "Рола",
    "Romania": "Romania",
    "Run Action": "Run Action",
    "Russian Federation": "Russian Federation",
    "Rwanda": "Rwanda",
    "Saint Barthelemy": "St. Barthélemy",
    "Saint Helena": "St. Helena",
    "Saint Kitts And Nevis": "St. Kitts and Nevis",
    "Saint Lucia": "St. Lucia",
    "Saint Martin": "St. Martin",
    "Saint Pierre And Miquelon": "St. Pierre and Miquelon",
    "Saint Vincent And Grenadines": "St. Vincent and Grenadines",
    "Samoa": "Samoa",
    "San Marino": "San Marino",
    "Sao Tome And Principe": "São Tomé and Príncipe",
    "Saudi Arabia": "Saudi Arabia",
    "Save": "Сачувај",
    "Saved.": "Сачувано.",
    "Search": "Search",
    "Select A New Photo": "Изабери нову слику",
    "Select Action": "Select Action",
    "Select All": "Select All",
    "Select All Matching": "Select All Matching",
    "Send Password Reset Link": "Пошаљи линк за ресетовање лозинке",
    "Senegal": "Senegal",
    "September": "September",
    "Serbia": "Serbia",
    "Server Error": "Серверска грешка",
    "Service Unavailable": "Сервис недоступан",
    "Seychelles": "Seychelles",
    "Show All Fields": "Show All Fields",
    "Show Content": "Show Content",
    "Show Recovery Codes": "Прикажи кодове за опоравак",
    "Showing": "Showing",
    "Sierra Leone": "Sierra Leone",
    "Singapore": "Singapore",
    "Sint Maarten (Dutch part)": "Sint Maarten",
    "Slovakia": "Slovakia",
    "Slovenia": "Slovenia",
    "Solomon Islands": "Solomon Islands",
    "Somalia": "Somalia",
    "Something went wrong.": "Something went wrong.",
    "Sorry! You are not authorized to perform this action.": "Sorry! You are not authorized to perform this action.",
    "Sorry, your session has expired.": "Sorry, your session has expired.",
    "South Africa": "South Africa",
    "South Georgia And Sandwich Isl.": "South Georgia and South Sandwich Islands",
    "South Sudan": "South Sudan",
    "Spain": "Spain",
    "Sri Lanka": "Sri Lanka",
    "Start Polling": "Start Polling",
    "Stop Polling": "Stop Polling",
    "Store these recovery codes in a secure password manager. They can be used to recover access to your account if your two factor authentication device is lost.": "Чувајте ове кодове за опоравак у сигурном менаџеру лозинки. Могу се користити за опоравак приступа вашем налогу ако се изгуби двофакторски уређај за потврду идентитета.",
    "Sudan": "Sudan",
    "Suriname": "Suriname",
    "Svalbard And Jan Mayen": "Svalbard and Jan Mayen",
    "Swaziland": "Eswatini",
    "Sweden": "Sweden",
    "Switch Teams": "Промени тим",
    "Switzerland": "Switzerland",
    "Syrian Arab Republic": "Syria",
    "Taiwan": "Taiwan",
    "Tajikistan": "Tajikistan",
    "Tanzania": "Tanzania",
    "Team Details": "Детаљи тима",
    "Team Invitation": "Team Invitation",
    "Team Members": "Чланови тима",
    "Team Name": "Име тиме",
    "Team Owner": "Власник тима",
    "Team Settings": "Подешавање тима",
    "Terms of Service": "Terms of Service",
    "Thailand": "Thailand",
    "Thanks for signing up! Before getting started, could you verify your email address by clicking on the link we just emailed to you? If you didn't receive the email, we will gladly send you another.": "Thanks for signing up! Before getting started, could you verify your email address by clicking on the link we just emailed to you? If you didn't receive the email, we will gladly send you another.",
    "The :attribute must be a valid role.": ":attribute мора бити валидна рола.",
    "The :attribute must be at least :length characters and contain at least one number.": ":attribute мора бити најмање :length карактера и мора садржати барем један број.",
    "The :attribute must be at least :length characters and contain at least one special character and one number.": "The :attribute must be at least :length characters and contain at least one special character and one number.",
    "The :attribute must be at least :length characters and contain at least one special character.": ":attribute мора бити најмање :length карактера и мора садржати барем један специјални карактер.",
    "The :attribute must be at least :length characters and contain at least one uppercase character and one number.": ":attribute мора бити најмање :length карактера и мора садржати једно велико слово и један број.",
    "The :attribute must be at least :length characters and contain at least one uppercase character and one special character.": ":attribute мора бити најмање :length карактера и мора садржати једно велико слово и један специјални карактер.",
    "The :attribute must be at least :length characters and contain at least one uppercase character, one number, and one special character.": ":attribute мора бити најмање :length карактера и мора садржати једно велико слово, један број и један специјални карактер.",
    "The :attribute must be at least :length characters and contain at least one uppercase character.": ":attribute мора бити најмање :length карактера и мора садржати једно велико слово.",
    "The :attribute must be at least :length characters.": ":attribute мора бити најмање :length карактера.",
    "The :resource was created!": "The :resource was created!",
    "The :resource was deleted!": "The :resource was deleted!",
    "The :resource was restored!": "The :resource was restored!",
    "The :resource was updated!": "The :resource was updated!",
    "The action ran successfully!": "The action ran successfully!",
    "The file was deleted!": "The file was deleted!",
    "The government won't let us show you what's behind these doors": "The government won't let us show you what's behind these doors",
    "The HasOne relationship has already been filled.": "The HasOne relationship has already been filled.",
    "The payment was successful.": "The payment was successful.",
    "The provided password does not match your current password.": "Унели сте лозинку која се не поклапа са Вашом лозинком.",
    "The provided password was incorrect.": "Унета лозинка није тачна.",
    "The provided two factor authentication code was invalid.": "Код за двофакторску аутентификацију није валидан.",
    "The resource was updated!": "The resource was updated!",
    "The team's name and owner information.": "Информације о имену тима и власнику.",
    "There are no available options for this resource.": "There are no available options for this resource.",
    "There was a problem executing the action.": "There was a problem executing the action.",
    "There was a problem submitting the form.": "There was a problem submitting the form.",
    "These people have been invited to your team and have been sent an invitation email. They may join the team by accepting the email invitation.": "These people have been invited to your team and have been sent an invitation email. They may join the team by accepting the email invitation.",
    "This action is unauthorized.": "Ова акција није овлашћена.",
    "This device": "Овај уређај",
    "This file field is read-only.": "This file field is read-only.",
    "This image": "This image",
    "This is a secure area of the application. Please confirm your password before continuing.": "This is a secure area of the application. Please confirm your password before continuing.",
    "This password does not match our records.": "Лозинка се не поклапа са нашом базом.",
    "This password reset link will expire in :count minutes.": "Линк за промену лозинке истице за :count минута.",
    "This payment was already successfully confirmed.": "This payment was already successfully confirmed.",
    "This payment was cancelled.": "This payment was cancelled.",
    "This resource no longer exists": "This resource no longer exists",
    "This user already belongs to the team.": "Овај корисник већ припада овом тиму.",
    "This user has already been invited to the team.": "This user has already been invited to the team.",
    "Timor-Leste": "Timor-Leste",
    "to": "to",
    "Today": "Today",
    "Toggle navigation": "Прикажи навигацију",
    "Togo": "Togo",
    "Tokelau": "Tokelau",
    "Token Name": "Име токена",
    "Tonga": "Tonga",
    "Too Many Attempts.": "Превише покушаја.",
    "Too Many Requests": "Превише захтева",
    "total": "total",
    "Trashed": "Trashed",
    "Trinidad And Tobago": "Trinidad and Tobago",
    "Tunisia": "Tunisia",
    "Turkey": "Turkey",
    "Turkmenistan": "Turkmenistan",
    "Turks And Caicos Islands": "Turks and Caicos Islands",
    "Tuvalu": "Tuvalu",
    "Two Factor Authentication": "Двофакторска аутентификација",
    "Two factor authentication is now enabled. Scan the following QR code using your phone's authenticator application.": "Двофакторска аутентификација је сада омогућена. Скенирајте следећи QR код помоћу апликације за аутентификацију вашег телефона.",
    "Uganda": "Uganda",
    "Ukraine": "Ukraine",
    "Unauthorized": "Неовлашћен приступ",
    "United Arab Emirates": "United Arab Emirates",
    "United Kingdom": "United Kingdom",
    "United States": "United States",
    "United States Outlying Islands": "U.S. Outlying Islands",
    "Update": "Update",
    "Update & Continue Editing": "Update & Continue Editing",
    "Update :resource": "Update :resource",
    "Update :resource: :title": "Update :resource: :title",
    "Update attached :resource: :title": "Update attached :resource: :title",
    "Update Password": "Ажурирај лозинку",
    "Update your account's profile information and email address.": "Ажурирајте информације о профилу налога и адресу е-поште.",
    "Uruguay": "Uruguay",
    "Use a recovery code": "Користи код за повратак налога",
    "Use an authentication code": "Користи код за аутентификацију налога",
    "Uzbekistan": "Uzbekistan",
    "Value": "Value",
    "Vanuatu": "Vanuatu",
    "Venezuela": "Venezuela",
    "Verify Email Address": "Верификуј Емаил Адресу",
    "Verify Your Email Address": "Верификујте Вашу Емаил Адресу",
    "Viet Nam": "Vietnam",
    "View": "View",
    "Virgin Islands, British": "British Virgin Islands",
    "Virgin Islands, U.S.": "U.S. Virgin Islands",
    "Wallis And Futuna": "Wallis and Futuna",
    "We were unable to find a registered user with this email address.": "Нисмо успели да нађемо регистрованог корисника са овом емаил адресом.",
    "We won't ask for your password again for a few hours.": "Нећемо Вас поново питати за Вашу лозинку у неколико следећих сати.",
    "We're lost in space. The page you were trying to view does not exist.": "We're lost in space. The page you were trying to view does not exist.",
    "Welcome Back!": "Welcome Back!",
    "Western Sahara": "Western Sahara",
    "When two factor authentication is enabled, you will be prompted for a secure, random token during authentication. You may retrieve this token from your phone's Google Authenticator application.": "Када је омогућена двостепена потврда идентитета, од вас ће се тражити сигуран, случајни токен током потврде идентитета. Овај токен можете да преузмете из апликације Гоогле Аутхентицатор на телефону.",
    "Whoops": "Whoops",
    "Whoops!": "Упс!",
    "Whoops! Something went wrong.": "Упс! Нешто није у реду.",
    "With Trashed": "With Trashed",
    "Write": "Write",
    "Year To Date": "Year To Date",
    "Yemen": "Yemen",
    "Yes": "Yes",
    "You are logged in!": "Улоговани сте!",
    "You are receiving this email because we received a password reset request for your account.": "Добили сте овај емаил зато што само примили захтев за промену лозинке за Ваш налог.",
    "You have been invited to join the :team team!": "You have been invited to join the :team team!",
    "You have enabled two factor authentication.": "Омогућили сте двофакторску потврду идентитета.",
    "You have not enabled two factor authentication.": "Нисте омогућили двофакторску потврду идентитета.",
    "You may delete any of your existing tokens if they are no longer needed.": "Можете избрисати било који од постојећих токена ако више нису потребни.",
    "You may not delete your personal team.": "Не можете избрисати свој лични тим.",
    "You may not leave a team that you created.": "Не можете напустити тим који сте Ви креирали.",
    "Your email address is not verified.": "Ваша емаил адреса није верификована.",
    "Zambia": "Zambia",
    "Zimbabwe": "Zimbabwe"
}
