{
    "30 Days": "30 Days",
    "60 Days": "60 Days",
    "90 Days": "90 Days",
    ":amount Total": ":amount Total",
    ":resource Details": ":resource Details",
    ":resource Details: :title": ":resource Details: :title",
    "A fresh verification link has been sent to your email address.": "Novi verifikacioni link je poslat na Vašu e-mail adresu.",
    "A new verification link has been sent to the email address you provided during registration.": "Novi verifikacioni link je poslat na Vašu e-mail adresu koju ste uneli u toku registracije.",
    "Accept Invitation": "Accept Invitation",
    "Action": "Action",
    "Action Happened At": "Happened At",
    "Action Initiated By": "Initiated By",
    "Action Name": "Name",
    "Action Status": "Status",
    "Action Target": "Target",
    "Actions": "Actions",
    "Add": "Dodaj",
    "Add a new team member to your team, allowing them to collaborate with you.": "Dodaj novog člana tima u tvoj tim, dozvoljavajući mu da radi sa tobom.",
    "Add additional security to your account using two factor authentication.": "Dodaj dodatnu sigurnost tvoj nalogu tako sto ćes koristiti autentifikaciju u dva koraka.",
    "Add row": "Add row",
    "Add Team Member": "Dodaj novog člana tima.",
    "Added.": "Dodato.",
    "Administrator": "Administrator",
    "Administrator users can perform any action.": "Administrator users can perform any action.",
    "Afghanistan": "Afghanistan",
    "Aland Islands": "Åland Islands",
    "Albania": "Albania",
    "Algeria": "Algeria",
    "All of the people that are part of this team.": "Svi ljudi koji su deo ovog tima.",
    "All resources loaded.": "All resources loaded.",
    "All rights reserved.": "Sva prava zadržana.",
    "Already registered?": "Već ste registrovani?",
    "American Samoa": "American Samoa",
    "An error occured while uploading the file.": "An error occured while uploading the file.",
    "Andorra": "Andorra",
    "Angola": "Angola",
    "Anguilla": "Anguilla",
    "Another user has updated this resource since this page was loaded. Please refresh the page and try again.": "Another user has updated this resource since this page was loaded. Please refresh the page and try again.",
    "Antarctica": "Antarctica",
    "Antigua And Barbuda": "Antigua and Barbuda",
    "API Token": "API  Token",
    "API Token Permissions": "Dozvole API tokena",
    "API Tokens": "API Tokeni",
    "API tokens allow third-party services to authenticate with our application on your behalf.": "API token omogućava uslugama nezavisnih proizvođača da se autentifikuju pomoću naše aplikacije u vaše ime.",
    "April": "April",
    "Are you sure you want to delete the selected resources?": "Are you sure you want to delete the selected resources?",
    "Are you sure you want to delete this file?": "Are you sure you want to delete this file?",
    "Are you sure you want to delete this resource?": "Are you sure you want to delete this resource?",
    "Are you sure you want to delete this team? Once a team is deleted, all of its resources and data will be permanently deleted.": "Da li ste sigurni da želite da izbrišete ovaj tim? Jednom kada se tim izbriše, svi njegovi resursi i podaci biće trajno izbrisani.",
    "Are you sure you want to delete your account? Once your account is deleted, all of its resources and data will be permanently deleted. Please enter your password to confirm you would like to permanently delete your account.": "Da li ste sigurni da želite da izbrišete svoj nalog? Jednom kada se vaš nalog izbriše, svi njegovi resursi i podaci biće trajno izbrisani. Unesite lozinku da biste potvrdili da želite trajno izbrisati nalog.",
    "Are you sure you want to detach the selected resources?": "Are you sure you want to detach the selected resources?",
    "Are you sure you want to detach this resource?": "Are you sure you want to detach this resource?",
    "Are you sure you want to force delete the selected resources?": "Are you sure you want to force delete the selected resources?",
    "Are you sure you want to force delete this resource?": "Are you sure you want to force delete this resource?",
    "Are you sure you want to restore the selected resources?": "Are you sure you want to restore the selected resources?",
    "Are you sure you want to restore this resource?": "Are you sure you want to restore this resource?",
    "Are you sure you want to run this action?": "Are you sure you want to run this action?",
    "Are you sure you would like to delete this API token?": "Da li ste sigurni da želite da izbrišete ovaj API token?",
    "Are you sure you would like to leave this team?": "Da li ste sigurni da biste želeli da napustite ovaj tim?",
    "Are you sure you would like to remove this person from the team?": "Da li ste sigurni da želite da uklonite ovu osobu iz tima?",
    "Argentina": "Argentina",
    "Armenia": "Armenia",
    "Aruba": "Aruba",
    "Attach": "Attach",
    "Attach & Attach Another": "Attach & Attach Another",
    "Attach :resource": "Attach :resource",
    "August": "August",
    "Australia": "Australia",
    "Austria": "Austria",
    "Azerbaijan": "Azerbaijan",
    "Bahamas": "Bahamas",
    "Bahrain": "Bahrain",
    "Bangladesh": "Bangladesh",
    "Barbados": "Barbados",
    "Before proceeding, please check your email for a verification link.": "Pre nego sto nastavite, molimo Vaš proverite e-mail za verifikacioni link.",
    "Belarus": "Belarus",
    "Belgium": "Belgium",
    "Belize": "Belize",
    "Benin": "Benin",
    "Bermuda": "Bermuda",
    "Bhutan": "Bhutan",
    "Bolivia": "Bolivia",
    "Bonaire, Sint Eustatius and Saba": "Bonaire, Sint Eustatius and Saba",
    "Bosnia And Herzegovina": "Bosnia and Herzegovina",
    "Botswana": "Botswana",
    "Bouvet Island": "Bouvet Island",
    "Brazil": "Brazil",
    "British Indian Ocean Territory": "British Indian Ocean Territory",
    "Browser Sessions": "Sesije web pregledača",
    "Brunei Darussalam": "Brunei",
    "Bulgaria": "Bulgaria",
    "Burkina Faso": "Burkina Faso",
    "Burundi": "Burundi",
    "Cambodia": "Cambodia",
    "Cameroon": "Cameroon",
    "Canada": "Canada",
    "Cancel": "Cancel",
    "Cape Verde": "Cape Verde",
    "Card": "Card",
    "Cayman Islands": "Cayman Islands",
    "Central African Republic": "Central African Republic",
    "Chad": "Chad",
    "Changes": "Changes",
    "Chile": "Chile",
    "China": "China",
    "Choose": "Choose",
    "Choose :field": "Choose :field",
    "Choose :resource": "Choose :resource",
    "Choose an option": "Choose an option",
    "Choose date": "Choose date",
    "Choose File": "Choose File",
    "Choose Type": "Choose Type",
    "Christmas Island": "Christmas Island",
    "click here to request another": "Kliknite ovde da pošaljete još jedan",
    "Click to choose": "Click to choose",
    "Close": "Zatvori",
    "Cocos (Keeling) Islands": "Cocos (Keeling) Islands",
    "Code": "Kod",
    "Colombia": "Colombia",
    "Comoros": "Comoros",
    "Confirm": "Potvrdi",
    "Confirm Password": "Potvrdite lozinku",
    "Confirm Payment": "Confirm Payment",
    "Confirm your :amount payment": "Confirm your :amount payment",
    "Congo": "Congo",
    "Congo, Democratic Republic": "Congo, Democratic Republic",
    "Constant": "Constant",
    "Cook Islands": "Cook Islands",
    "Costa Rica": "Costa Rica",
    "Cote D'Ivoire": "Côte d'Ivoire",
    "could not be found.": "could not be found.",
    "Create": "Kreiraj",
    "Create & Add Another": "Create & Add Another",
    "Create :resource": "Create :resource",
    "Create a new team to collaborate with others on projects.": "Napravite novi tim za saradnju sa drugima na projektima.",
    "Create Account": "Create Account",
    "Create API Token": "Napravite API Token",
    "Create New Team": "Napravite novi tim",
    "Create Team": "Napravi tim",
    "Created.": "Kreirano.",
    "Croatia": "Croatia",
    "Cuba": "Cuba",
    "Curaçao": "Curaçao",
    "Current Password": "Trenutna lozinka",
    "Customize": "Customize",
    "Cyprus": "Cyprus",
    "Czech Republic": "Czechia",
    "Dashboard": "Kontrolna tabla",
    "December": "December",
    "Decrease": "Decrease",
    "Delete": "Brisanje",
    "Delete Account": "Izbriši nalog",
    "Delete API Token": "Obriši API Token",
    "Delete File": "Delete File",
    "Delete Resource": "Delete Resource",
    "Delete Selected": "Delete Selected",
    "Delete Team": "Obriši tim",
    "Denmark": "Denmark",
    "Detach": "Detach",
    "Detach Resource": "Detach Resource",
    "Detach Selected": "Detach Selected",
    "Details": "Details",
    "Disable": "Deaktiviraj",
    "Djibouti": "Djibouti",
    "Do you really want to leave? You have unsaved changes.": "Do you really want to leave? You have unsaved changes.",
    "Dominica": "Dominica",
    "Dominican Republic": "Dominican Republic",
    "Done.": "Gotovo.",
    "Download": "Download",
    "E-Mail Address": "Adresa elektronske pošte",
    "Ecuador": "Ecuador",
    "Edit": "Edit",
    "Edit :resource": "Edit :resource",
    "Edit Attached": "Edit Attached",
    "Editor": "Editor",
    "Editor users have the ability to read, create, and update.": "Editor users have the ability to read, create, and update.",
    "Egypt": "Egypt",
    "El Salvador": "El Salvador",
    "Email": "E-mail",
    "Email Address": "Email Address",
    "Email Password Reset Link": "Link ka mejlu za reset lozinke",
    "Enable": "Aktiviraj",
    "Ensure your account is using a long, random password to stay secure.": "Uverite se da nalog koristi dugu nasumičnu lozinku da biste bili sigurni.",
    "Equatorial Guinea": "Equatorial Guinea",
    "Eritrea": "Eritrea",
    "Estonia": "Estonia",
    "Ethiopia": "Ethiopia",
    "Extra confirmation is needed to process your payment. Please confirm your payment by filling out your payment details below.": "Extra confirmation is needed to process your payment. Please confirm your payment by filling out your payment details below.",
    "Extra confirmation is needed to process your payment. Please continue to the payment page by clicking on the button below.": "Extra confirmation is needed to process your payment. Please continue to the payment page by clicking on the button below.",
    "Falkland Islands (Malvinas)": "Falkland Islands (Malvinas)",
    "Faroe Islands": "Faroe Islands",
    "February": "February",
    "Fiji": "Fiji",
    "Finland": "Finland",
    "For your security, please confirm your password to continue.": "Radi vaše sigurnosti, potvrdite lozinku da biste nastavili.",
    "Forbidden": "Zabranjeno",
    "Force Delete": "Force Delete",
    "Force Delete Resource": "Force Delete Resource",
    "Force Delete Selected": "Force Delete Selected",
    "Forgot Your Password?": "Zaboravili ste lozinku?",
    "Forgot your password?": "Zaboravili ste lozinku?",
    "Forgot your password? No problem. Just let us know your email address and we will email you a password reset link that will allow you to choose a new one.": "Zaboravili ste lozinku? Nema problema. Samo nam recite Vašu email adresu i mi ćemo Vam poslati link za reset lozinke na Vaš mejl koji će Vam omogućiti da izaberete novu lozinku.",
    "France": "France",
    "French Guiana": "French Guiana",
    "French Polynesia": "French Polynesia",
    "French Southern Territories": "French Southern Territories",
    "Full name": "Full name",
    "Gabon": "Gabon",
    "Gambia": "Gambia",
    "Georgia": "Georgia",
    "Germany": "Germany",
    "Ghana": "Ghana",
    "Gibraltar": "Gibraltar",
    "Go back": "Go back",
    "Go Home": "Idi na pocetnu",
    "Go to page :page": "Go to page :page",
    "Great! You have accepted the invitation to join the :team team.": "Great! You have accepted the invitation to join the :team team.",
    "Greece": "Greece",
    "Greenland": "Greenland",
    "Grenada": "Grenada",
    "Guadeloupe": "Guadeloupe",
    "Guam": "Guam",
    "Guatemala": "Guatemala",
    "Guernsey": "Guernsey",
    "Guinea": "Guinea",
    "Guinea-Bissau": "Guinea-Bissau",
    "Guyana": "Guyana",
    "Haiti": "Haiti",
    "Heard Island & Mcdonald Islands": "Heard Island and McDonald Islands",
    "Hello!": "Zdravo!",
    "Hide Content": "Hide Content",
    "Hold Up!": "Hold Up!",
    "Holy See (Vatican City State)": "Vatican City",
    "Honduras": "Honduras",
    "Hong Kong": "Hong Kong",
    "Hungary": "Hungary",
    "I agree to the :terms_of_service and :privacy_policy": "I agree to the :terms_of_service and :privacy_policy",
    "Iceland": "Iceland",
    "ID": "ID",
    "If necessary, you may log out of all of your other browser sessions across all of your devices. Some of your recent sessions are listed below; however, this list may not be exhaustive. If you feel your account has been compromised, you should also update your password.": "If necessary, you may log out of all of your other browser sessions across all of your devices. Some of your recent sessions are listed below; however, this list may not be exhaustive. If you feel your account has been compromised, you should also update your password.",
    "If necessary, you may logout of all of your other browser sessions across all of your devices. Some of your recent sessions are listed below; however, this list may not be exhaustive. If you feel your account has been compromised, you should also update your password.": "Ako je potrebno, možete da se odjavite iz svih ostalih sesija pregledača na svim svojim uređajima. Ako smatrate da je nalog narušen, trebalo bi da ažurirate i lozinku.",
    "If you already have an account, you may accept this invitation by clicking the button below:": "If you already have an account, you may accept this invitation by clicking the button below:",
    "If you did not create an account, no further action is required.": "Ukoliko niste kreirali nalog, nije potrebno da preduzimate dalje korake.",
    "If you did not expect to receive an invitation to this team, you may discard this email.": "If you did not expect to receive an invitation to this team, you may discard this email.",
    "If you did not receive the email": "Ako niste primili e-mail",
    "If you did not request a password reset, no further action is required.": "Ukoliko niste zahtevali promenu lozinke, nije potrebno da preduzimate dalje korake.",
    "If you do not have an account, you may create one by clicking the button below. After creating an account, you may click the invitation acceptance button in this email to accept the team invitation:": "If you do not have an account, you may create one by clicking the button below. After creating an account, you may click the invitation acceptance button in this email to accept the team invitation:",
    "If you’re having trouble clicking the \":actionText\" button, copy and paste the URL below\ninto your web browser:": "Ako imate problema pri kliku na \":actionText\" dugme, kopirajte i nalepite URL ispod\n ili u vaš veb pretraživač:",
    "Increase": "Increase",
    "India": "India",
    "Indonesia": "Indonesia",
    "Invalid signature.": "Nevažeći potpis.",
    "Iran, Islamic Republic Of": "Iran",
    "Iraq": "Iraq",
    "Ireland": "Ireland",
    "Isle Of Man": "Isle of Man",
    "Israel": "Israel",
    "Italy": "Italy",
    "Jamaica": "Jamaica",
    "January": "January",
    "Japan": "Japan",
    "Jersey": "Jersey",
    "Jordan": "Jordan",
    "July": "July",
    "June": "June",
    "Kazakhstan": "Kazakhstan",
    "Kenya": "Kenya",
    "Key": "Key",
    "Kiribati": "Kiribati",
    "Korea": "South Korea",
    "Korea, Democratic People's Republic of": "North Korea",
    "Kosovo": "Kosovo",
    "Kuwait": "Kuwait",
    "Kyrgyzstan": "Kyrgyzstan",
    "Lao People's Democratic Republic": "Laos",
    "Last active": "Poslednji put aktivan",
    "Last used": "Poslednje korišćen",
    "Latvia": "Latvia",
    "Leave": "Napusti",
    "Leave Team": "Napusti tim",
    "Lebanon": "Lebanon",
    "Lens": "Lens",
    "Lesotho": "Lesotho",
    "Liberia": "Liberia",
    "Libyan Arab Jamahiriya": "Libya",
    "Liechtenstein": "Liechtenstein",
    "Lithuania": "Lithuania",
    "Load :perPage More": "Load :perPage More",
    "Log in": "Log in",
    "Log out": "Log out",
    "Log Out": "Log Out",
    "Log Out Other Browser Sessions": "Log Out Other Browser Sessions",
    "Login": "Prijava",
    "Logout": "Odjava",
    "Logout Other Browser Sessions": "Odjavi se sa ostalih sesija iz pregledača",
    "Luxembourg": "Luxembourg",
    "Macao": "Macao",
    "Macedonia": "North Macedonia",
    "Madagascar": "Madagascar",
    "Malawi": "Malawi",
    "Malaysia": "Malaysia",
    "Maldives": "Maldives",
    "Mali": "Mali",
    "Malta": "Malta",
    "Manage Account": "Upravljaj nalogom",
    "Manage and log out your active sessions on other browsers and devices.": "Manage and log out your active sessions on other browsers and devices.",
    "Manage and logout your active sessions on other browsers and devices.": "Upravljajte aktivnim sesijama i odjavljujte ih iz drugih pregledača i uređaja.",
    "Manage API Tokens": "Upravljanje API tokenima",
    "Manage Role": "Upravljaj rolom",
    "Manage Team": "Upravljaj timom",
    "March": "March",
    "Marshall Islands": "Marshall Islands",
    "Martinique": "Martinique",
    "Mauritania": "Mauritania",
    "Mauritius": "Mauritius",
    "May": "May",
    "Mayotte": "Mayotte",
    "Mexico": "Mexico",
    "Micronesia, Federated States Of": "Micronesia",
    "Moldova": "Moldova",
    "Monaco": "Monaco",
    "Mongolia": "Mongolia",
    "Montenegro": "Montenegro",
    "Month To Date": "Month To Date",
    "Montserrat": "Montserrat",
    "Morocco": "Morocco",
    "Mozambique": "Mozambique",
    "Myanmar": "Myanmar",
    "Name": "Ime",
    "Namibia": "Namibia",
    "Nauru": "Nauru",
    "Nepal": "Nepal",
    "Netherlands": "Netherlands",
    "Nevermind": "Nije bitno",
    "New": "New",
    "New :resource": "New :resource",
    "New Caledonia": "New Caledonia",
    "New Password": "Nova lozinka",
    "New Zealand": "New Zealand",
    "Next": "Next",
    "Nicaragua": "Nicaragua",
    "Niger": "Niger",
    "Nigeria": "Nigeria",
    "Niue": "Niue",
    "No": "No",
    "No :resource matched the given criteria.": "No :resource matched the given criteria.",
    "No additional information...": "No additional information...",
    "No Current Data": "No Current Data",
    "No Data": "No Data",
    "no file selected": "no file selected",
    "No Increase": "No Increase",
    "No Prior Data": "No Prior Data",
    "No Results Found.": "No Results Found.",
    "Norfolk Island": "Norfolk Island",
    "Northern Mariana Islands": "Northern Mariana Islands",
    "Norway": "Norway",
    "Not Found": "Nije pronađeno.",
    "Nova User": "Nova User",
    "November": "November",
    "October": "October",
    "of": "of",
    "Oh no": "Oh ne",
    "Oman": "Oman",
    "Once a team is deleted, all of its resources and data will be permanently deleted. Before deleting this team, please download any data or information regarding this team that you wish to retain.": "Jednom kada se tim izbriše, svi njegovi resursi i podaci biće trajno izbrisani. Pre brisanja ovog tima, preuzmite sve podatke ili informacije u vezi sa timom koje želite da zadržite.",
    "Once your account is deleted, all of its resources and data will be permanently deleted. Before deleting your account, please download any data or information that you wish to retain.": "Jednom kada se vaš nalog izbriše, svi njegovi resursi i podaci biće trajno izbrisani. Pre brisanja naloga, preuzmite sve podatke ili informacije koje želite da zadržite.",
    "Only Trashed": "Only Trashed",
    "Original": "Original",
    "Page Expired": "Stranica je istekla",
    "Pagination Navigation": "Pagination Navigation",
    "Pakistan": "Pakistan",
    "Palau": "Palau",
    "Palestinian Territory, Occupied": "Palestinian Territories",
    "Panama": "Panama",
    "Papua New Guinea": "Papua New Guinea",
    "Paraguay": "Paraguay",
    "Password": "Lozinka",
    "Pay :amount": "Pay :amount",
    "Payment Cancelled": "Payment Cancelled",
    "Payment Confirmation": "Payment Confirmation",
    "Payment Successful": "Payment Successful",
    "Pending Team Invitations": "Pending Team Invitations",
    "Per Page": "Per Page",
    "Permanently delete this team.": "Trajno izbriši ovaj tim.",
    "Permanently delete your account.": "Trajno izbrišite svoj nalog.",
    "Permissions": "Dozvole",
    "Peru": "Peru",
    "Philippines": "Philippines",
    "Photo": "Slika",
    "Pitcairn": "Pitcairn Islands",
    "Please click the button below to verify your email address.": "Molimo kliknite na dugme ispod da verifikujete Vašu e-mail adresu.",
    "Please confirm access to your account by entering one of your emergency recovery codes.": "Molimo potvrdite pristup Vašem nalogu tako što ćete uneti jedan od kodova za obnovu.",
    "Please confirm access to your account by entering the authentication code provided by your authenticator application.": "Molimo potvrdite pristup Vašem nalogu tako što ćete uneti kod za autentifikaciju koju ste dobili od vaše aplikacije za autentifikaciju.",
    "Please confirm your password before continuing.": "Molimo potvrdite Vašu lozinku da biste nastavili.",
    "Please copy your new API token. For your security, it won't be shown again.": "Kopirajte svoj novi API token. Zbog vaše sigurnosti neće se ponovo prikazivati.",
    "Please enter your password to confirm you would like to log out of your other browser sessions across all of your devices.": "Please enter your password to confirm you would like to log out of your other browser sessions across all of your devices.",
    "Please enter your password to confirm you would like to logout of your other browser sessions across all of your devices.": "Unesite lozinku da biste potvrdili da želite da se odjavite iz ostalih sesija pregledača na svim svojim uređajima.",
    "Please provide the email address of the person you would like to add to this team.": "Please provide the email address of the person you would like to add to this team.",
    "Please provide the email address of the person you would like to add to this team. The email address must be associated with an existing account.": "Navedite e-adresu osobe koju biste želeli da dodate u ovaj tim. Adresa e-pošte mora biti povezana sa postojećim nalogom.",
    "Please provide your name.": "Please provide your name.",
    "Poland": "Poland",
    "Portugal": "Portugal",
    "Press \/ to search": "Press \/ to search",
    "Preview": "Preview",
    "Previous": "Previous",
    "Privacy Policy": "Privacy Policy",
    "Profile": "Profil",
    "Profile Information": "Informacije o profilu",
    "Puerto Rico": "Puerto Rico",
    "Qatar": "Qatar",
    "Quarter To Date": "Quarter To Date",
    "Recovery Code": "Kod za povraćaj naloga",
    "Regards": "Pozdrav",
    "Regenerate Recovery Codes": "Obnovite kodove za oporavak",
    "Register": "Registracija",
    "Reload": "Reload",
    "Remember me": "Zapamti me",
    "Remember Me": "Zapamti me",
    "Remove": "Ukloni",
    "Remove Photo": "Obriši sliku",
    "Remove Team Member": "Uklonite člana tima",
    "Resend Verification Email": "Ponovo pošalji verifikacioni mejl",
    "Reset Filters": "Reset Filters",
    "Reset Password": "Resetuj lozinku",
    "Reset Password Notification": "Obaveštenje o resetovanju lozinke",
    "resource": "resource",
    "Resources": "Resources",
    "resources": "resources",
    "Restore": "Restore",
    "Restore Resource": "Restore Resource",
    "Restore Selected": "Restore Selected",
    "results": "results",
    "Reunion": "Réunion",
    "Role": "Rola",
    "Romania": "Romania",
    "Run Action": "Run Action",
    "Russian Federation": "Russian Federation",
    "Rwanda": "Rwanda",
    "Saint Barthelemy": "St. Barthélemy",
    "Saint Helena": "St. Helena",
    "Saint Kitts And Nevis": "St. Kitts and Nevis",
    "Saint Lucia": "St. Lucia",
    "Saint Martin": "St. Martin",
    "Saint Pierre And Miquelon": "St. Pierre and Miquelon",
    "Saint Vincent And Grenadines": "St. Vincent and Grenadines",
    "Samoa": "Samoa",
    "San Marino": "San Marino",
    "Sao Tome And Principe": "São Tomé and Príncipe",
    "Saudi Arabia": "Saudi Arabia",
    "Save": "Sačuvaj",
    "Saved.": "Sačuvano.",
    "Search": "Search",
    "Select A New Photo": "Izaberi novu sliku",
    "Select Action": "Select Action",
    "Select All": "Select All",
    "Select All Matching": "Select All Matching",
    "Send Password Reset Link": "Pošalji link za resetovanje lozinke",
    "Senegal": "Senegal",
    "September": "September",
    "Serbia": "Serbia",
    "Server Error": "Serverska greška",
    "Service Unavailable": "Servis nedostupan",
    "Seychelles": "Seychelles",
    "Show All Fields": "Show All Fields",
    "Show Content": "Show Content",
    "Show Recovery Codes": "Prikaži kodove za oporavak",
    "Showing": "Showing",
    "Sierra Leone": "Sierra Leone",
    "Singapore": "Singapore",
    "Sint Maarten (Dutch part)": "Sint Maarten",
    "Slovakia": "Slovakia",
    "Slovenia": "Slovenia",
    "Solomon Islands": "Solomon Islands",
    "Somalia": "Somalia",
    "Something went wrong.": "Something went wrong.",
    "Sorry! You are not authorized to perform this action.": "Sorry! You are not authorized to perform this action.",
    "Sorry, your session has expired.": "Sorry, your session has expired.",
    "South Africa": "South Africa",
    "South Georgia And Sandwich Isl.": "South Georgia and South Sandwich Islands",
    "South Sudan": "South Sudan",
    "Spain": "Spain",
    "Sri Lanka": "Sri Lanka",
    "Start Polling": "Start Polling",
    "Stop Polling": "Stop Polling",
    "Store these recovery codes in a secure password manager. They can be used to recover access to your account if your two factor authentication device is lost.": "Čuvajte ove kodove za oporavak u sigurnom menadžeru lozinki. Mogu se koristiti za oporavak pristupa vašem nalogu ako se izgubi dvofaktorski uređaj za potvrdu identiteta.",
    "Sudan": "Sudan",
    "Suriname": "Suriname",
    "Svalbard And Jan Mayen": "Svalbard and Jan Mayen",
    "Swaziland": "Eswatini",
    "Sweden": "Sweden",
    "Switch Teams": "Promeni tim",
    "Switzerland": "Switzerland",
    "Syrian Arab Republic": "Syria",
    "Taiwan": "Taiwan",
    "Tajikistan": "Tajikistan",
    "Tanzania": "Tanzania",
    "Team Details": "Detalji tima",
    "Team Invitation": "Team Invitation",
    "Team Members": "Članovi tima",
    "Team Name": "Ime time",
    "Team Owner": "Vlasnik tima",
    "Team Settings": "Podešavanje tima",
    "Terms of Service": "Terms of Service",
    "Thailand": "Thailand",
    "Thanks for signing up! Before getting started, could you verify your email address by clicking on the link we just emailed to you? If you didn't receive the email, we will gladly send you another.": "Thanks for signing up! Before getting started, could you verify your email address by clicking on the link we just emailed to you? If you didn't receive the email, we will gladly send you another.",
    "The :attribute must be a valid role.": ":attribute mora biti validna rola.",
    "The :attribute must be at least :length characters and contain at least one number.": ":attribute mora biti najmanje :length karaktera i mora sadržati barem jedan broj.",
    "The :attribute must be at least :length characters and contain at least one special character and one number.": "The :attribute must be at least :length characters and contain at least one special character and one number.",
    "The :attribute must be at least :length characters and contain at least one special character.": ":attribute mora biti najmanje :length karaktera i mora sadržati barem jedan specijalni karakter.",
    "The :attribute must be at least :length characters and contain at least one uppercase character and one number.": ":attribute mora biti najmanje :length karaktera i mora sadržati jedno veliko slovo i jedan broj.",
    "The :attribute must be at least :length characters and contain at least one uppercase character and one special character.": ":attribute mora biti najmanje :length karaktera i mora sadržati jedno veliko slovo i jedan specijalni karakter.",
    "The :attribute must be at least :length characters and contain at least one uppercase character, one number, and one special character.": ":attribute mora biti najmanje :length karaktera i mora sadržati jedno veliko slovo, jedan broj i jedan specijalni karakter.",
    "The :attribute must be at least :length characters and contain at least one uppercase character.": ":attribute mora biti najmanje :length karaktera i mora sadržati jedno veliko slovo.",
    "The :attribute must be at least :length characters.": ":attribute mora biti najmanje :length karaktera.",
    "The :resource was created!": "The :resource was created!",
    "The :resource was deleted!": "The :resource was deleted!",
    "The :resource was restored!": "The :resource was restored!",
    "The :resource was updated!": "The :resource was updated!",
    "The action ran successfully!": "The action ran successfully!",
    "The file was deleted!": "The file was deleted!",
    "The government won't let us show you what's behind these doors": "The government won't let us show you what's behind these doors",
    "The HasOne relationship has already been filled.": "The HasOne relationship has already been filled.",
    "The payment was successful.": "The payment was successful.",
    "The provided password does not match your current password.": "Uneli ste lozinku koja se ne poklapa sa Vašom lozinkom.",
    "The provided password was incorrect.": "Uneta lozinka nije tačna.",
    "The provided two factor authentication code was invalid.": "Kod za dvofaktorsku autentifikaciju nije validan.",
    "The resource was updated!": "The resource was updated!",
    "The team's name and owner information.": "Informacije o imenu tima i vlasniku.",
    "There are no available options for this resource.": "There are no available options for this resource.",
    "There was a problem executing the action.": "There was a problem executing the action.",
    "There was a problem submitting the form.": "There was a problem submitting the form.",
    "These people have been invited to your team and have been sent an invitation email. They may join the team by accepting the email invitation.": "These people have been invited to your team and have been sent an invitation email. They may join the team by accepting the email invitation.",
    "This action is unauthorized.": "Ova akcija nije ovlašćena.",
    "This device": "Ovaj uređaj",
    "This file field is read-only.": "This file field is read-only.",
    "This image": "This image",
    "This is a secure area of the application. Please confirm your password before continuing.": "This is a secure area of the application. Please confirm your password before continuing.",
    "This password does not match our records.": "Lozinka se ne poklapa sa našom bazom.",
    "This password reset link will expire in :count minutes.": "Link za promenu lozinke istice za :count minuta.",
    "This payment was already successfully confirmed.": "This payment was already successfully confirmed.",
    "This payment was cancelled.": "This payment was cancelled.",
    "This resource no longer exists": "This resource no longer exists",
    "This user already belongs to the team.": "Ovaj korisnik već pripada ovom timu.",
    "This user has already been invited to the team.": "This user has already been invited to the team.",
    "Timor-Leste": "Timor-Leste",
    "to": "to",
    "Today": "Today",
    "Toggle navigation": "Prikaži navigaciju",
    "Togo": "Togo",
    "Tokelau": "Tokelau",
    "Token Name": "Ime tokena",
    "Tonga": "Tonga",
    "Too Many Attempts.": "Previše pokušaja.",
    "Too Many Requests": "Previše zahteva",
    "total": "total",
    "Trashed": "Trashed",
    "Trinidad And Tobago": "Trinidad and Tobago",
    "Tunisia": "Tunisia",
    "Turkey": "Turkey",
    "Turkmenistan": "Turkmenistan",
    "Turks And Caicos Islands": "Turks and Caicos Islands",
    "Tuvalu": "Tuvalu",
    "Two Factor Authentication": "Dvofaktorska autentifikacija",
    "Two factor authentication is now enabled. Scan the following QR code using your phone's authenticator application.": "Dvofaktorska autentifikacija je sada omogućena. Skenirajte sledeći QR kod pomoću aplikacije za autentifikaciju vašeg telefona.",
    "Uganda": "Uganda",
    "Ukraine": "Ukraine",
    "Unauthorized": "Neovlašćen pristup",
    "United Arab Emirates": "United Arab Emirates",
    "United Kingdom": "United Kingdom",
    "United States": "United States",
    "United States Outlying Islands": "U.S. Outlying Islands",
    "Update": "Update",
    "Update & Continue Editing": "Update & Continue Editing",
    "Update :resource": "Update :resource",
    "Update :resource: :title": "Update :resource: :title",
    "Update attached :resource: :title": "Update attached :resource: :title",
    "Update Password": "Ažuriraj lozinku",
    "Update your account's profile information and email address.": "Ažurirajte informacije o profilu naloga i adresu e-pošte.",
    "Uruguay": "Uruguay",
    "Use a recovery code": "Koristi kod za povratak naloga",
    "Use an authentication code": "Koristi kod za autentifikaciju naloga",
    "Uzbekistan": "Uzbekistan",
    "Value": "Value",
    "Vanuatu": "Vanuatu",
    "Venezuela": "Venezuela",
    "Verify Email Address": "Verifikuj Email Adresu",
    "Verify Your Email Address": "Verifikujte Vašu Email Adresu",
    "Viet Nam": "Vietnam",
    "View": "View",
    "Virgin Islands, British": "British Virgin Islands",
    "Virgin Islands, U.S.": "U.S. Virgin Islands",
    "Wallis And Futuna": "Wallis and Futuna",
    "We were unable to find a registered user with this email address.": "Nismo uspeli da nađemo registrovanog korisnika sa ovom email adresom.",
    "We won't ask for your password again for a few hours.": "Nećemo Vas ponovo pitati za Vašu lozinku u nekoliko sledećih sati.",
    "We're lost in space. The page you were trying to view does not exist.": "We're lost in space. The page you were trying to view does not exist.",
    "Welcome Back!": "Welcome Back!",
    "Western Sahara": "Western Sahara",
    "When two factor authentication is enabled, you will be prompted for a secure, random token during authentication. You may retrieve this token from your phone's Google Authenticator application.": "Kada je omogućena dvostepena potvrda identiteta, od vas će se tražiti siguran, slučajni token tokom potvrde identiteta. Ovaj token možete da preuzmete iz aplikacije Google Authenticator na telefonu.",
    "Whoops": "Whoops",
    "Whoops!": "Ups!",
    "Whoops! Something went wrong.": "Ups! Nešto nije u redu.",
    "With Trashed": "With Trashed",
    "Write": "Write",
    "Year To Date": "Year To Date",
    "Yemen": "Yemen",
    "Yes": "Yes",
    "You are logged in!": "Ulogovani ste!",
    "You are receiving this email because we received a password reset request for your account.": "Dobili ste ovaj email zato što samo primili zahtev za promenu lozinke za Vaš nalog.",
    "You have been invited to join the :team team!": "You have been invited to join the :team team!",
    "You have enabled two factor authentication.": "Omogućili ste dvofaktorsku potvrdu identiteta.",
    "You have not enabled two factor authentication.": "Niste omogućili dvofaktorsku potvrdu identiteta.",
    "You may delete any of your existing tokens if they are no longer needed.": "Možete izbrisati bilo koji od postojećih tokena ako više nisu potrebni.",
    "You may not delete your personal team.": "Ne možete izbrisati svoj lični tim.",
    "You may not leave a team that you created.": "Ne možete napustiti tim koji ste Vi kreirali.",
    "Your email address is not verified.": "Vaša email adresa nije verifikovana.",
    "Zambia": "Zambia",
    "Zimbabwe": "Zimbabwe"
}
