{
    "30 Days": "30 Days",
    "60 Days": "60 Days",
    "90 Days": "90 Days",
    ":amount Total": ":amount Total",
    ":resource Details": ":resource Details",
    ":resource Details: :title": ":resource Details: :title",
    "A fresh verification link has been sent to your email address.": "Yeni bir doğrulama bağlantısı e-posta adresinize gönderildi.",
    "A new verification link has been sent to the email address you provided during registration.": "Üyelik esnasında kullandığınız e-posta adresinize onay linki gönderildi.",
    "Accept Invitation": "Accept Invitation",
    "Action": "Action",
    "Action Happened At": "Happened At",
    "Action Initiated By": "Initiated By",
    "Action Name": "Name",
    "Action Status": "Status",
    "Action Target": "Target",
    "Actions": "Actions",
    "Add": "Ekle",
    "Add a new team member to your team, allowing them to collaborate with you.": "Ekibinize yeni bir ekip üyesi ekleyerek, sizinle işbirliği yapmalarına izin verin.",
    "Add additional security to your account using two factor authentication.": "İki faktörlü kimlik doğrulama kullanarak hesabınıza ek güvenlik ekleyin.",
    "Add row": "Add row",
    "Add Team Member": "Ekip Üyesi Ekle",
    "Added.": "Eklendi.",
    "Administrator": "Yönetici",
    "Administrator users can perform any action.": "Yöneticiler herhangi bir eylemi gerçekleştirebilir.",
    "Afghanistan": "Afghanistan",
    "Aland Islands": "Åland Islands",
    "Albania": "Albania",
    "Algeria": "Algeria",
    "All of the people that are part of this team.": "Bu ekibin parçası olan tüm kişiler.",
    "All resources loaded.": "All resources loaded.",
    "All rights reserved.": "Tüm hakları saklıdır.",
    "Already registered?": "Zaten Üye Misiniz?",
    "American Samoa": "American Samoa",
    "An error occured while uploading the file.": "An error occured while uploading the file.",
    "Andorra": "Andorra",
    "Angola": "Angola",
    "Anguilla": "Anguilla",
    "Another user has updated this resource since this page was loaded. Please refresh the page and try again.": "Another user has updated this resource since this page was loaded. Please refresh the page and try again.",
    "Antarctica": "Antarctica",
    "Antigua And Barbuda": "Antigua and Barbuda",
    "API Token": "API Jeton",
    "API Token Permissions": "API Jeton İzinleri",
    "API Tokens": "API Jetonları",
    "API tokens allow third-party services to authenticate with our application on your behalf.": "API jetonları, üçüncü taraf hizmetlerin sizin adınıza uygulamamızla kimlik doğrulaması yapmasına izin verir.",
    "April": "April",
    "Are you sure you want to delete the selected resources?": "Are you sure you want to delete the selected resources?",
    "Are you sure you want to delete this file?": "Are you sure you want to delete this file?",
    "Are you sure you want to delete this resource?": "Are you sure you want to delete this resource?",
    "Are you sure you want to delete this team? Once a team is deleted, all of its resources and data will be permanently deleted.": "Bu takımı silmek istediğinizden emin misiniz? Bir ekip silindiğinde, tüm kaynakları ve verileri kalıcı olarak silinecektir.",
    "Are you sure you want to delete your account? Once your account is deleted, all of its resources and data will be permanently deleted. Please enter your password to confirm you would like to permanently delete your account.": "Hesabınızı silmek istediğinizden emin misiniz? Hesabınız silindiğinde, tüm kaynakları ve verileri kalıcı olarak silinecektir. Lütfen hesabınızı kalıcı olarak silmek istediğinizi onaylamak için şifrenizi girin.",
    "Are you sure you want to detach the selected resources?": "Are you sure you want to detach the selected resources?",
    "Are you sure you want to detach this resource?": "Are you sure you want to detach this resource?",
    "Are you sure you want to force delete the selected resources?": "Are you sure you want to force delete the selected resources?",
    "Are you sure you want to force delete this resource?": "Are you sure you want to force delete this resource?",
    "Are you sure you want to restore the selected resources?": "Are you sure you want to restore the selected resources?",
    "Are you sure you want to restore this resource?": "Are you sure you want to restore this resource?",
    "Are you sure you want to run this action?": "Are you sure you want to run this action?",
    "Are you sure you would like to delete this API token?": "Bu API jetonunu silmek istediğinizden emin misiniz?",
    "Are you sure you would like to leave this team?": "Bu kişiyi takımdan çıkarmak istediğinizden emin misiniz?",
    "Are you sure you would like to remove this person from the team?": "Bu kişiyi takımdan çıkarmak istediğinizden emin misiniz?",
    "Argentina": "Argentina",
    "Armenia": "Armenia",
    "Aruba": "Aruba",
    "Attach": "Attach",
    "Attach & Attach Another": "Attach & Attach Another",
    "Attach :resource": "Attach :resource",
    "August": "August",
    "Australia": "Australia",
    "Austria": "Austria",
    "Azerbaijan": "Azerbaijan",
    "Bahamas": "Bahamas",
    "Bahrain": "Bahrain",
    "Bangladesh": "Bangladesh",
    "Barbados": "Barbados",
    "Before proceeding, please check your email for a verification link.": "Devam etmeden önce, doğrulama bağlantısı için lütfen e-postanızı kontrol edin.",
    "Belarus": "Belarus",
    "Belgium": "Belgium",
    "Belize": "Belize",
    "Benin": "Benin",
    "Bermuda": "Bermuda",
    "Bhutan": "Bhutan",
    "Bolivia": "Bolivia",
    "Bonaire, Sint Eustatius and Saba": "Bonaire, Sint Eustatius and Saba",
    "Bosnia And Herzegovina": "Bosnia and Herzegovina",
    "Botswana": "Botswana",
    "Bouvet Island": "Bouvet Island",
    "Brazil": "Brazil",
    "British Indian Ocean Territory": "British Indian Ocean Territory",
    "Browser Sessions": "Tarayıcı Oturumları",
    "Brunei Darussalam": "Brunei",
    "Bulgaria": "Bulgaria",
    "Burkina Faso": "Burkina Faso",
    "Burundi": "Burundi",
    "Cambodia": "Cambodia",
    "Cameroon": "Cameroon",
    "Canada": "Canada",
    "Cancel": "Cancel",
    "Cape Verde": "Cape Verde",
    "Card": "Card",
    "Cayman Islands": "Cayman Islands",
    "Central African Republic": "Central African Republic",
    "Chad": "Chad",
    "Changes": "Changes",
    "Chile": "Chile",
    "China": "China",
    "Choose": "Choose",
    "Choose :field": "Choose :field",
    "Choose :resource": "Choose :resource",
    "Choose an option": "Choose an option",
    "Choose date": "Choose date",
    "Choose File": "Choose File",
    "Choose Type": "Choose Type",
    "Christmas Island": "Christmas Island",
    "click here to request another": "başka bir tane daha talep etmek için tıklayın",
    "Click to choose": "Click to choose",
    "Close": "Kapat",
    "Cocos (Keeling) Islands": "Cocos (Keeling) Islands",
    "Code": "Kod",
    "Colombia": "Colombia",
    "Comoros": "Comoros",
    "Confirm": "Onayla",
    "Confirm Password": "Parolayı Onayla",
    "Confirm Payment": "Confirm Payment",
    "Confirm your :amount payment": "Confirm your :amount payment",
    "Congo": "Congo",
    "Congo, Democratic Republic": "Congo, Democratic Republic",
    "Constant": "Constant",
    "Cook Islands": "Cook Islands",
    "Costa Rica": "Costa Rica",
    "Cote D'Ivoire": "Côte d'Ivoire",
    "could not be found.": "could not be found.",
    "Create": "Oluştur",
    "Create & Add Another": "Create & Add Another",
    "Create :resource": "Create :resource",
    "Create a new team to collaborate with others on projects.": "Başkalarıyla projelerde işbirliği yapmak için yeni bir ekip oluşturun.",
    "Create Account": "Create Account",
    "Create API Token": "Api Jetonu Oluştur",
    "Create New Team": "Yeni Ekip Oluştur",
    "Create Team": "Ekip Oluştur",
    "Created.": "Oluşturuldu.",
    "Croatia": "Croatia",
    "Cuba": "Cuba",
    "Curaçao": "Curaçao",
    "Current Password": "Geçerli Şifre",
    "Customize": "Customize",
    "Cyprus": "Cyprus",
    "Czech Republic": "Czechia",
    "Dashboard": "Gösterge Paneli",
    "December": "December",
    "Decrease": "Decrease",
    "Delete": "Sil",
    "Delete Account": "Hesabı Sil",
    "Delete API Token": "API Jetonunu Sil",
    "Delete File": "Delete File",
    "Delete Resource": "Delete Resource",
    "Delete Selected": "Delete Selected",
    "Delete Team": "Ekibi Sil",
    "Denmark": "Denmark",
    "Detach": "Detach",
    "Detach Resource": "Detach Resource",
    "Detach Selected": "Detach Selected",
    "Details": "Details",
    "Disable": "Devre Dışı Bırak",
    "Djibouti": "Djibouti",
    "Do you really want to leave? You have unsaved changes.": "Do you really want to leave? You have unsaved changes.",
    "Dominica": "Dominica",
    "Dominican Republic": "Dominican Republic",
    "Done.": "Bitti.",
    "Download": "Download",
    "E-Mail Address": "E-Posta Adresi",
    "Ecuador": "Ecuador",
    "Edit": "Edit",
    "Edit :resource": "Edit :resource",
    "Edit Attached": "Edit Attached",
    "Editor": "Editör",
    "Editor users have the ability to read, create, and update.": "Editörler okuma, oluşturma ve güncelleme yapabilir.",
    "Egypt": "Egypt",
    "El Salvador": "El Salvador",
    "Email": "E-Posta",
    "Email Address": "Email Address",
    "Email Password Reset Link": "E-Posta Şifre Sıfırlama Linki",
    "Enable": "Etkinleştirme",
    "Ensure your account is using a long, random password to stay secure.": "Hesabınızın güvenliğini korumak için uzun, rastgele karakterlerden oluşan bir şifre kullandığınızdan emin olun.",
    "Equatorial Guinea": "Equatorial Guinea",
    "Eritrea": "Eritrea",
    "Estonia": "Estonia",
    "Ethiopia": "Ethiopia",
    "Extra confirmation is needed to process your payment. Please confirm your payment by filling out your payment details below.": "Extra confirmation is needed to process your payment. Please confirm your payment by filling out your payment details below.",
    "Extra confirmation is needed to process your payment. Please continue to the payment page by clicking on the button below.": "Extra confirmation is needed to process your payment. Please continue to the payment page by clicking on the button below.",
    "Falkland Islands (Malvinas)": "Falkland Islands (Malvinas)",
    "Faroe Islands": "Faroe Islands",
    "February": "February",
    "Fiji": "Fiji",
    "Finland": "Finland",
    "For your security, please confirm your password to continue.": "Güvenliğiniz için lütfen devam etmek için şifrenizi onaylayın.",
    "Forbidden": "Yasak",
    "Force Delete": "Force Delete",
    "Force Delete Resource": "Force Delete Resource",
    "Force Delete Selected": "Force Delete Selected",
    "Forgot Your Password?": "Parolamı Unuttum?",
    "Forgot your password?": "Şifrenizi mi unuttunuz?",
    "Forgot your password? No problem. Just let us know your email address and we will email you a password reset link that will allow you to choose a new one.": "Şifrenizi mi unuttunuz? Sorun değil. Sadece e-posta adresinizi bize söyleyin size yeni şifrenizi belirleyebileceğiniz bir parola sıfırlama linki gönderelim.",
    "France": "France",
    "French Guiana": "French Guiana",
    "French Polynesia": "French Polynesia",
    "French Southern Territories": "French Southern Territories",
    "Full name": "Full name",
    "Gabon": "Gabon",
    "Gambia": "Gambia",
    "Georgia": "Georgia",
    "Germany": "Germany",
    "Ghana": "Ghana",
    "Gibraltar": "Gibraltar",
    "Go back": "Go back",
    "Go Home": "Anasayfaya Git",
    "Go to page :page": "Sayfaya :page git ",
    "Great! You have accepted the invitation to join the :team team.": "Great! You have accepted the invitation to join the :team team.",
    "Greece": "Greece",
    "Greenland": "Greenland",
    "Grenada": "Grenada",
    "Guadeloupe": "Guadeloupe",
    "Guam": "Guam",
    "Guatemala": "Guatemala",
    "Guernsey": "Guernsey",
    "Guinea": "Guinea",
    "Guinea-Bissau": "Guinea-Bissau",
    "Guyana": "Guyana",
    "Haiti": "Haiti",
    "Heard Island & Mcdonald Islands": "Heard Island and McDonald Islands",
    "Hello!": "Merhaba!",
    "Hide Content": "Hide Content",
    "Hold Up!": "Hold Up!",
    "Holy See (Vatican City State)": "Vatican City",
    "Honduras": "Honduras",
    "Hong Kong": "Hong Kong",
    "Hungary": "Hungary",
    "I agree to the :terms_of_service and :privacy_policy": "I agree to the :terms_of_service and :privacy_policy",
    "Iceland": "Iceland",
    "ID": "ID",
    "If necessary, you may log out of all of your other browser sessions across all of your devices. Some of your recent sessions are listed below; however, this list may not be exhaustive. If you feel your account has been compromised, you should also update your password.": "If necessary, you may log out of all of your other browser sessions across all of your devices. Some of your recent sessions are listed below; however, this list may not be exhaustive. If you feel your account has been compromised, you should also update your password.",
    "If necessary, you may logout of all of your other browser sessions across all of your devices. Some of your recent sessions are listed below; however, this list may not be exhaustive. If you feel your account has been compromised, you should also update your password.": "Gerekirse, tüm cihazlarınızdaki diğer tüm tarayıcı oturumlarınızdan çıkış yapabilirsiniz. Son oturumlarınızın bazıları aşağıda listelenmiştir; ancak bu liste kapsamlı olmayabilir. Hesabınızın ele geçirildiğini düşünüyorsanız, şifrenizi de güncellemelisiniz.",
    "If you already have an account, you may accept this invitation by clicking the button below:": "If you already have an account, you may accept this invitation by clicking the button below:",
    "If you did not create an account, no further action is required.": "Bir hesap oluşturmadıysanız, başka bir işlem yapmanıza gerek yoktur.",
    "If you did not expect to receive an invitation to this team, you may discard this email.": "If you did not expect to receive an invitation to this team, you may discard this email.",
    "If you did not receive the email": "E-postayı almadıysanız",
    "If you did not request a password reset, no further action is required.": "Bir parola sıfırlama talebinde bulunmadıysanız, başka bir işlem yapmanıza gerek yoktur.",
    "If you do not have an account, you may create one by clicking the button below. After creating an account, you may click the invitation acceptance button in this email to accept the team invitation:": "If you do not have an account, you may create one by clicking the button below. After creating an account, you may click the invitation acceptance button in this email to accept the team invitation:",
    "If you’re having trouble clicking the \":actionText\" button, copy and paste the URL below\ninto your web browser:": "\":actionText\" düğmesine tıklamakta sorun yaşıyorsanız, aşağıdaki bağlantıyı kopyalayıp\ntarayıcınıza yapıştırın: [:actionURL](:actionURL)",
    "Increase": "Increase",
    "India": "India",
    "Indonesia": "Indonesia",
    "Invalid signature.": "Geçersiz imza.",
    "Iran, Islamic Republic Of": "Iran",
    "Iraq": "Iraq",
    "Ireland": "Ireland",
    "Isle Of Man": "Isle of Man",
    "Israel": "Israel",
    "Italy": "Italy",
    "Jamaica": "Jamaica",
    "January": "January",
    "Japan": "Japan",
    "Jersey": "Jersey",
    "Jordan": "Jordan",
    "July": "July",
    "June": "June",
    "Kazakhstan": "Kazakhstan",
    "Kenya": "Kenya",
    "Key": "Key",
    "Kiribati": "Kiribati",
    "Korea": "South Korea",
    "Korea, Democratic People's Republic of": "North Korea",
    "Kosovo": "Kosovo",
    "Kuwait": "Kuwait",
    "Kyrgyzstan": "Kyrgyzstan",
    "Lao People's Democratic Republic": "Laos",
    "Last active": "Son aktiflik",
    "Last used": "Son kullanım",
    "Latvia": "Latvia",
    "Leave": "Ayrıl",
    "Leave Team": "Takımdan Ayrıl",
    "Lebanon": "Lebanon",
    "Lens": "Lens",
    "Lesotho": "Lesotho",
    "Liberia": "Liberia",
    "Libyan Arab Jamahiriya": "Libya",
    "Liechtenstein": "Liechtenstein",
    "Lithuania": "Lithuania",
    "Load :perPage More": "Load :perPage More",
    "Log in": "Log in",
    "Log out": "Log out",
    "Log Out": "Log Out",
    "Log Out Other Browser Sessions": "Log Out Other Browser Sessions",
    "Login": "Giriş Yap",
    "Logout": "Çıkış Yap",
    "Logout Other Browser Sessions": "Diğer Tarayıcılardan Oturumu Kapatın",
    "Luxembourg": "Luxembourg",
    "Macao": "Macao",
    "Macedonia": "North Macedonia",
    "Madagascar": "Madagascar",
    "Malawi": "Malawi",
    "Malaysia": "Malaysia",
    "Maldives": "Maldives",
    "Mali": "Mali",
    "Malta": "Malta",
    "Manage Account": "Hesabı Yönet",
    "Manage and log out your active sessions on other browsers and devices.": "Manage and log out your active sessions on other browsers and devices.",
    "Manage and logout your active sessions on other browsers and devices.": "Diğer tarayıcılarda ve cihazlarda aktif oturumlarınızı yönetin ve oturumu kapatın.",
    "Manage API Tokens": "API Jetonlarını Yönetin",
    "Manage Role": "Rolü Yönet",
    "Manage Team": "Takımı Yönet",
    "March": "March",
    "Marshall Islands": "Marshall Islands",
    "Martinique": "Martinique",
    "Mauritania": "Mauritania",
    "Mauritius": "Mauritius",
    "May": "May",
    "Mayotte": "Mayotte",
    "Mexico": "Mexico",
    "Micronesia, Federated States Of": "Micronesia",
    "Moldova": "Moldova",
    "Monaco": "Monaco",
    "Mongolia": "Mongolia",
    "Montenegro": "Montenegro",
    "Month To Date": "Month To Date",
    "Montserrat": "Montserrat",
    "Morocco": "Morocco",
    "Mozambique": "Mozambique",
    "Myanmar": "Myanmar",
    "Name": "Ad",
    "Namibia": "Namibia",
    "Nauru": "Nauru",
    "Nepal": "Nepal",
    "Netherlands": "Netherlands",
    "Nevermind": "Boşver",
    "New": "New",
    "New :resource": "New :resource",
    "New Caledonia": "New Caledonia",
    "New Password": "Yeni Şifre",
    "New Zealand": "New Zealand",
    "Next": "Next",
    "Nicaragua": "Nicaragua",
    "Niger": "Niger",
    "Nigeria": "Nigeria",
    "Niue": "Niue",
    "No": "No",
    "No :resource matched the given criteria.": "No :resource matched the given criteria.",
    "No additional information...": "No additional information...",
    "No Current Data": "No Current Data",
    "No Data": "No Data",
    "no file selected": "no file selected",
    "No Increase": "No Increase",
    "No Prior Data": "No Prior Data",
    "No Results Found.": "No Results Found.",
    "Norfolk Island": "Norfolk Island",
    "Northern Mariana Islands": "Northern Mariana Islands",
    "Norway": "Norway",
    "Not Found": "Bulunamadı",
    "Nova User": "Nova User",
    "November": "November",
    "October": "October",
    "of": "of",
    "Oh no": "Ah hayır",
    "Oman": "Oman",
    "Once a team is deleted, all of its resources and data will be permanently deleted. Before deleting this team, please download any data or information regarding this team that you wish to retain.": "Bir ekip silindiğinde, tüm kaynakları ve verileri kalıcı olarak silinecektir. Bu ekibi silmeden önce, lütfen bu ekiple ilgili saklamak istediğiniz tüm verileri veya bilgileri indirin.",
    "Once your account is deleted, all of its resources and data will be permanently deleted. Before deleting your account, please download any data or information that you wish to retain.": "Hesabınız silindiğinde, tüm kaynakları ve verileri kalıcı olarak silinecektir. Hesabınızı silmeden önce lütfen saklamak istediğiniz tüm verileri veya bilgileri indirin.",
    "Only Trashed": "Only Trashed",
    "Original": "Original",
    "Page Expired": "Sayfa zaman aşımına uğradı",
    "Pagination Navigation": "Sayfalandırma Çubuğu",
    "Pakistan": "Pakistan",
    "Palau": "Palau",
    "Palestinian Territory, Occupied": "Palestinian Territories",
    "Panama": "Panama",
    "Papua New Guinea": "Papua New Guinea",
    "Paraguay": "Paraguay",
    "Password": "Parola",
    "Pay :amount": "Pay :amount",
    "Payment Cancelled": "Payment Cancelled",
    "Payment Confirmation": "Payment Confirmation",
    "Payment Successful": "Payment Successful",
    "Pending Team Invitations": "Pending Team Invitations",
    "Per Page": "Per Page",
    "Permanently delete this team.": "Bu ekibi temelli sil",
    "Permanently delete your account.": "Hesabını temelli sil",
    "Permissions": "İzinler",
    "Peru": "Peru",
    "Philippines": "Philippines",
    "Photo": "Resim",
    "Pitcairn": "Pitcairn Islands",
    "Please click the button below to verify your email address.": "E-posta adresinizi doğrulamak için lütfen aşağıdaki düğmeye tıklayın.",
    "Please confirm access to your account by entering one of your emergency recovery codes.": "Girişinizi onaylamak için lütfen hesap kurtarma kodlarınızdan birini girin.",
    "Please confirm access to your account by entering the authentication code provided by your authenticator application.": "Lütfen kimlik doğrulayıcı uygulamanız tarafından sağlanan kimlik doğrulama kodunu girerek hesabınıza erişimi onaylayın.",
    "Please confirm your password before continuing.": "Devam etmeden önce lütfen parolanızı onaylayın.",
    "Please copy your new API token. For your security, it won't be shown again.": "Lütfen yeni API jetonunuzu kopyalayın. Güvenliğiniz için bir daha gösterilmeyecek.",
    "Please enter your password to confirm you would like to log out of your other browser sessions across all of your devices.": "Please enter your password to confirm you would like to log out of your other browser sessions across all of your devices.",
    "Please enter your password to confirm you would like to logout of your other browser sessions across all of your devices.": "Lütfen tüm cihazlarınızdaki diğer tarayıcı oturumlarınızdan çıkış yapmak istediğinizi onaylamak için şifrenizi girin.",
    "Please provide the email address of the person you would like to add to this team.": "Please provide the email address of the person you would like to add to this team.",
    "Please provide the email address of the person you would like to add to this team. The email address must be associated with an existing account.": "Lütfen bu ekibe eklemek istediğiniz kişinin e-posta adresini sağlayın. E-posta adresi mevcut bir hesapla ilişkilendirilmelidir.",
    "Please provide your name.": "Please provide your name.",
    "Poland": "Poland",
    "Portugal": "Portugal",
    "Press \/ to search": "Press \/ to search",
    "Preview": "Preview",
    "Previous": "Previous",
    "Privacy Policy": "Privacy Policy",
    "Profile": "Profil",
    "Profile Information": "Profil Bilgileri",
    "Puerto Rico": "Puerto Rico",
    "Qatar": "Qatar",
    "Quarter To Date": "Quarter To Date",
    "Recovery Code": "Kurtarma Kodu",
    "Regards": "En iyi dileklerle",
    "Regenerate Recovery Codes": "Kurtarma Kodunu Tekrar Üret",
    "Register": "Kayıt Ol",
    "Reload": "Reload",
    "Remember me": "Beni Hatırla",
    "Remember Me": "Beni Hatırla",
    "Remove": "Kaldır",
    "Remove Photo": "Resimi Kaldır",
    "Remove Team Member": "Ekip Üyesini Kaldır ",
    "Resend Verification Email": "Onay Mailini Tekrar Gönder",
    "Reset Filters": "Reset Filters",
    "Reset Password": "Parolayı Sıfırla",
    "Reset Password Notification": "Parola Sıfırlama Bildirimi",
    "resource": "resource",
    "Resources": "Resources",
    "resources": "resources",
    "Restore": "Restore",
    "Restore Resource": "Restore Resource",
    "Restore Selected": "Restore Selected",
    "results": "sonuçlar",
    "Reunion": "Réunion",
    "Role": "Rol",
    "Romania": "Romania",
    "Run Action": "Run Action",
    "Russian Federation": "Russian Federation",
    "Rwanda": "Rwanda",
    "Saint Barthelemy": "St. Barthélemy",
    "Saint Helena": "St. Helena",
    "Saint Kitts And Nevis": "St. Kitts and Nevis",
    "Saint Lucia": "St. Lucia",
    "Saint Martin": "St. Martin",
    "Saint Pierre And Miquelon": "St. Pierre and Miquelon",
    "Saint Vincent And Grenadines": "St. Vincent and Grenadines",
    "Samoa": "Samoa",
    "San Marino": "San Marino",
    "Sao Tome And Principe": "São Tomé and Príncipe",
    "Saudi Arabia": "Saudi Arabia",
    "Save": "Kaydet",
    "Saved.": "Kaydedildi.",
    "Search": "Search",
    "Select A New Photo": "Select A New Photo",
    "Select Action": "Select Action",
    "Select All": "Select All",
    "Select All Matching": "Select All Matching",
    "Send Password Reset Link": "Parola Sıfırlama Bağlantısı Gönder",
    "Senegal": "Senegal",
    "September": "September",
    "Serbia": "Serbia",
    "Server Error": "Sunucu Hatası",
    "Service Unavailable": "Hizmet Kullanılamıyor",
    "Seychelles": "Seychelles",
    "Show All Fields": "Show All Fields",
    "Show Content": "Show Content",
    "Show Recovery Codes": "Show Recovery Codes",
    "Showing": "Showing",
    "Sierra Leone": "Sierra Leone",
    "Singapore": "Singapore",
    "Sint Maarten (Dutch part)": "Sint Maarten",
    "Slovakia": "Slovakia",
    "Slovenia": "Slovenia",
    "Solomon Islands": "Solomon Islands",
    "Somalia": "Somalia",
    "Something went wrong.": "Something went wrong.",
    "Sorry! You are not authorized to perform this action.": "Sorry! You are not authorized to perform this action.",
    "Sorry, your session has expired.": "Sorry, your session has expired.",
    "South Africa": "South Africa",
    "South Georgia And Sandwich Isl.": "South Georgia and South Sandwich Islands",
    "South Sudan": "South Sudan",
    "Spain": "Spain",
    "Sri Lanka": "Sri Lanka",
    "Start Polling": "Start Polling",
    "Stop Polling": "Stop Polling",
    "Store these recovery codes in a secure password manager. They can be used to recover access to your account if your two factor authentication device is lost.": "Bu kurtarma kodlarını güvenli bir şifre yöneticisinde saklayın. İki faktörlü kimlik doğrulama cihazınız kaybolursa hesabınıza erişimi kurtarmak için kullanılabilirler.",
    "Sudan": "Sudan",
    "Suriname": "Suriname",
    "Svalbard And Jan Mayen": "Svalbard and Jan Mayen",
    "Swaziland": "Eswatini",
    "Sweden": "Sweden",
    "Switch Teams": "Ekip Değiştir",
    "Switzerland": "Switzerland",
    "Syrian Arab Republic": "Syria",
    "Taiwan": "Taiwan",
    "Tajikistan": "Tajikistan",
    "Tanzania": "Tanzania",
    "Team Details": "Ekip Detayları",
    "Team Invitation": "Team Invitation",
    "Team Members": "Ekip Üyeleri",
    "Team Name": "Ekip İsmi",
    "Team Owner": "Ekip Sahibi",
    "Team Settings": "Ekip Ayarları",
    "Terms of Service": "Terms of Service",
    "Thailand": "Thailand",
    "Thanks for signing up! Before getting started, could you verify your email address by clicking on the link we just emailed to you? If you didn't receive the email, we will gladly send you another.": "Üye olduğunuz için teşekkürler! Başlamadan önce, size az önce gönderdiğimiz bağlantıya tıklayarak e-posta adresinizi doğrulayabilir misiniz? E-postayı almadıysanız, size memnuniyetle başka bir e-posta göndereceğiz.",
    "The :attribute must be a valid role.": ":attribute geçerli bir rol olmalıdır.",
    "The :attribute must be at least :length characters and contain at least one number.": ":attribute en az :length karakterli olmalı ve en az bir sayı içermelidir.",
    "The :attribute must be at least :length characters and contain at least one special character and one number.": "The :attribute must be at least :length characters and contain at least one special character and one number.",
    "The :attribute must be at least :length characters and contain at least one special character.": ":attribute en az :length karakterli olmalı ve en az bir özel karakter içermelidir",
    "The :attribute must be at least :length characters and contain at least one uppercase character and one number.": ":attribute en az :length karakterli olmalı ve en az birer büyük harf ve sayı içermelidir",
    "The :attribute must be at least :length characters and contain at least one uppercase character and one special character.": ":attribute en az :length karakterli olmalı ve en az birer büyük harf ve özel karakter içermelidir",
    "The :attribute must be at least :length characters and contain at least one uppercase character, one number, and one special character.": ":attribute en az :length karakterli olmalı ve en az birer büyük harf, sayı ve özel karakter içermelidir",
    "The :attribute must be at least :length characters and contain at least one uppercase character.": ":attribute en az :length karakterli olmalı ve en az bir büyük harf içermelidir",
    "The :attribute must be at least :length characters.": " :attribute en az :length karakterli olmalı.",
    "The :resource was created!": "The :resource was created!",
    "The :resource was deleted!": "The :resource was deleted!",
    "The :resource was restored!": "The :resource was restored!",
    "The :resource was updated!": "The :resource was updated!",
    "The action ran successfully!": "The action ran successfully!",
    "The file was deleted!": "The file was deleted!",
    "The government won't let us show you what's behind these doors": "The government won't let us show you what's behind these doors",
    "The HasOne relationship has already been filled.": "The HasOne relationship has already been filled.",
    "The payment was successful.": "The payment was successful.",
    "The provided password does not match your current password.": "Sağlanan şifre mevcut şifrenizle eşleşmiyor.",
    "The provided password was incorrect.": "Sağlanan şifre yanlıştı.",
    "The provided two factor authentication code was invalid.": "Sağlanan iki faktörlü kimlik doğrulama kodu geçersizdi.",
    "The resource was updated!": "The resource was updated!",
    "The team's name and owner information.": "Takımın adı ve sahibi bilgileri.",
    "There are no available options for this resource.": "There are no available options for this resource.",
    "There was a problem executing the action.": "There was a problem executing the action.",
    "There was a problem submitting the form.": "There was a problem submitting the form.",
    "These people have been invited to your team and have been sent an invitation email. They may join the team by accepting the email invitation.": "These people have been invited to your team and have been sent an invitation email. They may join the team by accepting the email invitation.",
    "This action is unauthorized.": "Bu işleme izin verilmiyor.",
    "This device": "Bu cihaz",
    "This file field is read-only.": "This file field is read-only.",
    "This image": "This image",
    "This is a secure area of the application. Please confirm your password before continuing.": "This is a secure area of the application. Please confirm your password before continuing.",
    "This password does not match our records.": "Şifreniz kayıtlarımızla eşleşmiyor.",
    "This password reset link will expire in :count minutes.": "Bu parola sıfırlama bağlantısının geçerliliği :count dakika sonra sona erecek.",
    "This payment was already successfully confirmed.": "This payment was already successfully confirmed.",
    "This payment was cancelled.": "This payment was cancelled.",
    "This resource no longer exists": "This resource no longer exists",
    "This user already belongs to the team.": "Bu kullanıcı zaten ekibe ait.",
    "This user has already been invited to the team.": "This user has already been invited to the team.",
    "Timor-Leste": "Timor-Leste",
    "to": "a",
    "Today": "Today",
    "Toggle navigation": "Menüyü Aç\/Kapat",
    "Togo": "Togo",
    "Tokelau": "Tokelau",
    "Token Name": "Jeston İsmi",
    "Tonga": "Tonga",
    "Too Many Attempts.": "Çok Fazla Deneme.",
    "Too Many Requests": "Çok Fazla İstek",
    "total": "total",
    "Trashed": "Trashed",
    "Trinidad And Tobago": "Trinidad and Tobago",
    "Tunisia": "Tunisia",
    "Turkey": "Turkey",
    "Turkmenistan": "Turkmenistan",
    "Turks And Caicos Islands": "Turks and Caicos Islands",
    "Tuvalu": "Tuvalu",
    "Two Factor Authentication": "İki Faktörlü Kimlik Doğrulama",
    "Two factor authentication is now enabled. Scan the following QR code using your phone's authenticator application.": "İki faktörlü kimlik doğrulama artık etkinleştirilmiştir. Telefonunuzun kimlik doğrulama uygulamasını kullanarak aşağıdaki QR kodunu tarayın.",
    "Uganda": "Uganda",
    "Ukraine": "Ukraine",
    "Unauthorized": "İzinsiz",
    "United Arab Emirates": "United Arab Emirates",
    "United Kingdom": "United Kingdom",
    "United States": "United States",
    "United States Outlying Islands": "U.S. Outlying Islands",
    "Update": "Update",
    "Update & Continue Editing": "Update & Continue Editing",
    "Update :resource": "Update :resource",
    "Update :resource: :title": "Update :resource: :title",
    "Update attached :resource: :title": "Update attached :resource: :title",
    "Update Password": "Şifreyi Güncelle",
    "Update your account's profile information and email address.": "Hesabınızın profil bilgilerini ve e-posta adresini güncelleyin.",
    "Uruguay": "Uruguay",
    "Use a recovery code": "Kurtarma kodu kullan",
    "Use an authentication code": "Bir kimlik doğrulama kodu kullanın",
    "Uzbekistan": "Uzbekistan",
    "Value": "Value",
    "Vanuatu": "Vanuatu",
    "Venezuela": "Venezuela",
    "Verify Email Address": "E-posta Adresini Doğrula",
    "Verify Your Email Address": "E-posta Adresinizi Doğrulayın",
    "Viet Nam": "Vietnam",
    "View": "View",
    "Virgin Islands, British": "British Virgin Islands",
    "Virgin Islands, U.S.": "U.S. Virgin Islands",
    "Wallis And Futuna": "Wallis and Futuna",
    "We were unable to find a registered user with this email address.": "Bu e-posta adresiyle kayıtlı bir kullanıcı bulamadık.",
    "We won't ask for your password again for a few hours.": "Birkaç saat boyunca parolanızı tekrar sormayacağız",
    "We're lost in space. The page you were trying to view does not exist.": "We're lost in space. The page you were trying to view does not exist.",
    "Welcome Back!": "Welcome Back!",
    "Western Sahara": "Western Sahara",
    "When two factor authentication is enabled, you will be prompted for a secure, random token during authentication. You may retrieve this token from your phone's Google Authenticator application.": "İki faktörlü kimlik doğrulama etkinleştirildiğinde, kimlik doğrulama sırasında güvenli, rastgele bir belirteç girmeniz istenir. Bu belirteci, telefonunuzun Google Authenticator uygulamasından alabilirsiniz.",
    "Whoops": "Whoops",
    "Whoops!": "Hoppala!",
    "Whoops! Something went wrong.": "Eyvaaah! Bir Şeyler Ters Gitt",
    "With Trashed": "With Trashed",
    "Write": "Write",
    "Year To Date": "Year To Date",
    "Yemen": "Yemen",
    "Yes": "Yes",
    "You are logged in!": "Giriş yaptınız!",
    "You are receiving this email because we received a password reset request for your account.": "Hesabınız için bir parola sıfırlama talebi aldığımız için bu e-postayı alıyorsunuz.",
    "You have been invited to join the :team team!": "You have been invited to join the :team team!",
    "You have enabled two factor authentication.": "İki faktörlü kimlik doğrulamayı etkinleştirdiniz.",
    "You have not enabled two factor authentication.": "İki faktörlü kimlik doğrulamayı etkinleştirmediniz.",
    "You may delete any of your existing tokens if they are no longer needed.": "Artık ihtiyaç duyulmuyorsa mevcut jetonlarınızdan herhangi birini silebilirsiniz.",
    "You may not delete your personal team.": "Kişisel takımınızı silemezsiniz.",
    "You may not leave a team that you created.": "Kendi oluşturduğunuz bir takımdan ayrılamazsınız.",
    "Your email address is not verified.": "E-posta adresiniz doğrulanmadı.",
    "Zambia": "Zambia",
    "Zimbabwe": "Zimbabwe"
}
