{
    "30 Days": "30 Days",
    "60 Days": "60 Days",
    "90 Days": "90 Days",
    ":amount Total": ":amount Total",
    ":resource Details": ":resource Details",
    ":resource Details: :title": ":resource Details: :title",
    "A fresh verification link has been sent to your email address.": "Нове посилання для підтвердження електронної адреси було надіслане Вам на пошту",
    "A new verification link has been sent to the email address you provided during registration.": "На електронну адресу, яку ви вказали під час реєстрації, надіслано нове посилання для підтвердження.",
    "Accept Invitation": "Accept Invitation",
    "Action": "Action",
    "Action Happened At": "Happened At",
    "Action Initiated By": "Initiated By",
    "Action Name": "Name",
    "Action Status": "Status",
    "Action Target": "Target",
    "Actions": "Actions",
    "Add": "Додати",
    "Add a new team member to your team, allowing them to collaborate with you.": "Додайте до своєї команди нового члена, що дозволить йому співпрацювати з вами.",
    "Add additional security to your account using two factor authentication.": "Додати додаткову безпеку для вашого профілю, використовуючи два фактора аутентифікації.",
    "Add row": "Add row",
    "Add Team Member": "Додати члена команди",
    "Added.": "Додано.",
    "Administrator": "Адміністратор",
    "Administrator users can perform any action.": "Користувачі адміністратори можуть виконувати будь-які дії.",
    "Afghanistan": "Afghanistan",
    "Aland Islands": "Åland Islands",
    "Albania": "Albania",
    "Algeria": "Algeria",
    "All of the people that are part of this team.": "Усі люди, які є частиною цієї команди.",
    "All resources loaded.": "All resources loaded.",
    "All rights reserved.": "Усі права захищені.",
    "Already registered?": "Вже зареєстровані?",
    "American Samoa": "American Samoa",
    "An error occured while uploading the file.": "An error occured while uploading the file.",
    "Andorra": "Andorra",
    "Angola": "Angola",
    "Anguilla": "Anguilla",
    "Another user has updated this resource since this page was loaded. Please refresh the page and try again.": "Another user has updated this resource since this page was loaded. Please refresh the page and try again.",
    "Antarctica": "Antarctica",
    "Antigua And Barbuda": "Antigua and Barbuda",
    "API Token": "API-токен",
    "API Token Permissions": "Дозволи API-токена",
    "API Tokens": "API-токени",
    "API tokens allow third-party services to authenticate with our application on your behalf.": "Токени API дозволяють стороннім службам пройти автентифікацію за допомогою нашої програми від вашого імені.",
    "April": "April",
    "Are you sure you want to delete the selected resources?": "Are you sure you want to delete the selected resources?",
    "Are you sure you want to delete this file?": "Are you sure you want to delete this file?",
    "Are you sure you want to delete this resource?": "Are you sure you want to delete this resource?",
    "Are you sure you want to delete this team? Once a team is deleted, all of its resources and data will be permanently deleted.": "Ви впевнені, що хочете видалити цю команду? Після видалення команди всі її ресурси та дані будуть остаточно видалені.",
    "Are you sure you want to delete your account? Once your account is deleted, all of its resources and data will be permanently deleted. Please enter your password to confirm you would like to permanently delete your account.": "Ви впевнені, що хочете видалити свій обліковий запис? Після видалення вашого облікового запису всі його ресурси та дані будуть остаточно видалені. Введіть свій пароль, щоб підтвердити, що хочете назавжди видалити свій обліковий запис.",
    "Are you sure you want to detach the selected resources?": "Are you sure you want to detach the selected resources?",
    "Are you sure you want to detach this resource?": "Are you sure you want to detach this resource?",
    "Are you sure you want to force delete the selected resources?": "Are you sure you want to force delete the selected resources?",
    "Are you sure you want to force delete this resource?": "Are you sure you want to force delete this resource?",
    "Are you sure you want to restore the selected resources?": "Are you sure you want to restore the selected resources?",
    "Are you sure you want to restore this resource?": "Are you sure you want to restore this resource?",
    "Are you sure you want to run this action?": "Are you sure you want to run this action?",
    "Are you sure you would like to delete this API token?": "Ви впевнені, що хочете видалити цей API-токен?",
    "Are you sure you would like to leave this team?": "Ви впевнені, що хотіли б залишити цю команду?",
    "Are you sure you would like to remove this person from the team?": "Ви впевнені, що хочете вилучити цю людину із команди?",
    "Argentina": "Argentina",
    "Armenia": "Armenia",
    "Aruba": "Aruba",
    "Attach": "Attach",
    "Attach & Attach Another": "Attach & Attach Another",
    "Attach :resource": "Attach :resource",
    "August": "August",
    "Australia": "Australia",
    "Austria": "Austria",
    "Azerbaijan": "Azerbaijan",
    "Bahamas": "Bahamas",
    "Bahrain": "Bahrain",
    "Bangladesh": "Bangladesh",
    "Barbados": "Barbados",
    "Before proceeding, please check your email for a verification link.": "Перед продовженням, будь ласка, перевірте електронну пошту з посиланням на підтвердження електронної адреси.",
    "Belarus": "Belarus",
    "Belgium": "Belgium",
    "Belize": "Belize",
    "Benin": "Benin",
    "Bermuda": "Bermuda",
    "Bhutan": "Bhutan",
    "Bolivia": "Bolivia",
    "Bonaire, Sint Eustatius and Saba": "Bonaire, Sint Eustatius and Saba",
    "Bosnia And Herzegovina": "Bosnia and Herzegovina",
    "Botswana": "Botswana",
    "Bouvet Island": "Bouvet Island",
    "Brazil": "Brazil",
    "British Indian Ocean Territory": "British Indian Ocean Territory",
    "Browser Sessions": "Сеанси браузера",
    "Brunei Darussalam": "Brunei",
    "Bulgaria": "Bulgaria",
    "Burkina Faso": "Burkina Faso",
    "Burundi": "Burundi",
    "Cambodia": "Cambodia",
    "Cameroon": "Cameroon",
    "Canada": "Canada",
    "Cancel": "Cancel",
    "Cape Verde": "Cape Verde",
    "Card": "Card",
    "Cayman Islands": "Cayman Islands",
    "Central African Republic": "Central African Republic",
    "Chad": "Chad",
    "Changes": "Changes",
    "Chile": "Chile",
    "China": "China",
    "Choose": "Choose",
    "Choose :field": "Choose :field",
    "Choose :resource": "Choose :resource",
    "Choose an option": "Choose an option",
    "Choose date": "Choose date",
    "Choose File": "Choose File",
    "Choose Type": "Choose Type",
    "Christmas Island": "Christmas Island",
    "click here to request another": "натисніть тут для повторного запиту",
    "Click to choose": "Click to choose",
    "Close": "Закрити",
    "Cocos (Keeling) Islands": "Cocos (Keeling) Islands",
    "Code": "Код",
    "Colombia": "Colombia",
    "Comoros": "Comoros",
    "Confirm": "Підтвердити",
    "Confirm Password": "Підтвердити пароль",
    "Confirm Payment": "Confirm Payment",
    "Confirm your :amount payment": "Confirm your :amount payment",
    "Congo": "Congo",
    "Congo, Democratic Republic": "Congo, Democratic Republic",
    "Constant": "Constant",
    "Cook Islands": "Cook Islands",
    "Costa Rica": "Costa Rica",
    "Cote D'Ivoire": "Côte d'Ivoire",
    "could not be found.": "could not be found.",
    "Create": "Створити",
    "Create & Add Another": "Create & Add Another",
    "Create :resource": "Create :resource",
    "Create a new team to collaborate with others on projects.": "Створити нову команду для спільної роботи з іншими користувачами проектів.",
    "Create Account": "Create Account",
    "Create API Token": "Створити API-токен",
    "Create New Team": "Створити нову команду",
    "Create Team": "Створити команду",
    "Created.": "Створено.",
    "Croatia": "Croatia",
    "Cuba": "Cuba",
    "Curaçao": "Curaçao",
    "Current Password": "Поточний пароль",
    "Customize": "Customize",
    "Cyprus": "Cyprus",
    "Czech Republic": "Czechia",
    "Dashboard": "Головна",
    "December": "December",
    "Decrease": "Decrease",
    "Delete": "Видалити",
    "Delete Account": "Видалити аккаунт",
    "Delete API Token": "Видалити API-токен",
    "Delete File": "Delete File",
    "Delete Resource": "Delete Resource",
    "Delete Selected": "Delete Selected",
    "Delete Team": "Видалити команду",
    "Denmark": "Denmark",
    "Detach": "Detach",
    "Detach Resource": "Detach Resource",
    "Detach Selected": "Detach Selected",
    "Details": "Details",
    "Disable": "Вимкнути",
    "Djibouti": "Djibouti",
    "Do you really want to leave? You have unsaved changes.": "Do you really want to leave? You have unsaved changes.",
    "Dominica": "Dominica",
    "Dominican Republic": "Dominican Republic",
    "Done.": "Готово.",
    "Download": "Download",
    "E-Mail Address": "Адреса електронної пошти",
    "Ecuador": "Ecuador",
    "Edit": "Edit",
    "Edit :resource": "Edit :resource",
    "Edit Attached": "Edit Attached",
    "Editor": "Редактор",
    "Editor users have the ability to read, create, and update.": "Редактори мають можливість читати, створювати та оновлювати.",
    "Egypt": "Egypt",
    "El Salvador": "El Salvador",
    "Email": "Електронна пошта",
    "Email Address": "Email Address",
    "Email Password Reset Link": "Посилання для скидання пароля електронної пошти",
    "Enable": "Увімкнути",
    "Ensure your account is using a long, random password to stay secure.": "Переконайтеся, що ваш обліковий запис використовує довгий, випадковий пароль, щоб захистити себе.",
    "Equatorial Guinea": "Equatorial Guinea",
    "Eritrea": "Eritrea",
    "Estonia": "Estonia",
    "Ethiopia": "Ethiopia",
    "Extra confirmation is needed to process your payment. Please confirm your payment by filling out your payment details below.": "Extra confirmation is needed to process your payment. Please confirm your payment by filling out your payment details below.",
    "Extra confirmation is needed to process your payment. Please continue to the payment page by clicking on the button below.": "Extra confirmation is needed to process your payment. Please continue to the payment page by clicking on the button below.",
    "Falkland Islands (Malvinas)": "Falkland Islands (Malvinas)",
    "Faroe Islands": "Faroe Islands",
    "February": "February",
    "Fiji": "Fiji",
    "Finland": "Finland",
    "For your security, please confirm your password to continue.": "З міркувань безпеки підтвердьте свій пароль, щоб продовжити.",
    "Forbidden": "Заборонено",
    "Force Delete": "Force Delete",
    "Force Delete Resource": "Force Delete Resource",
    "Force Delete Selected": "Force Delete Selected",
    "Forgot Your Password?": "Забули пароль?",
    "Forgot your password?": "Забули пароль?",
    "Forgot your password? No problem. Just let us know your email address and we will email you a password reset link that will allow you to choose a new one.": "Забули свій пароль? Нема проблем. Просто повідомте нам свою електронну адресу, і ми надішлемо вам посилання для скидання пароля, яке дозволить вам змінити пароль.",
    "France": "France",
    "French Guiana": "French Guiana",
    "French Polynesia": "French Polynesia",
    "French Southern Territories": "French Southern Territories",
    "Full name": "Full name",
    "Gabon": "Gabon",
    "Gambia": "Gambia",
    "Georgia": "Georgia",
    "Germany": "Germany",
    "Ghana": "Ghana",
    "Gibraltar": "Gibraltar",
    "Go back": "Go back",
    "Go Home": "На Головну",
    "Go to page :page": "Перейти на сторінку :page",
    "Great! You have accepted the invitation to join the :team team.": "Чудово! Ви прийняли запрошення долучитись до команди :team.",
    "Greece": "Greece",
    "Greenland": "Greenland",
    "Grenada": "Grenada",
    "Guadeloupe": "Guadeloupe",
    "Guam": "Guam",
    "Guatemala": "Guatemala",
    "Guernsey": "Guernsey",
    "Guinea": "Guinea",
    "Guinea-Bissau": "Guinea-Bissau",
    "Guyana": "Guyana",
    "Haiti": "Haiti",
    "Heard Island & Mcdonald Islands": "Heard Island and McDonald Islands",
    "Hello!": "Привіт!",
    "Hide Content": "Hide Content",
    "Hold Up!": "Hold Up!",
    "Holy See (Vatican City State)": "Vatican City",
    "Honduras": "Honduras",
    "Hong Kong": "Hong Kong",
    "Hungary": "Hungary",
    "I agree to the :terms_of_service and :privacy_policy": "I agree to the :terms_of_service and :privacy_policy",
    "Iceland": "Iceland",
    "ID": "ID",
    "If necessary, you may log out of all of your other browser sessions across all of your devices. Some of your recent sessions are listed below; however, this list may not be exhaustive. If you feel your account has been compromised, you should also update your password.": "If necessary, you may log out of all of your other browser sessions across all of your devices. Some of your recent sessions are listed below; however, this list may not be exhaustive. If you feel your account has been compromised, you should also update your password.",
    "If necessary, you may logout of all of your other browser sessions across all of your devices. Some of your recent sessions are listed below; however, this list may not be exhaustive. If you feel your account has been compromised, you should also update your password.": "За необхідності ви можете вийти з усіх інших сеансів браузера на всіх своїх пристроях. Деякі з ваших останніх сесій перелічені нижче; однак цей список може бути не вичерпним. Якщо ви вважаєте, що ваш обліковий запис зламано, вам слід також оновити пароль.",
    "If you already have an account, you may accept this invitation by clicking the button below:": "Якщо ви вже маєте обліковий запис, ви можете прийняти запрошення, натиснувши на кнопку:",
    "If you did not create an account, no further action is required.": "Якщо ви не створювали акаунт, подальші дії не потрібні.",
    "If you did not expect to receive an invitation to this team, you may discard this email.": "Якщо ви не бажаєте долучатись до цієї команди, ви можете інгорувати цей лист.",
    "If you did not receive the email": "Якщо ви не отримали листа",
    "If you did not request a password reset, no further action is required.": "Якщо ви не надсилали запит на скидання паролю, подальші дії не потрібні.",
    "If you do not have an account, you may create one by clicking the button below. After creating an account, you may click the invitation acceptance button in this email to accept the team invitation:": "Якщо у вас немає облікового запису, ви можете створити його, натиснувши на кнопку нижче. Після створення облікового запису, ви натиснути кнопку прийняття запрошення в цьому листі, щоб прийняти його:",
    "If you’re having trouble clicking the \":actionText\" button, copy and paste the URL below\ninto your web browser:": "Якщо у вас виникли проблеми натискаючи на кнопку \":actionText\", скопіюйте та вставте URL нижче\nу свій браузер:",
    "Increase": "Increase",
    "India": "India",
    "Indonesia": "Indonesia",
    "Invalid signature.": "Недійсний підпис.",
    "Iran, Islamic Republic Of": "Iran",
    "Iraq": "Iraq",
    "Ireland": "Ireland",
    "Isle Of Man": "Isle of Man",
    "Israel": "Israel",
    "Italy": "Italy",
    "Jamaica": "Jamaica",
    "January": "January",
    "Japan": "Japan",
    "Jersey": "Jersey",
    "Jordan": "Jordan",
    "July": "July",
    "June": "June",
    "Kazakhstan": "Kazakhstan",
    "Kenya": "Kenya",
    "Key": "Key",
    "Kiribati": "Kiribati",
    "Korea": "South Korea",
    "Korea, Democratic People's Republic of": "North Korea",
    "Kosovo": "Kosovo",
    "Kuwait": "Kuwait",
    "Kyrgyzstan": "Kyrgyzstan",
    "Lao People's Democratic Republic": "Laos",
    "Last active": "Останній активний",
    "Last used": "Останнє використання",
    "Latvia": "Latvia",
    "Leave": "Залишити",
    "Leave Team": "Залишити команду",
    "Lebanon": "Lebanon",
    "Lens": "Lens",
    "Lesotho": "Lesotho",
    "Liberia": "Liberia",
    "Libyan Arab Jamahiriya": "Libya",
    "Liechtenstein": "Liechtenstein",
    "Lithuania": "Lithuania",
    "Load :perPage More": "Load :perPage More",
    "Log in": "Log in",
    "Log out": "Log out",
    "Log Out": "Log Out",
    "Log Out Other Browser Sessions": "Log Out Other Browser Sessions",
    "Login": "Увійти",
    "Logout": "Вийти",
    "Logout Other Browser Sessions": "Вийти з інших сеансів браузера",
    "Luxembourg": "Luxembourg",
    "Macao": "Macao",
    "Macedonia": "North Macedonia",
    "Madagascar": "Madagascar",
    "Malawi": "Malawi",
    "Malaysia": "Malaysia",
    "Maldives": "Maldives",
    "Mali": "Mali",
    "Malta": "Malta",
    "Manage Account": "Керувати обліковим записом",
    "Manage and log out your active sessions on other browsers and devices.": "Manage and log out your active sessions on other browsers and devices.",
    "Manage and logout your active sessions on other browsers and devices.": "Керуйте активними сеансами та виходьте з них у інших браузерах та на пристроях.",
    "Manage API Tokens": "Керуйте API-токенами",
    "Manage Role": "Управління роллю",
    "Manage Team": "Керувати командою",
    "March": "March",
    "Marshall Islands": "Marshall Islands",
    "Martinique": "Martinique",
    "Mauritania": "Mauritania",
    "Mauritius": "Mauritius",
    "May": "May",
    "Mayotte": "Mayotte",
    "Mexico": "Mexico",
    "Micronesia, Federated States Of": "Micronesia",
    "Moldova": "Moldova",
    "Monaco": "Monaco",
    "Mongolia": "Mongolia",
    "Montenegro": "Montenegro",
    "Month To Date": "Month To Date",
    "Montserrat": "Montserrat",
    "Morocco": "Morocco",
    "Mozambique": "Mozambique",
    "Myanmar": "Myanmar",
    "Name": "Ім'я",
    "Namibia": "Namibia",
    "Nauru": "Nauru",
    "Nepal": "Nepal",
    "Netherlands": "Netherlands",
    "Nevermind": "Не зважати",
    "New": "New",
    "New :resource": "New :resource",
    "New Caledonia": "New Caledonia",
    "New Password": "Новий пароль",
    "New Zealand": "New Zealand",
    "Next": "Next",
    "Nicaragua": "Nicaragua",
    "Niger": "Niger",
    "Nigeria": "Nigeria",
    "Niue": "Niue",
    "No": "No",
    "No :resource matched the given criteria.": "No :resource matched the given criteria.",
    "No additional information...": "No additional information...",
    "No Current Data": "No Current Data",
    "No Data": "No Data",
    "no file selected": "no file selected",
    "No Increase": "No Increase",
    "No Prior Data": "No Prior Data",
    "No Results Found.": "No Results Found.",
    "Norfolk Island": "Norfolk Island",
    "Northern Mariana Islands": "Northern Mariana Islands",
    "Norway": "Norway",
    "Not Found": "Не знайдено",
    "Nova User": "Nova User",
    "November": "November",
    "October": "October",
    "of": "з",
    "Oh no": "О ні",
    "Oman": "Oman",
    "Once a team is deleted, all of its resources and data will be permanently deleted. Before deleting this team, please download any data or information regarding this team that you wish to retain.": "Після видалення команди всі її ресурси та дані будуть остаточно видалені. Перш ніж видаляти цю команду, завантажте будь-які дані або інформацію щодо цієї команди, які ви хочете зберегти.",
    "Once your account is deleted, all of its resources and data will be permanently deleted. Before deleting your account, please download any data or information that you wish to retain.": "Після видалення вашого облікового запису всі його ресурси та дані будуть остаточно видалені. Перш ніж видалити свій обліковий запис, завантажте будь-які дані чи інформацію, які ви хочете зберегти.",
    "Only Trashed": "Only Trashed",
    "Original": "Original",
    "Page Expired": "Час сесії минув",
    "Pagination Navigation": "Навігація пагінацією",
    "Pakistan": "Pakistan",
    "Palau": "Palau",
    "Palestinian Territory, Occupied": "Palestinian Territories",
    "Panama": "Panama",
    "Papua New Guinea": "Papua New Guinea",
    "Paraguay": "Paraguay",
    "Password": "Пароль",
    "Pay :amount": "Pay :amount",
    "Payment Cancelled": "Payment Cancelled",
    "Payment Confirmation": "Payment Confirmation",
    "Payment Successful": "Payment Successful",
    "Pending Team Invitations": "Запрошення в команди на очікуванні",
    "Per Page": "Per Page",
    "Permanently delete this team.": "Назавжди видалити цю команду.",
    "Permanently delete your account.": "Остаточно видалити свій обліковий запис.",
    "Permissions": "Дозволи",
    "Peru": "Peru",
    "Philippines": "Philippines",
    "Photo": "Фото",
    "Pitcairn": "Pitcairn Islands",
    "Please click the button below to verify your email address.": "Будь ласка, натисніть кнопку нижче щоб підтвердити свою електронну адресу.",
    "Please confirm access to your account by entering one of your emergency recovery codes.": "Підтвердьте доступ до свого облікового запису, ввівши один із кодів аварійного відновлення.",
    "Please confirm access to your account by entering the authentication code provided by your authenticator application.": "Будь ласка, підтвердьте доступ до свого облікового запису, ввівши код автентифікації, наданий вашою програмою автентифікації.",
    "Please confirm your password before continuing.": "Підтвердьте свій пароль, перш ніж продовжувати.",
    "Please copy your new API token. For your security, it won't be shown again.": "Скопіюйте ваш новий API-токен. З міркувань безпеки він більше не відображатиметься.",
    "Please enter your password to confirm you would like to log out of your other browser sessions across all of your devices.": "Please enter your password to confirm you would like to log out of your other browser sessions across all of your devices.",
    "Please enter your password to confirm you would like to logout of your other browser sessions across all of your devices.": "Введіть свій пароль, щоб підтвердити, що хочете вийти з інших сеансів браузера на всіх своїх пристроях.",
    "Please provide the email address of the person you would like to add to this team.": "Please provide the email address of the person you would like to add to this team.",
    "Please provide the email address of the person you would like to add to this team. The email address must be associated with an existing account.": "Будь ласка, вкажіть електронну адресу особи, яку ви хочете додати до цієї команди. Адреса електронної пошти повинна бути пов'язана з наявним обліковим записом.",
    "Please provide your name.": "Please provide your name.",
    "Poland": "Poland",
    "Portugal": "Portugal",
    "Press \/ to search": "Press \/ to search",
    "Preview": "Preview",
    "Previous": "Previous",
    "Privacy Policy": "Privacy Policy",
    "Profile": "Профіль",
    "Profile Information": "Інформація про профіль",
    "Puerto Rico": "Puerto Rico",
    "Qatar": "Qatar",
    "Quarter To Date": "Quarter To Date",
    "Recovery Code": "Код відновлення",
    "Regards": "З повагою",
    "Regenerate Recovery Codes": "Згенерувати коди відновлення",
    "Register": "Реєстрація",
    "Reload": "Reload",
    "Remember me": "Запам'ятати мене",
    "Remember Me": "Запам'ятати мене",
    "Remove": "Видалити",
    "Remove Photo": "Видалити фото",
    "Remove Team Member": "Видалити учасника команди",
    "Resend Verification Email": "Відправити лист із підтвердженням",
    "Reset Filters": "Reset Filters",
    "Reset Password": "Відновити пароль",
    "Reset Password Notification": "Сповіщення про скидання пароля",
    "resource": "resource",
    "Resources": "Resources",
    "resources": "resources",
    "Restore": "Restore",
    "Restore Resource": "Restore Resource",
    "Restore Selected": "Restore Selected",
    "results": "результати",
    "Reunion": "Réunion",
    "Role": "Роль",
    "Romania": "Romania",
    "Run Action": "Run Action",
    "Russian Federation": "Russian Federation",
    "Rwanda": "Rwanda",
    "Saint Barthelemy": "St. Barthélemy",
    "Saint Helena": "St. Helena",
    "Saint Kitts And Nevis": "St. Kitts and Nevis",
    "Saint Lucia": "St. Lucia",
    "Saint Martin": "St. Martin",
    "Saint Pierre And Miquelon": "St. Pierre and Miquelon",
    "Saint Vincent And Grenadines": "St. Vincent and Grenadines",
    "Samoa": "Samoa",
    "San Marino": "San Marino",
    "Sao Tome And Principe": "São Tomé and Príncipe",
    "Saudi Arabia": "Saudi Arabia",
    "Save": "Зберегти",
    "Saved.": "Збережено.",
    "Search": "Search",
    "Select A New Photo": "Виберіть нове фото",
    "Select Action": "Select Action",
    "Select All": "Select All",
    "Select All Matching": "Select All Matching",
    "Send Password Reset Link": "Надіслати посилання для відновлення пароля",
    "Senegal": "Senegal",
    "September": "September",
    "Serbia": "Serbia",
    "Server Error": "Помилка серверу",
    "Service Unavailable": "Сервіс недоступний",
    "Seychelles": "Seychelles",
    "Show All Fields": "Show All Fields",
    "Show Content": "Show Content",
    "Show Recovery Codes": "Показати коди відновлення",
    "Showing": "Показ",
    "Sierra Leone": "Sierra Leone",
    "Singapore": "Singapore",
    "Sint Maarten (Dutch part)": "Sint Maarten",
    "Slovakia": "Slovakia",
    "Slovenia": "Slovenia",
    "Solomon Islands": "Solomon Islands",
    "Somalia": "Somalia",
    "Something went wrong.": "Something went wrong.",
    "Sorry! You are not authorized to perform this action.": "Sorry! You are not authorized to perform this action.",
    "Sorry, your session has expired.": "Sorry, your session has expired.",
    "South Africa": "South Africa",
    "South Georgia And Sandwich Isl.": "South Georgia and South Sandwich Islands",
    "South Sudan": "South Sudan",
    "Spain": "Spain",
    "Sri Lanka": "Sri Lanka",
    "Start Polling": "Start Polling",
    "Stop Polling": "Stop Polling",
    "Store these recovery codes in a secure password manager. They can be used to recover access to your account if your two factor authentication device is lost.": "Зберігайте ці коди відновлення в захищеному менеджері паролів. Вони можуть бути використані для відновлення доступу до вашого облікового запису, якщо ваш двофакторний пристрій автентифікації втрачено.",
    "Sudan": "Sudan",
    "Suriname": "Suriname",
    "Svalbard And Jan Mayen": "Svalbard and Jan Mayen",
    "Swaziland": "Eswatini",
    "Sweden": "Sweden",
    "Switch Teams": "Змінити команди",
    "Switzerland": "Switzerland",
    "Syrian Arab Republic": "Syria",
    "Taiwan": "Taiwan",
    "Tajikistan": "Tajikistan",
    "Tanzania": "Tanzania",
    "Team Details": "Подробиці команди",
    "Team Invitation": "Team Invitation",
    "Team Members": "Члени команди",
    "Team Name": "Назва команди",
    "Team Owner": "Власник команди",
    "Team Settings": "Налаштування команди",
    "Terms of Service": "Terms of Service",
    "Thailand": "Thailand",
    "Thanks for signing up! Before getting started, could you verify your email address by clicking on the link we just emailed to you? If you didn't receive the email, we will gladly send you another.": "Дякуємо за реєстрацію! Перед початком роботи, підтвердіть свою адресу електронної пошти, натиснувши посилання, яке ми щойно надіслали вам. Якщо ви не отримали повідомлення електронної пошти, ми із задоволенням надішлемо вам інше.",
    "The :attribute must be a valid role.": "Поле :attribute повинне мати дійсну роль.",
    "The :attribute must be at least :length characters and contain at least one number.": "Поле :attribute має містити принаймні :length символів і містити принаймні одне число.",
    "The :attribute must be at least :length characters and contain at least one special character and one number.": "The :attribute must be at least :length characters and contain at least one special character and one number.",
    "The :attribute must be at least :length characters and contain at least one special character.": "Поле :attribute має бути принаймні :length символів і містити принаймні один спеціальний символ.",
    "The :attribute must be at least :length characters and contain at least one uppercase character and one number.": "Поле :attribute має бути принаймні :length символів і містити принаймні один великий символ та одне число.",
    "The :attribute must be at least :length characters and contain at least one uppercase character and one special character.": "Поле :attribute має бути принаймні :length символів і містити принаймні один великий символ та один спеціальний символ.",
    "The :attribute must be at least :length characters and contain at least one uppercase character, one number, and one special character.": "Поле :attribute має бути принаймні :length символів і містити принаймні один великий символ, одне число та один спеціальний символ.",
    "The :attribute must be at least :length characters and contain at least one uppercase character.": "Поле :attribute має бути принаймні :length символів і містити принаймні один великий символ.",
    "The :attribute must be at least :length characters.": "Поле :attribute має бути принаймні :length символів.",
    "The :resource was created!": "The :resource was created!",
    "The :resource was deleted!": "The :resource was deleted!",
    "The :resource was restored!": "The :resource was restored!",
    "The :resource was updated!": "The :resource was updated!",
    "The action ran successfully!": "The action ran successfully!",
    "The file was deleted!": "The file was deleted!",
    "The government won't let us show you what's behind these doors": "The government won't let us show you what's behind these doors",
    "The HasOne relationship has already been filled.": "The HasOne relationship has already been filled.",
    "The payment was successful.": "The payment was successful.",
    "The provided password does not match your current password.": "Наданий пароль не відповідає вашому поточному паролю.",
    "The provided password was incorrect.": "Введений пароль був неправильним.",
    "The provided two factor authentication code was invalid.": "Наданий двофакторний код автентифікації був недійсним.",
    "The resource was updated!": "The resource was updated!",
    "The team's name and owner information.": "Ім'я команди та інформація про власника.",
    "There are no available options for this resource.": "There are no available options for this resource.",
    "There was a problem executing the action.": "There was a problem executing the action.",
    "There was a problem submitting the form.": "There was a problem submitting the form.",
    "These people have been invited to your team and have been sent an invitation email. They may join the team by accepting the email invitation.": "Цих людей було запрощено до вашої команди і вони отримали лист із запрошенням. Вони можуть долучитись до команди якщо приймуть запрошення.",
    "This action is unauthorized.": "Ця дія несанкціонована.",
    "This device": "Цей пристрій",
    "This file field is read-only.": "This file field is read-only.",
    "This image": "This image",
    "This is a secure area of the application. Please confirm your password before continuing.": "Це захищена частина додатку. Будь ласка, підтвердіть ваш пароль, перед продовженням.",
    "This password does not match our records.": "Цей пароль не відповідає нашим записам.",
    "This password reset link will expire in :count minutes.": "Термін дії цього посилання для скидання пароля закінчується через :count хвилин.",
    "This payment was already successfully confirmed.": "This payment was already successfully confirmed.",
    "This payment was cancelled.": "This payment was cancelled.",
    "This resource no longer exists": "This resource no longer exists",
    "This user already belongs to the team.": "Цей користувач вже належить до команди.",
    "This user has already been invited to the team.": "Цього користувача вже було запрошено до команди.",
    "Timor-Leste": "Timor-Leste",
    "to": "до",
    "Today": "Today",
    "Toggle navigation": "Перемкнути меню",
    "Togo": "Togo",
    "Tokelau": "Tokelau",
    "Token Name": "Назва токена",
    "Tonga": "Tonga",
    "Too Many Attempts.": "Занадто багато спроб.",
    "Too Many Requests": "Забагато запитів",
    "total": "total",
    "Trashed": "Trashed",
    "Trinidad And Tobago": "Trinidad and Tobago",
    "Tunisia": "Tunisia",
    "Turkey": "Turkey",
    "Turkmenistan": "Turkmenistan",
    "Turks And Caicos Islands": "Turks and Caicos Islands",
    "Tuvalu": "Tuvalu",
    "Two Factor Authentication": "Двофакторна аутентифікація",
    "Two factor authentication is now enabled. Scan the following QR code using your phone's authenticator application.": "Двофакторна автентифікація тепер увімкнена. Відскануйте наступний QR-код за допомогою програми автентифікації вашого телефону.",
    "Uganda": "Uganda",
    "Ukraine": "Ukraine",
    "Unauthorized": "Неавторизований",
    "United Arab Emirates": "United Arab Emirates",
    "United Kingdom": "United Kingdom",
    "United States": "United States",
    "United States Outlying Islands": "U.S. Outlying Islands",
    "Update": "Update",
    "Update & Continue Editing": "Update & Continue Editing",
    "Update :resource": "Update :resource",
    "Update :resource: :title": "Update :resource: :title",
    "Update attached :resource: :title": "Update attached :resource: :title",
    "Update Password": "Оновити пароль",
    "Update your account's profile information and email address.": "Оновіть дані профілю свого облікового запису та електронну адресу.",
    "Uruguay": "Uruguay",
    "Use a recovery code": "Використовуйте код відновлення",
    "Use an authentication code": "Використовуйте код автентифікації",
    "Uzbekistan": "Uzbekistan",
    "Value": "Value",
    "Vanuatu": "Vanuatu",
    "Venezuela": "Venezuela",
    "Verify Email Address": "Підтвердьте адресу електронної пошти",
    "Verify Your Email Address": "Підтвердьте свою адресу електронної пошти",
    "Viet Nam": "Vietnam",
    "View": "View",
    "Virgin Islands, British": "British Virgin Islands",
    "Virgin Islands, U.S.": "U.S. Virgin Islands",
    "Wallis And Futuna": "Wallis and Futuna",
    "We were unable to find a registered user with this email address.": "Нам не вдалося знайти зареєстрованого користувача з цією електронною адресою.",
    "We won't ask for your password again for a few hours.": "Ми не будемо запитувати ваш пароль знову протягом кількох годин.",
    "We're lost in space. The page you were trying to view does not exist.": "We're lost in space. The page you were trying to view does not exist.",
    "Welcome Back!": "Welcome Back!",
    "Western Sahara": "Western Sahara",
    "When two factor authentication is enabled, you will be prompted for a secure, random token during authentication. You may retrieve this token from your phone's Google Authenticator application.": "Коли увімкнено двофакторну автентифікацію то під час автентифікації вам буде запропоновано ввести безпечний випадковий токен. Ви можете отримати цей токен із програми Google Authenticator на своєму телефоні.",
    "Whoops": "Whoops",
    "Whoops!": "Ой!",
    "Whoops! Something went wrong.": "Ой! Щось пішло не так.",
    "With Trashed": "With Trashed",
    "Write": "Write",
    "Year To Date": "Year To Date",
    "Yemen": "Yemen",
    "Yes": "Yes",
    "You are logged in!": "Ви увійшли в систему",
    "You are receiving this email because we received a password reset request for your account.": "Ви отримали цей електронний лист, оскільки ми отримали запит на скидання паролю для вашого облікового запису.",
    "You have been invited to join the :team team!": "Вас запрошено долучитись до команди :team!",
    "You have enabled two factor authentication.": "Ви ввімкнули двофакторну автентифікацію.",
    "You have not enabled two factor authentication.": "Ви не ввімкнули двофакторну автентифікацію.",
    "You may delete any of your existing tokens if they are no longer needed.": "Ви можете видалити будь-який з існуючих токенів, якщо вони більше не потрібні.",
    "You may not delete your personal team.": "Ви не можете видалити свою особисту команду.",
    "You may not leave a team that you created.": "Ви не можете залишити створену вами команду.",
    "Your email address is not verified.": "Ваша електронна адреса не підтверджена.",
    "Zambia": "Zambia",
    "Zimbabwe": "Zimbabwe"
}
