{
    "30 Days": "30 Days",
    "60 Days": "60 Days",
    "90 Days": "90 Days",
    ":amount Total": ":amount Total",
    ":resource Details": ":resource Details",
    ":resource Details: :title": ":resource Details: :title",
    "A fresh verification link has been sent to your email address.": "新的验证链接已发送到您的 E-mail。",
    "A new verification link has been sent to the email address you provided during registration.": "一个新的验证链接已经发送至您在注册时提供的电子邮件地址。",
    "Accept Invitation": "接受邀请",
    "Action": "Action",
    "Action Happened At": "Happened At",
    "Action Initiated By": "Initiated By",
    "Action Name": "Name",
    "Action Status": "Status",
    "Action Target": "Target",
    "Actions": "Actions",
    "Add": "添加",
    "Add a new team member to your team, allowing them to collaborate with you.": "添加一个新的团队成员到你的团队，让他们与你合作。",
    "Add additional security to your account using two factor authentication.": "使用双因素认证为您的账户添加额外的安全性。",
    "Add row": "Add row",
    "Add Team Member": "添加团队成员",
    "Added.": "已添加。",
    "Administrator": "管理员",
    "Administrator users can perform any action.": "管理员用户可以执行任何操作。",
    "Afghanistan": "Afghanistan",
    "Aland Islands": "Åland Islands",
    "Albania": "Albania",
    "Algeria": "Algeria",
    "All of the people that are part of this team.": "所有的人都是这个团队的一部分。",
    "All resources loaded.": "All resources loaded.",
    "All rights reserved.": "版权所有。",
    "Already registered?": "已注册？",
    "American Samoa": "American Samoa",
    "An error occured while uploading the file.": "An error occured while uploading the file.",
    "Andorra": "Andorra",
    "Angola": "Angola",
    "Anguilla": "Anguilla",
    "Another user has updated this resource since this page was loaded. Please refresh the page and try again.": "Another user has updated this resource since this page was loaded. Please refresh the page and try again.",
    "Antarctica": "Antarctica",
    "Antigua And Barbuda": "Antigua and Barbuda",
    "API Token": "API Token",
    "API Token Permissions": "API Token 权限",
    "API Tokens": "API Tokens",
    "API tokens allow third-party services to authenticate with our application on your behalf.": "API Token 允许第三方服务代表您与我们的应用程序进行认证。",
    "April": "April",
    "Are you sure you want to delete the selected resources?": "Are you sure you want to delete the selected resources?",
    "Are you sure you want to delete this file?": "Are you sure you want to delete this file?",
    "Are you sure you want to delete this resource?": "Are you sure you want to delete this resource?",
    "Are you sure you want to delete this team? Once a team is deleted, all of its resources and data will be permanently deleted.": "你确定要删除这个团队吗？一旦一个团队被删除，它的所有资源和数据将被永久删除。",
    "Are you sure you want to delete your account? Once your account is deleted, all of its resources and data will be permanently deleted. Please enter your password to confirm you would like to permanently delete your account.": "您确定要删除您的账户吗？一旦您的账户被删除，其所有资源和数据将被永久删除。请输入您的密码，确认您要永久删除您的账户。",
    "Are you sure you want to detach the selected resources?": "Are you sure you want to detach the selected resources?",
    "Are you sure you want to detach this resource?": "Are you sure you want to detach this resource?",
    "Are you sure you want to force delete the selected resources?": "Are you sure you want to force delete the selected resources?",
    "Are you sure you want to force delete this resource?": "Are you sure you want to force delete this resource?",
    "Are you sure you want to restore the selected resources?": "Are you sure you want to restore the selected resources?",
    "Are you sure you want to restore this resource?": "Are you sure you want to restore this resource?",
    "Are you sure you want to run this action?": "Are you sure you want to run this action?",
    "Are you sure you would like to delete this API token?": "你确定要删除这个 API token 吗？",
    "Are you sure you would like to leave this team?": "你确定要离开这个团队吗？",
    "Are you sure you would like to remove this person from the team?": "你确定要把这个人从团队中删除吗？",
    "Argentina": "Argentina",
    "Armenia": "Armenia",
    "Aruba": "Aruba",
    "Attach": "Attach",
    "Attach & Attach Another": "Attach & Attach Another",
    "Attach :resource": "Attach :resource",
    "August": "August",
    "Australia": "Australia",
    "Austria": "Austria",
    "Azerbaijan": "Azerbaijan",
    "Bahamas": "Bahamas",
    "Bahrain": "Bahrain",
    "Bangladesh": "Bangladesh",
    "Barbados": "Barbados",
    "Before proceeding, please check your email for a verification link.": "在继续之前请先验证您的 E-mail。",
    "Belarus": "Belarus",
    "Belgium": "Belgium",
    "Belize": "Belize",
    "Benin": "Benin",
    "Bermuda": "Bermuda",
    "Bhutan": "Bhutan",
    "Bolivia": "Bolivia",
    "Bonaire, Sint Eustatius and Saba": "Bonaire, Sint Eustatius and Saba",
    "Bosnia And Herzegovina": "Bosnia and Herzegovina",
    "Botswana": "Botswana",
    "Bouvet Island": "Bouvet Island",
    "Brazil": "Brazil",
    "British Indian Ocean Territory": "British Indian Ocean Territory",
    "Browser Sessions": "浏览器会话",
    "Brunei Darussalam": "Brunei",
    "Bulgaria": "Bulgaria",
    "Burkina Faso": "Burkina Faso",
    "Burundi": "Burundi",
    "Cambodia": "Cambodia",
    "Cameroon": "Cameroon",
    "Canada": "Canada",
    "Cancel": "取消",
    "Cape Verde": "Cape Verde",
    "Card": "卡片",
    "Cayman Islands": "Cayman Islands",
    "Central African Republic": "Central African Republic",
    "Chad": "Chad",
    "Changes": "Changes",
    "Chile": "Chile",
    "China": "China",
    "Choose": "Choose",
    "Choose :field": "Choose :field",
    "Choose :resource": "Choose :resource",
    "Choose an option": "Choose an option",
    "Choose date": "Choose date",
    "Choose File": "Choose File",
    "Choose Type": "Choose Type",
    "Christmas Island": "Christmas Island",
    "click here to request another": "点击重新发送 E-mail",
    "Click to choose": "Click to choose",
    "Close": "关闭",
    "Cocos (Keeling) Islands": "Cocos (Keeling) Islands",
    "Code": "验证码",
    "Colombia": "Colombia",
    "Comoros": "Comoros",
    "Confirm": "确认",
    "Confirm Password": "确认密码",
    "Confirm Payment": "确认支付",
    "Confirm your :amount payment": "确认你的 :amount 支付信息",
    "Congo": "Congo",
    "Congo, Democratic Republic": "Congo, Democratic Republic",
    "Constant": "Constant",
    "Cook Islands": "Cook Islands",
    "Costa Rica": "Costa Rica",
    "Cote D'Ivoire": "Côte d'Ivoire",
    "could not be found.": "could not be found.",
    "Create": "创建",
    "Create & Add Another": "Create & Add Another",
    "Create :resource": "Create :resource",
    "Create a new team to collaborate with others on projects.": "创建一个新的团队，与他人合作开展项目。",
    "Create Account": "创建账户",
    "Create API Token": "创建 API Token",
    "Create New Team": "创建新的团队",
    "Create Team": "创建团队",
    "Created.": "已创建。",
    "Croatia": "Croatia",
    "Cuba": "Cuba",
    "Curaçao": "Curaçao",
    "Current Password": "当前密码",
    "Customize": "Customize",
    "Cyprus": "Cyprus",
    "Czech Republic": "Czechia",
    "Dashboard": "控制面板",
    "December": "December",
    "Decrease": "Decrease",
    "Delete": "删除",
    "Delete Account": "删除账户",
    "Delete API Token": "删除 API Token",
    "Delete File": "Delete File",
    "Delete Resource": "Delete Resource",
    "Delete Selected": "Delete Selected",
    "Delete Team": "删除团队",
    "Denmark": "Denmark",
    "Detach": "Detach",
    "Detach Resource": "Detach Resource",
    "Detach Selected": "Detach Selected",
    "Details": "Details",
    "Disable": "禁用",
    "Djibouti": "Djibouti",
    "Do you really want to leave? You have unsaved changes.": "Do you really want to leave? You have unsaved changes.",
    "Dominica": "Dominica",
    "Dominican Republic": "Dominican Republic",
    "Done.": "已完成。",
    "Download": "Download",
    "E-Mail Address": "E-mail",
    "Ecuador": "Ecuador",
    "Edit": "Edit",
    "Edit :resource": "Edit :resource",
    "Edit Attached": "Edit Attached",
    "Editor": "编辑者",
    "Editor users have the ability to read, create, and update.": "编辑者可以阅读、创建和更新。",
    "Egypt": "Egypt",
    "El Salvador": "El Salvador",
    "Email": "Email",
    "Email Address": "Email Address",
    "Email Password Reset Link": "电子邮件密码重置链接",
    "Enable": "启用",
    "Ensure your account is using a long, random password to stay secure.": "确保你的账户使用足够长且随机的密码来保证安全。",
    "Equatorial Guinea": "Equatorial Guinea",
    "Eritrea": "Eritrea",
    "Estonia": "Estonia",
    "Ethiopia": "Ethiopia",
    "Extra confirmation is needed to process your payment. Please confirm your payment by filling out your payment details below.": "需要额外的确认以处理您的付款。请通过在下面填写您的付款详细信息来确认您的付款。",
    "Extra confirmation is needed to process your payment. Please continue to the payment page by clicking on the button below.": "需要额外的确认以处理您的付款。 请点击下面的按钮进入付款页面。",
    "Falkland Islands (Malvinas)": "Falkland Islands (Malvinas)",
    "Faroe Islands": "Faroe Islands",
    "February": "February",
    "Fiji": "Fiji",
    "Finland": "Finland",
    "For your security, please confirm your password to continue.": "为了您的安全，请确认您的密码以继续。",
    "Forbidden": "访问被拒绝",
    "Force Delete": "Force Delete",
    "Force Delete Resource": "Force Delete Resource",
    "Force Delete Selected": "Force Delete Selected",
    "Forgot Your Password?": "忘记密码？",
    "Forgot your password?": "忘记密码？",
    "Forgot your password? No problem. Just let us know your email address and we will email you a password reset link that will allow you to choose a new one.": "忘记密码？没关系。输入您的电子邮件地址，我们将通过电子邮件向您发送密码重置链接，让您重置一个新的密码。",
    "France": "France",
    "French Guiana": "French Guiana",
    "French Polynesia": "French Polynesia",
    "French Southern Territories": "French Southern Territories",
    "Full name": "全称",
    "Gabon": "Gabon",
    "Gambia": "Gambia",
    "Georgia": "Georgia",
    "Germany": "Germany",
    "Ghana": "Ghana",
    "Gibraltar": "Gibraltar",
    "Go back": "返回",
    "Go Home": "回首页",
    "Go to page :page": "前往第 :page 页",
    "Great! You have accepted the invitation to join the :team team.": "太好了，您已接受了加入团队「:team」的邀请。",
    "Greece": "Greece",
    "Greenland": "Greenland",
    "Grenada": "Grenada",
    "Guadeloupe": "Guadeloupe",
    "Guam": "Guam",
    "Guatemala": "Guatemala",
    "Guernsey": "Guernsey",
    "Guinea": "Guinea",
    "Guinea-Bissau": "Guinea-Bissau",
    "Guyana": "Guyana",
    "Haiti": "Haiti",
    "Heard Island & Mcdonald Islands": "Heard Island and McDonald Islands",
    "Hello!": "您好！",
    "Hide Content": "Hide Content",
    "Hold Up!": "Hold Up!",
    "Holy See (Vatican City State)": "Vatican City",
    "Honduras": "Honduras",
    "Hong Kong": "Hong Kong",
    "Hungary": "Hungary",
    "I agree to the :terms_of_service and :privacy_policy": "我同意 :terms_of_service 和 :privacy_policy",
    "Iceland": "Iceland",
    "ID": "ID",
    "If necessary, you may log out of all of your other browser sessions across all of your devices. Some of your recent sessions are listed below; however, this list may not be exhaustive. If you feel your account has been compromised, you should also update your password.": "如有必要，您可以注销您其他设备上所有的浏览器会话。下面列出了您最近的一些会话，但是，这个列表可能并不详尽。如果您认为您的账户已被入侵，您还应该更新您的密码。",
    "If necessary, you may logout of all of your other browser sessions across all of your devices. Some of your recent sessions are listed below; however, this list may not be exhaustive. If you feel your account has been compromised, you should also update your password.": "如有必要，您可以注销您其他设备上所有的浏览器会话。下面列出了您最近的一些会话，但是，这个列表可能并不详尽。如果您认为您的账户已被入侵，您还应该更新您的密码。",
    "If you already have an account, you may accept this invitation by clicking the button below:": "如果您已经有一个账户，您可以通过点击下面的按钮接受这个邀请：",
    "If you did not create an account, no further action is required.": "如果您未注册帐号，请忽略此邮件。",
    "If you did not expect to receive an invitation to this team, you may discard this email.": "如果你没有想到会收到这个团队的邀请，你可以丢弃这封邮件。",
    "If you did not receive the email": "如果您没有收到",
    "If you did not request a password reset, no further action is required.": "如果您未申请重设密码，请忽略此邮件。",
    "If you do not have an account, you may create one by clicking the button below. After creating an account, you may click the invitation acceptance button in this email to accept the team invitation:": "如果您还没有账号，可以点击下面的按钮创建一个账号。创建账户后，您可以点击此邮件中的邀请接受按钮，接受团队邀请：",
    "If you’re having trouble clicking the \":actionText\" button, copy and paste the URL below\ninto your web browser:": "如果您点击「:actionText」按钮时出现问题，请复制下方链接到浏览器中访问：",
    "Increase": "Increase",
    "India": "India",
    "Indonesia": "Indonesia",
    "Invalid signature.": "签名无效",
    "Iran, Islamic Republic Of": "Iran",
    "Iraq": "Iraq",
    "Ireland": "Ireland",
    "Isle Of Man": "Isle of Man",
    "Israel": "Israel",
    "Italy": "Italy",
    "Jamaica": "Jamaica",
    "January": "January",
    "Japan": "Japan",
    "Jersey": "Jersey",
    "Jordan": "Jordan",
    "July": "July",
    "June": "June",
    "Kazakhstan": "Kazakhstan",
    "Kenya": "Kenya",
    "Key": "Key",
    "Kiribati": "Kiribati",
    "Korea": "South Korea",
    "Korea, Democratic People's Republic of": "North Korea",
    "Kosovo": "Kosovo",
    "Kuwait": "Kuwait",
    "Kyrgyzstan": "Kyrgyzstan",
    "Lao People's Democratic Republic": "Laos",
    "Last active": "上次活跃",
    "Last used": "上次使用",
    "Latvia": "Latvia",
    "Leave": "离开",
    "Leave Team": "离开团队",
    "Lebanon": "Lebanon",
    "Lens": "Lens",
    "Lesotho": "Lesotho",
    "Liberia": "Liberia",
    "Libyan Arab Jamahiriya": "Libya",
    "Liechtenstein": "Liechtenstein",
    "Lithuania": "Lithuania",
    "Load :perPage More": "Load :perPage More",
    "Log in": "登录",
    "Log out": "注销",
    "Log Out": "注销",
    "Log Out Other Browser Sessions": "注销其他浏览器的会话",
    "Login": "登录",
    "Logout": "注销",
    "Logout Other Browser Sessions": "注销其他浏览器的会话",
    "Luxembourg": "Luxembourg",
    "Macao": "Macao",
    "Macedonia": "North Macedonia",
    "Madagascar": "Madagascar",
    "Malawi": "Malawi",
    "Malaysia": "Malaysia",
    "Maldives": "Maldives",
    "Mali": "Mali",
    "Malta": "Malta",
    "Manage Account": "管理账户",
    "Manage and log out your active sessions on other browsers and devices.": "管理和注销您在其他浏览器和设备上的活动会话。",
    "Manage and logout your active sessions on other browsers and devices.": "管理和注销您在其他浏览器和设备上的活动会话。",
    "Manage API Tokens": "管理 API Token",
    "Manage Role": "管理角色",
    "Manage Team": "管理团队",
    "March": "March",
    "Marshall Islands": "Marshall Islands",
    "Martinique": "Martinique",
    "Mauritania": "Mauritania",
    "Mauritius": "Mauritius",
    "May": "May",
    "Mayotte": "Mayotte",
    "Mexico": "Mexico",
    "Micronesia, Federated States Of": "Micronesia",
    "Moldova": "Moldova",
    "Monaco": "Monaco",
    "Mongolia": "Mongolia",
    "Montenegro": "Montenegro",
    "Month To Date": "Month To Date",
    "Montserrat": "Montserrat",
    "Morocco": "Morocco",
    "Mozambique": "Mozambique",
    "Myanmar": "Myanmar",
    "Name": "姓名",
    "Namibia": "Namibia",
    "Nauru": "Nauru",
    "Nepal": "Nepal",
    "Netherlands": "Netherlands",
    "Nevermind": "没关系",
    "New": "New",
    "New :resource": "New :resource",
    "New Caledonia": "New Caledonia",
    "New Password": "新的密码",
    "New Zealand": "New Zealand",
    "Next": "Next",
    "Nicaragua": "Nicaragua",
    "Niger": "Niger",
    "Nigeria": "Nigeria",
    "Niue": "Niue",
    "No": "No",
    "No :resource matched the given criteria.": "No :resource matched the given criteria.",
    "No additional information...": "No additional information...",
    "No Current Data": "No Current Data",
    "No Data": "No Data",
    "no file selected": "no file selected",
    "No Increase": "No Increase",
    "No Prior Data": "No Prior Data",
    "No Results Found.": "No Results Found.",
    "Norfolk Island": "Norfolk Island",
    "Northern Mariana Islands": "Northern Mariana Islands",
    "Norway": "Norway",
    "Not Found": "页面不存在",
    "Nova User": "Nova User",
    "November": "November",
    "October": "October",
    "of": "于",
    "Oh no": "不好了",
    "Oman": "Oman",
    "Once a team is deleted, all of its resources and data will be permanently deleted. Before deleting this team, please download any data or information regarding this team that you wish to retain.": "一旦团队被删除，其所有资源和数据将被永久删除。在删除该团队之前，请下载您希望保留的有关该团队的任何数据或信息。",
    "Once your account is deleted, all of its resources and data will be permanently deleted. Before deleting your account, please download any data or information that you wish to retain.": "一旦您的账户被删除，其所有资源和数据将被永久删除。在删除您的账户之前，请下载您希望保留的任何数据或信息。",
    "Only Trashed": "Only Trashed",
    "Original": "Original",
    "Page Expired": "页面会话已超时",
    "Pagination Navigation": "分页导航",
    "Pakistan": "Pakistan",
    "Palau": "Palau",
    "Palestinian Territory, Occupied": "Palestinian Territories",
    "Panama": "Panama",
    "Papua New Guinea": "Papua New Guinea",
    "Paraguay": "Paraguay",
    "Password": "密码",
    "Pay :amount": "支付 :amount",
    "Payment Cancelled": "支付已经取消",
    "Payment Confirmation": "支付信息确认",
    "Payment Successful": "支付成功",
    "Pending Team Invitations": "待处理的团队邀请函",
    "Per Page": "Per Page",
    "Permanently delete this team.": "永久删除此团队",
    "Permanently delete your account.": "永久删除您的账户",
    "Permissions": "权限",
    "Peru": "Peru",
    "Philippines": "Philippines",
    "Photo": "照片",
    "Pitcairn": "Pitcairn Islands",
    "Please click the button below to verify your email address.": "请点击下面按钮验证您的 E-mail：",
    "Please confirm access to your account by entering one of your emergency recovery codes.": "请输入您的紧急恢复代码以访问您的账户。",
    "Please confirm access to your account by entering the authentication code provided by your authenticator application.": "请输入您的验证器应用程序提供的验证码以访问您的账户。",
    "Please confirm your password before continuing.": "如要继续操作，请先确认密码。",
    "Please copy your new API token. For your security, it won't be shown again.": "请复制你的新 API token。为了您的安全，它不会再被显示出来。",
    "Please enter your password to confirm you would like to log out of your other browser sessions across all of your devices.": "请输入您的密码，以确认您要注销您其他设备上的浏览器会话。",
    "Please enter your password to confirm you would like to logout of your other browser sessions across all of your devices.": "请输入您的密码，以确认您要注销您其他设备上的浏览器会话。",
    "Please provide the email address of the person you would like to add to this team.": "请提供您想加入这个团队的人的电子邮件地址。",
    "Please provide the email address of the person you would like to add to this team. The email address must be associated with an existing account.": "请提供您想加入这个团队的人的电子邮件地址。该电子邮件地址必须是已注册用户。",
    "Please provide your name.": "请提供你的名字。",
    "Poland": "Poland",
    "Portugal": "Portugal",
    "Press \/ to search": "Press \/ to search",
    "Preview": "Preview",
    "Previous": "Previous",
    "Privacy Policy": "隐私政策",
    "Profile": "资料",
    "Profile Information": "账户资料",
    "Puerto Rico": "Puerto Rico",
    "Qatar": "Qatar",
    "Quarter To Date": "Quarter To Date",
    "Recovery Code": "恢复代码",
    "Regards": "致敬",
    "Regenerate Recovery Codes": "重新生成恢复代码",
    "Register": "注册",
    "Reload": "Reload",
    "Remember me": "记住我",
    "Remember Me": "记住我",
    "Remove": "移除",
    "Remove Photo": "移除照片",
    "Remove Team Member": "移除团队成员",
    "Resend Verification Email": "重新发送验证邮件",
    "Reset Filters": "Reset Filters",
    "Reset Password": "重设密码",
    "Reset Password Notification": "重设密码通知",
    "resource": "resource",
    "Resources": "Resources",
    "resources": "resources",
    "Restore": "Restore",
    "Restore Resource": "Restore Resource",
    "Restore Selected": "Restore Selected",
    "results": "结果",
    "Reunion": "Réunion",
    "Role": "角色",
    "Romania": "Romania",
    "Run Action": "Run Action",
    "Russian Federation": "Russian Federation",
    "Rwanda": "Rwanda",
    "Saint Barthelemy": "St. Barthélemy",
    "Saint Helena": "St. Helena",
    "Saint Kitts And Nevis": "St. Kitts and Nevis",
    "Saint Lucia": "St. Lucia",
    "Saint Martin": "St. Martin",
    "Saint Pierre And Miquelon": "St. Pierre and Miquelon",
    "Saint Vincent And Grenadines": "St. Vincent and Grenadines",
    "Samoa": "Samoa",
    "San Marino": "San Marino",
    "Sao Tome And Principe": "São Tomé and Príncipe",
    "Saudi Arabia": "Saudi Arabia",
    "Save": "保存",
    "Saved.": "已保存。",
    "Search": "Search",
    "Select A New Photo": "选择新的照片",
    "Select Action": "Select Action",
    "Select All": "Select All",
    "Select All Matching": "Select All Matching",
    "Send Password Reset Link": "发送重设密码链接",
    "Senegal": "Senegal",
    "September": "September",
    "Serbia": "Serbia",
    "Server Error": "服务器错误",
    "Service Unavailable": "暂时不提供服务",
    "Seychelles": "Seychelles",
    "Show All Fields": "Show All Fields",
    "Show Content": "Show Content",
    "Show Recovery Codes": "显示恢复代码",
    "Showing": "显示中",
    "Sierra Leone": "Sierra Leone",
    "Singapore": "Singapore",
    "Sint Maarten (Dutch part)": "Sint Maarten",
    "Slovakia": "Slovakia",
    "Slovenia": "Slovenia",
    "Solomon Islands": "Solomon Islands",
    "Somalia": "Somalia",
    "Something went wrong.": "Something went wrong.",
    "Sorry! You are not authorized to perform this action.": "Sorry! You are not authorized to perform this action.",
    "Sorry, your session has expired.": "Sorry, your session has expired.",
    "South Africa": "South Africa",
    "South Georgia And Sandwich Isl.": "South Georgia and South Sandwich Islands",
    "South Sudan": "South Sudan",
    "Spain": "Spain",
    "Sri Lanka": "Sri Lanka",
    "Start Polling": "Start Polling",
    "Stop Polling": "Stop Polling",
    "Store these recovery codes in a secure password manager. They can be used to recover access to your account if your two factor authentication device is lost.": "将这些恢复码存储在一个安全的密码管理器中。如果您的双因素验证设备丢失，它们可以用来恢复对您账户的访问。",
    "Sudan": "Sudan",
    "Suriname": "Suriname",
    "Svalbard And Jan Mayen": "Svalbard and Jan Mayen",
    "Swaziland": "Eswatini",
    "Sweden": "Sweden",
    "Switch Teams": "选择团队",
    "Switzerland": "Switzerland",
    "Syrian Arab Republic": "Syria",
    "Taiwan": "Taiwan",
    "Tajikistan": "Tajikistan",
    "Tanzania": "Tanzania",
    "Team Details": "团队详情",
    "Team Invitation": "团队邀请",
    "Team Members": "团队成员",
    "Team Name": "团队名称",
    "Team Owner": "团队拥有者",
    "Team Settings": "团队设置",
    "Terms of Service": "服务条款",
    "Thailand": "Thailand",
    "Thanks for signing up! Before getting started, could you verify your email address by clicking on the link we just emailed to you? If you didn't receive the email, we will gladly send you another.": "谢谢你的注册！在开始之前，在开始之前，您可以通过点击我们刚刚给您发送的链接来验证您的电子邮件地址，如果您没有收到邮件，我们将很乐意再给您发送一封邮件。",
    "The :attribute must be a valid role.": ":attribute 不是正确的角色。",
    "The :attribute must be at least :length characters and contain at least one number.": ":attribute 至少为 :length 个字符且至少包含一个数字。",
    "The :attribute must be at least :length characters and contain at least one special character and one number.": ":attribute 长度至少 :length 位并且至少必须包含一个特殊字符和一个数字。",
    "The :attribute must be at least :length characters and contain at least one special character.": ":attribute 至少为 :length 个字符且至少包含一个特殊字符。",
    "The :attribute must be at least :length characters and contain at least one uppercase character and one number.": ":attribute 至少为 :length 个字符且至少包含一个大写字母和一个数字。",
    "The :attribute must be at least :length characters and contain at least one uppercase character and one special character.": ":attribute 至少为 :length 个字符且至少包含一个大写字母和一个特殊字符。",
    "The :attribute must be at least :length characters and contain at least one uppercase character, one number, and one special character.": ":attribute 至少为 :length 个字符且至少包含一个大写字母、一个数字和一个特殊字符。",
    "The :attribute must be at least :length characters and contain at least one uppercase character.": ":attribute 至少为 :length 个字符且至少包含一个大写字母。",
    "The :attribute must be at least :length characters.": ":attribute 至少为 :length 个字符",
    "The :resource was created!": "The :resource was created!",
    "The :resource was deleted!": "The :resource was deleted!",
    "The :resource was restored!": "The :resource was restored!",
    "The :resource was updated!": "The :resource was updated!",
    "The action ran successfully!": "The action ran successfully!",
    "The file was deleted!": "The file was deleted!",
    "The government won't let us show you what's behind these doors": "The government won't let us show you what's behind these doors",
    "The HasOne relationship has already been filled.": "The HasOne relationship has already been filled.",
    "The payment was successful.": "账单支付成功。",
    "The provided password does not match your current password.": "当前密码不正确",
    "The provided password was incorrect.": "密码错误",
    "The provided two factor authentication code was invalid.": "双因素认证代码错误",
    "The resource was updated!": "The resource was updated!",
    "The team's name and owner information.": "团队名称和拥有者信息。",
    "There are no available options for this resource.": "There are no available options for this resource.",
    "There was a problem executing the action.": "There was a problem executing the action.",
    "There was a problem submitting the form.": "There was a problem submitting the form.",
    "These people have been invited to your team and have been sent an invitation email. They may join the team by accepting the email invitation.": "这些人已被邀请加入您的团队，并已收到一封邀请邮件。他们可以通过接受电子邮件邀请加入团队。",
    "This action is unauthorized.": "权限不足。",
    "This device": "当前设备",
    "This file field is read-only.": "This file field is read-only.",
    "This image": "This image",
    "This is a secure area of the application. Please confirm your password before continuing.": "请在继续之前确认您的密码。",
    "This password does not match our records.": "密码不正确",
    "This password reset link will expire in :count minutes.": "这个重设密码链接将会在 :count 分钟后失效。",
    "This payment was already successfully confirmed.": "付款已经成功确认。",
    "This payment was cancelled.": "支付已经取消。",
    "This resource no longer exists": "This resource no longer exists",
    "This user already belongs to the team.": "此用户已经在团队中",
    "This user has already been invited to the team.": "该用户已经被邀请加入团队。",
    "Timor-Leste": "Timor-Leste",
    "to": "至",
    "Today": "Today",
    "Toggle navigation": "切换导航",
    "Togo": "Togo",
    "Tokelau": "Tokelau",
    "Token Name": "Token 名称",
    "Tonga": "Tonga",
    "Too Many Attempts.": "尝试次数过多。",
    "Too Many Requests": "请求次数过多。",
    "total": "total",
    "Trashed": "Trashed",
    "Trinidad And Tobago": "Trinidad and Tobago",
    "Tunisia": "Tunisia",
    "Turkey": "Turkey",
    "Turkmenistan": "Turkmenistan",
    "Turks And Caicos Islands": "Turks and Caicos Islands",
    "Tuvalu": "Tuvalu",
    "Two Factor Authentication": "双因素认证",
    "Two factor authentication is now enabled. Scan the following QR code using your phone's authenticator application.": "现在已启用双因素认证。使用您手机的验证程序扫描以下二维码。",
    "Uganda": "Uganda",
    "Ukraine": "Ukraine",
    "Unauthorized": "未授权",
    "United Arab Emirates": "United Arab Emirates",
    "United Kingdom": "United Kingdom",
    "United States": "United States",
    "United States Outlying Islands": "U.S. Outlying Islands",
    "Update": "Update",
    "Update & Continue Editing": "Update & Continue Editing",
    "Update :resource": "Update :resource",
    "Update :resource: :title": "Update :resource: :title",
    "Update attached :resource: :title": "Update attached :resource: :title",
    "Update Password": "更新密码",
    "Update your account's profile information and email address.": "更新您的账户资料和电子邮件地址。",
    "Uruguay": "Uruguay",
    "Use a recovery code": "使用恢复代码",
    "Use an authentication code": "使用验证码",
    "Uzbekistan": "Uzbekistan",
    "Value": "Value",
    "Vanuatu": "Vanuatu",
    "Venezuela": "Venezuela",
    "Verify Email Address": "验证 E-mail",
    "Verify Your Email Address": "验证 E-mail",
    "Viet Nam": "Vietnam",
    "View": "View",
    "Virgin Islands, British": "British Virgin Islands",
    "Virgin Islands, U.S.": "U.S. Virgin Islands",
    "Wallis And Futuna": "Wallis and Futuna",
    "We were unable to find a registered user with this email address.": "我们无法找到这个电子邮件地址的注册用户。",
    "We won't ask for your password again for a few hours.": "确认完成后，接下来几个小时内您不需再输入密码。",
    "We're lost in space. The page you were trying to view does not exist.": "We're lost in space. The page you were trying to view does not exist.",
    "Welcome Back!": "Welcome Back!",
    "Western Sahara": "Western Sahara",
    "When two factor authentication is enabled, you will be prompted for a secure, random token during authentication. You may retrieve this token from your phone's Google Authenticator application.": "当启用双因素认证时，在认证过程中会提示您输入一个安全的随机令牌。您可以从手机的 Google Authenticator 应用程序中获取此令牌。",
    "Whoops": "Whoops",
    "Whoops!": "哎呀！",
    "Whoops! Something went wrong.": "哎呀！出了点问题",
    "With Trashed": "With Trashed",
    "Write": "Write",
    "Year To Date": "Year To Date",
    "Yemen": "Yemen",
    "Yes": "Yes",
    "You are logged in!": "您已登录！",
    "You are receiving this email because we received a password reset request for your account.": "您收到此电子邮件是因为我们收到了您帐户的密码重设请求。",
    "You have been invited to join the :team team!": "您已被邀请加入「:team」团队!",
    "You have enabled two factor authentication.": "你已经启用了双因素认证。",
    "You have not enabled two factor authentication.": "你还没有启用双因素认证。",
    "You may delete any of your existing tokens if they are no longer needed.": "如果不再需要，您可以删除任何现有的 token。",
    "You may not delete your personal team.": "您不能删除您的个人团队。",
    "You may not leave a team that you created.": "你不能离开你创建的团队。",
    "Your email address is not verified.": "您的电子邮件尚未验证通过。",
    "Zambia": "Zambia",
    "Zimbabwe": "Zimbabwe"
}
