{
    "30 Days": "30 Days",
    "60 Days": "60 Days",
    "90 Days": "90 Days",
    ":amount Total": ":amount Total",
    ":resource Details": ":resource Details",
    ":resource Details: :title": ":resource Details: :title",
    "A fresh verification link has been sent to your email address.": "新的驗證鏈接已發送到您的 E-mail。",
    "A new verification link has been sent to the email address you provided during registration.": "一個新的驗證鏈接已經發送至您在註冊時提供的電子郵件地址。",
    "Accept Invitation": "接受邀請",
    "Action": "Action",
    "Action Happened At": "Happened At",
    "Action Initiated By": "Initiated By",
    "Action Name": "Name",
    "Action Status": "Status",
    "Action Target": "Target",
    "Actions": "Actions",
    "Add": "添加",
    "Add a new team member to your team, allowing them to collaborate with you.": "添加一個新的團隊成員到你的團隊，讓他們與你合作。",
    "Add additional security to your account using two factor authentication.": "使用雙因素認證為您的賬戶添加額外的安全性。",
    "Add row": "Add row",
    "Add Team Member": "添加團隊成員",
    "Added.": "已添加。",
    "Administrator": "管理員",
    "Administrator users can perform any action.": "管理員用戶可以執行任何操作。",
    "Afghanistan": "Afghanistan",
    "Aland Islands": "Åland Islands",
    "Albania": "Albania",
    "Algeria": "Algeria",
    "All of the people that are part of this team.": "所有的人都是這個團隊的一部分。",
    "All resources loaded.": "All resources loaded.",
    "All rights reserved.": "版權所有。",
    "Already registered?": "已註冊？",
    "American Samoa": "American Samoa",
    "An error occured while uploading the file.": "An error occured while uploading the file.",
    "Andorra": "Andorra",
    "Angola": "Angola",
    "Anguilla": "Anguilla",
    "Another user has updated this resource since this page was loaded. Please refresh the page and try again.": "Another user has updated this resource since this page was loaded. Please refresh the page and try again.",
    "Antarctica": "Antarctica",
    "Antigua And Barbuda": "Antigua and Barbuda",
    "API Token": "API Token",
    "API Token Permissions": "API Token 權限",
    "API Tokens": "API Tokens",
    "API tokens allow third-party services to authenticate with our application on your behalf.": "API Token 允許第三方服務代表您與我們的應用程序進行認證。",
    "April": "April",
    "Are you sure you want to delete the selected resources?": "Are you sure you want to delete the selected resources?",
    "Are you sure you want to delete this file?": "Are you sure you want to delete this file?",
    "Are you sure you want to delete this resource?": "Are you sure you want to delete this resource?",
    "Are you sure you want to delete this team? Once a team is deleted, all of its resources and data will be permanently deleted.": "你確定要刪除這個團隊嗎？一旦一個團隊被刪除，它的所有資源和數據將被永久刪除。",
    "Are you sure you want to delete your account? Once your account is deleted, all of its resources and data will be permanently deleted. Please enter your password to confirm you would like to permanently delete your account.": "您確定要刪除您的賬戶嗎？一旦您的賬戶被刪除，其所有資源和數據將被永久刪除。請輸入您的密碼，確認您要永久刪除您的賬戶。",
    "Are you sure you want to detach the selected resources?": "Are you sure you want to detach the selected resources?",
    "Are you sure you want to detach this resource?": "Are you sure you want to detach this resource?",
    "Are you sure you want to force delete the selected resources?": "Are you sure you want to force delete the selected resources?",
    "Are you sure you want to force delete this resource?": "Are you sure you want to force delete this resource?",
    "Are you sure you want to restore the selected resources?": "Are you sure you want to restore the selected resources?",
    "Are you sure you want to restore this resource?": "Are you sure you want to restore this resource?",
    "Are you sure you want to run this action?": "Are you sure you want to run this action?",
    "Are you sure you would like to delete this API token?": "你確定要刪除這個 API token 嗎？",
    "Are you sure you would like to leave this team?": "你確定要離開這個團隊嗎？",
    "Are you sure you would like to remove this person from the team?": "你確定要把這個人從團隊中刪除嗎？",
    "Argentina": "Argentina",
    "Armenia": "Armenia",
    "Aruba": "Aruba",
    "Attach": "Attach",
    "Attach & Attach Another": "Attach & Attach Another",
    "Attach :resource": "Attach :resource",
    "August": "August",
    "Australia": "Australia",
    "Austria": "Austria",
    "Azerbaijan": "Azerbaijan",
    "Bahamas": "Bahamas",
    "Bahrain": "Bahrain",
    "Bangladesh": "Bangladesh",
    "Barbados": "Barbados",
    "Before proceeding, please check your email for a verification link.": "在繼續之前請先驗證您的 E-mail。",
    "Belarus": "Belarus",
    "Belgium": "Belgium",
    "Belize": "Belize",
    "Benin": "Benin",
    "Bermuda": "Bermuda",
    "Bhutan": "Bhutan",
    "Bolivia": "Bolivia",
    "Bonaire, Sint Eustatius and Saba": "Bonaire, Sint Eustatius and Saba",
    "Bosnia And Herzegovina": "Bosnia and Herzegovina",
    "Botswana": "Botswana",
    "Bouvet Island": "Bouvet Island",
    "Brazil": "Brazil",
    "British Indian Ocean Territory": "British Indian Ocean Territory",
    "Browser Sessions": "瀏覽器會話",
    "Brunei Darussalam": "Brunei",
    "Bulgaria": "Bulgaria",
    "Burkina Faso": "Burkina Faso",
    "Burundi": "Burundi",
    "Cambodia": "Cambodia",
    "Cameroon": "Cameroon",
    "Canada": "Canada",
    "Cancel": "取消",
    "Cape Verde": "Cape Verde",
    "Card": "卡片",
    "Cayman Islands": "Cayman Islands",
    "Central African Republic": "Central African Republic",
    "Chad": "Chad",
    "Changes": "Changes",
    "Chile": "Chile",
    "China": "China",
    "Choose": "Choose",
    "Choose :field": "Choose :field",
    "Choose :resource": "Choose :resource",
    "Choose an option": "Choose an option",
    "Choose date": "Choose date",
    "Choose File": "Choose File",
    "Choose Type": "Choose Type",
    "Christmas Island": "Christmas Island",
    "click here to request another": "點擊重新發送 E-mail",
    "Click to choose": "Click to choose",
    "Close": "關閉",
    "Cocos (Keeling) Islands": "Cocos (Keeling) Islands",
    "Code": "驗證碼",
    "Colombia": "Colombia",
    "Comoros": "Comoros",
    "Confirm": "確認",
    "Confirm Password": "確認密碼",
    "Confirm Payment": "確認支付",
    "Confirm your :amount payment": "確認你的 :amount 支付信息",
    "Congo": "Congo",
    "Congo, Democratic Republic": "Congo, Democratic Republic",
    "Constant": "Constant",
    "Cook Islands": "Cook Islands",
    "Costa Rica": "Costa Rica",
    "Cote D'Ivoire": "Côte d'Ivoire",
    "could not be found.": "could not be found.",
    "Create": "創建",
    "Create & Add Another": "Create & Add Another",
    "Create :resource": "Create :resource",
    "Create a new team to collaborate with others on projects.": "創建一個新的團隊，與他人合作開展項目。",
    "Create Account": "創建賬戶",
    "Create API Token": "創建 API Token",
    "Create New Team": "創建新的團隊",
    "Create Team": "創建團隊",
    "Created.": "已創建。",
    "Croatia": "Croatia",
    "Cuba": "Cuba",
    "Curaçao": "Curaçao",
    "Current Password": "當前密碼",
    "Customize": "Customize",
    "Cyprus": "Cyprus",
    "Czech Republic": "Czechia",
    "Dashboard": "控制面板",
    "December": "December",
    "Decrease": "Decrease",
    "Delete": "刪除",
    "Delete Account": "刪除賬戶",
    "Delete API Token": "刪除 API Token",
    "Delete File": "Delete File",
    "Delete Resource": "Delete Resource",
    "Delete Selected": "Delete Selected",
    "Delete Team": "刪除團隊",
    "Denmark": "Denmark",
    "Detach": "Detach",
    "Detach Resource": "Detach Resource",
    "Detach Selected": "Detach Selected",
    "Details": "Details",
    "Disable": "禁用",
    "Djibouti": "Djibouti",
    "Do you really want to leave? You have unsaved changes.": "Do you really want to leave? You have unsaved changes.",
    "Dominica": "Dominica",
    "Dominican Republic": "Dominican Republic",
    "Done.": "已完成。",
    "Download": "Download",
    "E-Mail Address": "E-mail",
    "Ecuador": "Ecuador",
    "Edit": "Edit",
    "Edit :resource": "Edit :resource",
    "Edit Attached": "Edit Attached",
    "Editor": "編輯者",
    "Editor users have the ability to read, create, and update.": "編輯者可以閱讀、創建和更新。",
    "Egypt": "Egypt",
    "El Salvador": "El Salvador",
    "Email": "Email",
    "Email Address": "Email Address",
    "Email Password Reset Link": "電子郵件密碼重置鏈接",
    "Enable": "啟用",
    "Ensure your account is using a long, random password to stay secure.": "確保你的賬戶使用足夠長且隨機的密碼來保證安全。",
    "Equatorial Guinea": "Equatorial Guinea",
    "Eritrea": "Eritrea",
    "Estonia": "Estonia",
    "Ethiopia": "Ethiopia",
    "Extra confirmation is needed to process your payment. Please confirm your payment by filling out your payment details below.": "需要額外的確認以處理您的付款。請通過在下面填寫您的付款詳細信息來確認您的付款。",
    "Extra confirmation is needed to process your payment. Please continue to the payment page by clicking on the button below.": "需要額外的確認以處理您的付款。 請點擊下面的按鈕進入付款頁面。",
    "Falkland Islands (Malvinas)": "Falkland Islands (Malvinas)",
    "Faroe Islands": "Faroe Islands",
    "February": "February",
    "Fiji": "Fiji",
    "Finland": "Finland",
    "For your security, please confirm your password to continue.": "為了您的安全，請確認您的密碼以繼續。",
    "Forbidden": "訪問被拒絕",
    "Force Delete": "Force Delete",
    "Force Delete Resource": "Force Delete Resource",
    "Force Delete Selected": "Force Delete Selected",
    "Forgot Your Password?": "忘記密碼？",
    "Forgot your password?": "忘記密碼？",
    "Forgot your password? No problem. Just let us know your email address and we will email you a password reset link that will allow you to choose a new one.": "忘記密碼？沒關係。輸入您的電子郵件地址，我們將通過電子郵件向您發送密碼重置鏈接，讓您重置一個新的密碼。",
    "France": "France",
    "French Guiana": "French Guiana",
    "French Polynesia": "French Polynesia",
    "French Southern Territories": "French Southern Territories",
    "Full name": "全稱",
    "Gabon": "Gabon",
    "Gambia": "Gambia",
    "Georgia": "Georgia",
    "Germany": "Germany",
    "Ghana": "Ghana",
    "Gibraltar": "Gibraltar",
    "Go back": "返回",
    "Go Home": "回首頁",
    "Go to page :page": "前往第 :page 頁",
    "Great! You have accepted the invitation to join the :team team.": "太好了，您已接受了加入團隊「:team」的邀請。 ",
    "Greece": "Greece",
    "Greenland": "Greenland",
    "Grenada": "Grenada",
    "Guadeloupe": "Guadeloupe",
    "Guam": "Guam",
    "Guatemala": "Guatemala",
    "Guernsey": "Guernsey",
    "Guinea": "Guinea",
    "Guinea-Bissau": "Guinea-Bissau",
    "Guyana": "Guyana",
    "Haiti": "Haiti",
    "Heard Island & Mcdonald Islands": "Heard Island and McDonald Islands",
    "Hello!": "您好！",
    "Hide Content": "Hide Content",
    "Hold Up!": "Hold Up!",
    "Holy See (Vatican City State)": "Vatican City",
    "Honduras": "Honduras",
    "Hong Kong": "Hong Kong",
    "Hungary": "Hungary",
    "I agree to the :terms_of_service and :privacy_policy": "我同意 :terms_of_service 和 :privacy_policy",
    "Iceland": "Iceland",
    "ID": "ID",
    "If necessary, you may log out of all of your other browser sessions across all of your devices. Some of your recent sessions are listed below; however, this list may not be exhaustive. If you feel your account has been compromised, you should also update your password.": "如有必要，您可以註銷您其他設備上的所有瀏覽器會話。下面列出了您最近的一些會話，但是，這個列表可能並不詳盡。如果您認為您的賬戶已被入侵，您還應該更新您的密碼。",
    "If necessary, you may logout of all of your other browser sessions across all of your devices. Some of your recent sessions are listed below; however, this list may not be exhaustive. If you feel your account has been compromised, you should also update your password.": "如有必要，您可以註銷您其他設備上的所有瀏覽器會話。下面列出了您最近的一些會話，但是，這個列表可能並不詳盡。如果您認為您的賬戶已被入侵，您還應該更新您的密碼。",
    "If you already have an account, you may accept this invitation by clicking the button below:": "如果您已经有一个账户，您可以通过点击下面的按钮接受这个邀请：",
    "If you did not create an account, no further action is required.": "如果您未註冊帳號，請忽略此郵件。",
    "If you did not expect to receive an invitation to this team, you may discard this email.": "如果你没有想到会收到这个团队的邀请，你可以丢弃这封邮件。",
    "If you did not receive the email": "如果您沒有收到",
    "If you did not request a password reset, no further action is required.": "如果您未申請重設密碼，請忽略此郵件。",
    "If you do not have an account, you may create one by clicking the button below. After creating an account, you may click the invitation acceptance button in this email to accept the team invitation:": "如果您还没有账号，可以点击下面的按钮创建一个账号。创建账户后，您可以点击此邮件中的邀请接受按钮，接受团队邀请：",
    "If you’re having trouble clicking the \":actionText\" button, copy and paste the URL below\ninto your web browser:": "如果您點擊「:actionText」按鈕時出現問題，請複制下方鏈接到瀏覽器中訪問：",
    "Increase": "Increase",
    "India": "India",
    "Indonesia": "Indonesia",
    "Invalid signature.": "簽名無效",
    "Iran, Islamic Republic Of": "Iran",
    "Iraq": "Iraq",
    "Ireland": "Ireland",
    "Isle Of Man": "Isle of Man",
    "Israel": "Israel",
    "Italy": "Italy",
    "Jamaica": "Jamaica",
    "January": "January",
    "Japan": "Japan",
    "Jersey": "Jersey",
    "Jordan": "Jordan",
    "July": "July",
    "June": "June",
    "Kazakhstan": "Kazakhstan",
    "Kenya": "Kenya",
    "Key": "Key",
    "Kiribati": "Kiribati",
    "Korea": "South Korea",
    "Korea, Democratic People's Republic of": "North Korea",
    "Kosovo": "Kosovo",
    "Kuwait": "Kuwait",
    "Kyrgyzstan": "Kyrgyzstan",
    "Lao People's Democratic Republic": "Laos",
    "Last active": "上次活躍",
    "Last used": "上次使用",
    "Latvia": "Latvia",
    "Leave": "離開",
    "Leave Team": "離開團隊",
    "Lebanon": "Lebanon",
    "Lens": "Lens",
    "Lesotho": "Lesotho",
    "Liberia": "Liberia",
    "Libyan Arab Jamahiriya": "Libya",
    "Liechtenstein": "Liechtenstein",
    "Lithuania": "Lithuania",
    "Load :perPage More": "Load :perPage More",
    "Log in": "登錄",
    "Log out": "註銷",
    "Log Out": "註銷",
    "Log Out Other Browser Sessions": "註銷其他瀏覽器會話",
    "Login": "登錄",
    "Logout": "註銷",
    "Logout Other Browser Sessions": "註銷其他瀏覽器會話",
    "Luxembourg": "Luxembourg",
    "Macao": "Macao",
    "Macedonia": "North Macedonia",
    "Madagascar": "Madagascar",
    "Malawi": "Malawi",
    "Malaysia": "Malaysia",
    "Maldives": "Maldives",
    "Mali": "Mali",
    "Malta": "Malta",
    "Manage Account": "管理賬戶",
    "Manage and log out your active sessions on other browsers and devices.": "管理和註銷您在其他瀏覽器和設備上的活動會話。",
    "Manage and logout your active sessions on other browsers and devices.": "管理和註銷您在其他瀏覽器和設備上的活動會話。",
    "Manage API Tokens": "管理 API Token",
    "Manage Role": "管理角色",
    "Manage Team": "管理團隊",
    "March": "March",
    "Marshall Islands": "Marshall Islands",
    "Martinique": "Martinique",
    "Mauritania": "Mauritania",
    "Mauritius": "Mauritius",
    "May": "May",
    "Mayotte": "Mayotte",
    "Mexico": "Mexico",
    "Micronesia, Federated States Of": "Micronesia",
    "Moldova": "Moldova",
    "Monaco": "Monaco",
    "Mongolia": "Mongolia",
    "Montenegro": "Montenegro",
    "Month To Date": "Month To Date",
    "Montserrat": "Montserrat",
    "Morocco": "Morocco",
    "Mozambique": "Mozambique",
    "Myanmar": "Myanmar",
    "Name": "姓名",
    "Namibia": "Namibia",
    "Nauru": "Nauru",
    "Nepal": "Nepal",
    "Netherlands": "Netherlands",
    "Nevermind": "沒關係",
    "New": "New",
    "New :resource": "New :resource",
    "New Caledonia": "New Caledonia",
    "New Password": "新的密碼",
    "New Zealand": "New Zealand",
    "Next": "Next",
    "Nicaragua": "Nicaragua",
    "Niger": "Niger",
    "Nigeria": "Nigeria",
    "Niue": "Niue",
    "No": "No",
    "No :resource matched the given criteria.": "No :resource matched the given criteria.",
    "No additional information...": "No additional information...",
    "No Current Data": "No Current Data",
    "No Data": "No Data",
    "no file selected": "no file selected",
    "No Increase": "No Increase",
    "No Prior Data": "No Prior Data",
    "No Results Found.": "No Results Found.",
    "Norfolk Island": "Norfolk Island",
    "Northern Mariana Islands": "Northern Mariana Islands",
    "Norway": "Norway",
    "Not Found": "頁面不存在",
    "Nova User": "Nova User",
    "November": "November",
    "October": "October",
    "of": "於",
    "Oh no": "不好了",
    "Oman": "Oman",
    "Once a team is deleted, all of its resources and data will be permanently deleted. Before deleting this team, please download any data or information regarding this team that you wish to retain.": "一旦團隊被刪除，其所有資源和數據將被永久刪除。在刪除該團隊之前，請下載您希望保留的有關該團隊的任何數據或信息。",
    "Once your account is deleted, all of its resources and data will be permanently deleted. Before deleting your account, please download any data or information that you wish to retain.": "一旦您的賬戶被刪除，其所有資源和數據將被永久刪除。在刪除您的賬戶之前，請下載您希望保留的任何數據或信息。",
    "Only Trashed": "Only Trashed",
    "Original": "Original",
    "Page Expired": "頁面會話已超時",
    "Pagination Navigation": "分頁導航",
    "Pakistan": "Pakistan",
    "Palau": "Palau",
    "Palestinian Territory, Occupied": "Palestinian Territories",
    "Panama": "Panama",
    "Papua New Guinea": "Papua New Guinea",
    "Paraguay": "Paraguay",
    "Password": "密碼",
    "Pay :amount": "支付 :amount",
    "Payment Cancelled": "支付已經取消",
    "Payment Confirmation": "支付信息確認",
    "Payment Successful": "支付成功",
    "Pending Team Invitations": "待處理的團隊邀請函",
    "Per Page": "Per Page",
    "Permanently delete this team.": "永久刪除此團隊",
    "Permanently delete your account.": "永久刪除您的賬戶",
    "Permissions": "權限",
    "Peru": "Peru",
    "Philippines": "Philippines",
    "Photo": "照片",
    "Pitcairn": "Pitcairn Islands",
    "Please click the button below to verify your email address.": "請點擊下面按鈕驗證您的 E-mail：",
    "Please confirm access to your account by entering one of your emergency recovery codes.": "請輸入您的緊急恢復代碼以訪問您的賬戶。",
    "Please confirm access to your account by entering the authentication code provided by your authenticator application.": "請輸入您的驗證器應用程序提供的驗證碼以訪問您的賬戶。",
    "Please confirm your password before continuing.": "如要繼續操作，請先確認密碼。",
    "Please copy your new API token. For your security, it won't be shown again.": "請複制你的新 API token。為了您的安全，它不會再被顯示出來。",
    "Please enter your password to confirm you would like to log out of your other browser sessions across all of your devices.": "請輸入您的密碼，以確認您要註銷您所有設備上的其他瀏覽器會話。",
    "Please enter your password to confirm you would like to logout of your other browser sessions across all of your devices.": "請輸入您的密碼，以確認您要註銷您所有設備上的其他瀏覽器會話。",
    "Please provide the email address of the person you would like to add to this team.": "請提供您想加入這個團隊的人的電子郵件地址。",
    "Please provide the email address of the person you would like to add to this team. The email address must be associated with an existing account.": "請提供您想加入這個團隊的人的電子郵件地址。該電子郵件地址必須是已註冊用戶。",
    "Please provide your name.": "請提供你的名字。",
    "Poland": "Poland",
    "Portugal": "Portugal",
    "Press \/ to search": "Press \/ to search",
    "Preview": "Preview",
    "Previous": "Previous",
    "Privacy Policy": "隱私政策",
    "Profile": "資料",
    "Profile Information": "賬戶資料",
    "Puerto Rico": "Puerto Rico",
    "Qatar": "Qatar",
    "Quarter To Date": "Quarter To Date",
    "Recovery Code": "恢復代碼",
    "Regards": "致敬",
    "Regenerate Recovery Codes": "重新生成恢復代碼",
    "Register": "註冊",
    "Reload": "Reload",
    "Remember me": "記住我",
    "Remember Me": "記住我",
    "Remove": "移除",
    "Remove Photo": "移除照片",
    "Remove Team Member": "移除團隊成員",
    "Resend Verification Email": "重新發送驗證郵件",
    "Reset Filters": "Reset Filters",
    "Reset Password": "重設密碼",
    "Reset Password Notification": "重設密碼通知",
    "resource": "resource",
    "Resources": "Resources",
    "resources": "resources",
    "Restore": "Restore",
    "Restore Resource": "Restore Resource",
    "Restore Selected": "Restore Selected",
    "results": "結果",
    "Reunion": "Réunion",
    "Role": "角色",
    "Romania": "Romania",
    "Run Action": "Run Action",
    "Russian Federation": "Russian Federation",
    "Rwanda": "Rwanda",
    "Saint Barthelemy": "St. Barthélemy",
    "Saint Helena": "St. Helena",
    "Saint Kitts And Nevis": "St. Kitts and Nevis",
    "Saint Lucia": "St. Lucia",
    "Saint Martin": "St. Martin",
    "Saint Pierre And Miquelon": "St. Pierre and Miquelon",
    "Saint Vincent And Grenadines": "St. Vincent and Grenadines",
    "Samoa": "Samoa",
    "San Marino": "San Marino",
    "Sao Tome And Principe": "São Tomé and Príncipe",
    "Saudi Arabia": "Saudi Arabia",
    "Save": "保存",
    "Saved.": "已保存。",
    "Search": "Search",
    "Select A New Photo": "選擇新的照片",
    "Select Action": "Select Action",
    "Select All": "Select All",
    "Select All Matching": "Select All Matching",
    "Send Password Reset Link": "發送重設密碼鏈接",
    "Senegal": "Senegal",
    "September": "September",
    "Serbia": "Serbia",
    "Server Error": "服務器錯誤",
    "Service Unavailable": "暫時不提供服務",
    "Seychelles": "Seychelles",
    "Show All Fields": "Show All Fields",
    "Show Content": "Show Content",
    "Show Recovery Codes": "顯示恢復代碼",
    "Showing": "顯示中",
    "Sierra Leone": "Sierra Leone",
    "Singapore": "Singapore",
    "Sint Maarten (Dutch part)": "Sint Maarten",
    "Slovakia": "Slovakia",
    "Slovenia": "Slovenia",
    "Solomon Islands": "Solomon Islands",
    "Somalia": "Somalia",
    "Something went wrong.": "Something went wrong.",
    "Sorry! You are not authorized to perform this action.": "Sorry! You are not authorized to perform this action.",
    "Sorry, your session has expired.": "Sorry, your session has expired.",
    "South Africa": "South Africa",
    "South Georgia And Sandwich Isl.": "South Georgia and South Sandwich Islands",
    "South Sudan": "South Sudan",
    "Spain": "Spain",
    "Sri Lanka": "Sri Lanka",
    "Start Polling": "Start Polling",
    "Stop Polling": "Stop Polling",
    "Store these recovery codes in a secure password manager. They can be used to recover access to your account if your two factor authentication device is lost.": "將這些恢復碼存儲在一個安全的密碼管理器中。如果您的雙因素驗證設備丟失，它們可以用來恢復對您賬戶的訪問。",
    "Sudan": "Sudan",
    "Suriname": "Suriname",
    "Svalbard And Jan Mayen": "Svalbard and Jan Mayen",
    "Swaziland": "Eswatini",
    "Sweden": "Sweden",
    "Switch Teams": "選擇團隊",
    "Switzerland": "Switzerland",
    "Syrian Arab Republic": "Syria",
    "Taiwan": "Taiwan",
    "Tajikistan": "Tajikistan",
    "Tanzania": "Tanzania",
    "Team Details": "團隊詳情",
    "Team Invitation": "團隊邀請",
    "Team Members": "團隊成員",
    "Team Name": "團隊名稱",
    "Team Owner": "團隊擁有者",
    "Team Settings": "團隊設置",
    "Terms of Service": "服務條款",
    "Thailand": "Thailand",
    "Thanks for signing up! Before getting started, could you verify your email address by clicking on the link we just emailed to you? If you didn't receive the email, we will gladly send you another.": "謝謝你的註冊！在開始之前，在開始之前，您可以通過點擊我們剛剛給您發送的鏈接來驗證您的電子郵件地址，如果您沒有收到郵件，我們將很樂意再給您發送一封郵件。",
    "The :attribute must be a valid role.": ":attribute 不是正確的角色。",
    "The :attribute must be at least :length characters and contain at least one number.": ":attribute 至少為 :length 個字符且至少包含一個數字。",
    "The :attribute must be at least :length characters and contain at least one special character and one number.": ":attribute 長度至少 :length 位並且至少必須包含一個特殊字符和一個數字。",
    "The :attribute must be at least :length characters and contain at least one special character.": ":attribute 至少為 :length 個字符且至少包含一個特殊字符。",
    "The :attribute must be at least :length characters and contain at least one uppercase character and one number.": ":attribute 至少為 :length 個字符且至少包含一個大寫字母和一個數字。",
    "The :attribute must be at least :length characters and contain at least one uppercase character and one special character.": ":attribute 至少為 :length 個字符且至少包含一個大寫字母和一個特殊字符。",
    "The :attribute must be at least :length characters and contain at least one uppercase character, one number, and one special character.": ":attribute 至少為:length 個字符且至少包含一個大寫字母、一個數字和一個特殊字符。",
    "The :attribute must be at least :length characters and contain at least one uppercase character.": ":attribute 至少為 :length 個字符且至少包含一個大寫字母。",
    "The :attribute must be at least :length characters.": ":attribute 至少為 :length 個字符",
    "The :resource was created!": "The :resource was created!",
    "The :resource was deleted!": "The :resource was deleted!",
    "The :resource was restored!": "The :resource was restored!",
    "The :resource was updated!": "The :resource was updated!",
    "The action ran successfully!": "The action ran successfully!",
    "The file was deleted!": "The file was deleted!",
    "The government won't let us show you what's behind these doors": "The government won't let us show you what's behind these doors",
    "The HasOne relationship has already been filled.": "The HasOne relationship has already been filled.",
    "The payment was successful.": "賬單支付成功。",
    "The provided password does not match your current password.": "當前密碼不正確",
    "The provided password was incorrect.": "密碼錯誤",
    "The provided two factor authentication code was invalid.": "雙因素認證代碼錯誤",
    "The resource was updated!": "The resource was updated!",
    "The team's name and owner information.": "團隊名稱和擁有者信息。",
    "There are no available options for this resource.": "There are no available options for this resource.",
    "There was a problem executing the action.": "There was a problem executing the action.",
    "There was a problem submitting the form.": "There was a problem submitting the form.",
    "These people have been invited to your team and have been sent an invitation email. They may join the team by accepting the email invitation.": "這些人已被邀請加入您的團隊，並已收到一封邀請郵件。他們可以通過接受電子郵件邀請加入團隊。",
    "This action is unauthorized.": "權限不足。",
    "This device": "當前設備",
    "This file field is read-only.": "This file field is read-only.",
    "This image": "This image",
    "This is a secure area of the application. Please confirm your password before continuing.": "請在繼續之前確認您的密碼。",
    "This password does not match our records.": "密碼不正確",
    "This password reset link will expire in :count minutes.": "這個重設密碼鏈接將會在 :count 分鐘後失效。",
    "This payment was already successfully confirmed.": "付款已經成功確認。",
    "This payment was cancelled.": "支付已經取消。",
    "This resource no longer exists": "This resource no longer exists",
    "This user already belongs to the team.": "此用戶已經在團隊中",
    "This user has already been invited to the team.": "該用戶已經被邀請加入團隊。",
    "Timor-Leste": "Timor-Leste",
    "to": "至",
    "Today": "Today",
    "Toggle navigation": "切換導航",
    "Togo": "Togo",
    "Tokelau": "Tokelau",
    "Token Name": "Token 名稱",
    "Tonga": "Tonga",
    "Too Many Attempts.": "嘗試次數過多。",
    "Too Many Requests": "請求次數過多。",
    "total": "total",
    "Trashed": "Trashed",
    "Trinidad And Tobago": "Trinidad and Tobago",
    "Tunisia": "Tunisia",
    "Turkey": "Turkey",
    "Turkmenistan": "Turkmenistan",
    "Turks And Caicos Islands": "Turks and Caicos Islands",
    "Tuvalu": "Tuvalu",
    "Two Factor Authentication": "雙因素認證",
    "Two factor authentication is now enabled. Scan the following QR code using your phone's authenticator application.": "現在已啟用雙因素認證。使用您手機的驗證程序掃描以下二維碼。",
    "Uganda": "Uganda",
    "Ukraine": "Ukraine",
    "Unauthorized": "未授權",
    "United Arab Emirates": "United Arab Emirates",
    "United Kingdom": "United Kingdom",
    "United States": "United States",
    "United States Outlying Islands": "U.S. Outlying Islands",
    "Update": "Update",
    "Update & Continue Editing": "Update & Continue Editing",
    "Update :resource": "Update :resource",
    "Update :resource: :title": "Update :resource: :title",
    "Update attached :resource: :title": "Update attached :resource: :title",
    "Update Password": "更新密碼",
    "Update your account's profile information and email address.": "更新您的賬戶資料和電子郵件地址。",
    "Uruguay": "Uruguay",
    "Use a recovery code": "使用恢復代碼",
    "Use an authentication code": "使用驗證碼",
    "Uzbekistan": "Uzbekistan",
    "Value": "Value",
    "Vanuatu": "Vanuatu",
    "Venezuela": "Venezuela",
    "Verify Email Address": "驗證 E-mail",
    "Verify Your Email Address": "驗證 E-mail",
    "Viet Nam": "Vietnam",
    "View": "View",
    "Virgin Islands, British": "British Virgin Islands",
    "Virgin Islands, U.S.": "U.S. Virgin Islands",
    "Wallis And Futuna": "Wallis and Futuna",
    "We were unable to find a registered user with this email address.": "我們無法找到這個電子郵件地址的註冊用戶。",
    "We won't ask for your password again for a few hours.": "確認完成後，接下來幾個小時內您不需再輸入密碼。",
    "We're lost in space. The page you were trying to view does not exist.": "We're lost in space. The page you were trying to view does not exist.",
    "Welcome Back!": "Welcome Back!",
    "Western Sahara": "Western Sahara",
    "When two factor authentication is enabled, you will be prompted for a secure, random token during authentication. You may retrieve this token from your phone's Google Authenticator application.": "當啟用雙因素認證時，在認證過程中會提示您輸入一個安全的隨機令牌。您可以從手機的Google Authenticator 應用程序中獲取此令牌。",
    "Whoops": "Whoops",
    "Whoops!": "哎呀！",
    "Whoops! Something went wrong.": "哎呀！出了點問題",
    "With Trashed": "With Trashed",
    "Write": "Write",
    "Year To Date": "Year To Date",
    "Yemen": "Yemen",
    "Yes": "Yes",
    "You are logged in!": "您已登錄！",
    "You are receiving this email because we received a password reset request for your account.": "您收到此電子郵件是因為我們收到了您帳戶的密碼重設請求。",
    "You have been invited to join the :team team!": "您已被邀請加入「:team」團隊!",
    "You have enabled two factor authentication.": "你已經啟用了雙因素認證。",
    "You have not enabled two factor authentication.": "你還沒有啟用雙因素認證。",
    "You may delete any of your existing tokens if they are no longer needed.": "如果不再需要，您可以刪除任何現有的 token。",
    "You may not delete your personal team.": "您不能刪除您的個人團隊。",
    "You may not leave a team that you created.": "你不能離開你創建的團隊。",
    "Your email address is not verified.": "您的電子郵件尚未驗證通過。",
    "Zambia": "Zambia",
    "Zimbabwe": "Zimbabwe"
}
